类别,来源文件,文件里的位置,原文数字,"高程(1985黄海,m)",场景X,场景Z,位置怎么定的,在校园范围,在2019楼址内,FABDEM,旧地形,新地形,差:点-FABDEM-(+0.01),差:点-旧-(+0.01),差:点-新-(-0.01)
测量高程点,山大总图 -调整_t6.dwg,图层 地形,3.54,3.54,-340.35,952.31,测量点符号(gc200)的位置,False,False,,,,,,
测量高程点,山大总图 -调整_t6.dwg,图层 地形,3.50,3.5,-341.3,959.89,测量点符号(gc200)的位置,False,False,,,,,,
测量高程点,山大总图 -调整_t6.dwg,图层 地形,4.16,4.16,-299.04,947.43,数字左下方0.8 m处(附近没有测量点符号，按常见偏移推),False,False,,,,,,
测量高程点,山大总图 -调整_t6.dwg,图层 地形,3.72,3.72,-305.33,774.85,数字左下方0.8 m处(附近没有测量点符号，按常见偏移推),False,False,3.46,3.46,3.46,0.24,0.24,0.26
测量高程点,山大总图 -调整_t6.dwg,图层 地形,3.88,3.88,-311.81,741.0,数字左下方0.8 m处(附近没有测量点符号，按常见偏移推),False,False,3.4,3.4,3.4,0.46,0.46,0.48
测量高程点,山大总图 -调整_t6.dwg,图层 地形,3.70,3.7,-308.61,713.58,数字左下方0.8 m处(附近没有测量点符号，按常见偏移推),False,False,3.37,3.37,3.37,0.32,0.31,0.34
测量高程点,山大总图 -调整_t6.dwg,图层 地形,3.60,3.6,-359.47,934.94,数字左下方0.8 m处(附近没有测量点符号，按常见偏移推),False,False,,,,,,
测量高程点,山大总图 -调整_t6.dwg,图层 地形,3.41,3.41,-343.61,825.91,数字左下方0.8 m处(附近没有测量点符号，按常见偏移推),False,False,3.6,3.61,3.6,-0.21,-0.22,-0.19
测量高程点,山大总图 -调整_t6.dwg,图层 地形,4.16,4.16,-321.84,955.64,数字左下方0.8 m处(附近没有测量点符号，按常见偏移推),False,False,,,,,,
测量高程点,山大总图 -调整_t6.dwg,图层 地形,3.95,3.95,-353.39,938.97,数字左下方0.8 m处(附近没有测量点符号，按常见偏移推),False,False,,,,,,
测量高程点,山大总图 -调整_t6.dwg,图层 地形,4.15,4.15,-337.16,936.51,数字左下方0.8 m处(附近没有测量点符号，按常见偏移推),False,False,,,,,,
测量高程点,山大总图 -调整_t6.dwg,图层 地形,4.15,4.15,-323.69,933.6,数字左下方0.8 m处(附近没有测量点符号，按常见偏移推),False,False,,,,,,
测量高程点,山大总图 -调整_t6.dwg,图层 地形,4.17,4.17,-326.46,914.13,数字左下方0.8 m处(附近没有测量点符号，按常见偏移推),False,False,,,,,,
测量高程点,山大总图 -调整_t6.dwg,图层 地形,4.15,4.15,-348.76,918.31,数字左下方0.8 m处(附近没有测量点符号，按常见偏移推),False,False,,,,,,
测量高程点,山大总图 -调整_t6.dwg,图层 地形,3.62,3.62,-348.21,901.71,数字左下方0.8 m处(附近没有测量点符号，按常见偏移推),False,False,,,,,,
测量高程点,山大总图 -调整_t6.dwg,图层 地形,3.57,3.57,-311.59,899.5,数字左下方0.8 m处(附近没有测量点符号，按常见偏移推),False,False,,,,,,
测量高程点,山大总图 -调整_t6.dwg,图层 地形,3.77,3.77,-317.28,931.35,数字左下方0.8 m处(附近没有测量点符号，按常见偏移推),False,False,,,,,,
测量高程点,山大总图 -调整_t6.dwg,图层 地形,3.87,3.87,-320.67,913.17,数字左下方0.8 m处(附近没有测量点符号，按常见偏移推),False,False,,,,,,
测量高程点,山大总图 -调整_t6.dwg,图层 地形,3.86,3.86,-340.56,910.96,数字左下方0.8 m处(附近没有测量点符号，按常见偏移推),False,False,,,,,,
测量高程点,山大总图 -调整_t6.dwg,图层 地形,3.63,3.63,-361.92,941.58,数字左下方0.8 m处(附近没有测量点符号，按常见偏移推),False,False,,,,,,
测量高程点,山大总图 -调整_t6.dwg,图层 地形,3.62,3.62,-340.31,929.7,数字左下方0.8 m处(附近没有测量点符号，按常见偏移推),False,False,,,,,,
测量高程点,山大总图 -调整_t6.dwg,图层 地形,3.57,3.57,-360.07,928.82,数字左下方0.8 m处(附近没有测量点符号，按常见偏移推),False,False,,,,,,
测量高程点,山大总图 -调整_t6.dwg,图层 地形,3.61,3.61,-362.6,907.08,数字左下方0.8 m处(附近没有测量点符号，按常见偏移推),False,False,,,,,,
测量高程点,山大总图 -调整_t6.dwg,图层 地形,3.57,3.57,-350.77,889.34,数字左下方0.8 m处(附近没有测量点符号，按常见偏移推),False,False,,,,,,
测量高程点,山大总图 -调整_t6.dwg,图层 地形,3.58,3.58,-332.45,896.09,数字左下方0.8 m处(附近没有测量点符号，按常见偏移推),False,False,,,,,,
测量高程点,山大总图 -调整_t6.dwg,图层 地形,3.71,3.71,-316.57,886.86,数字左下方0.8 m处(附近没有测量点符号，按常见偏移推),False,False,,,,,,
测量高程点,山大总图 -调整_t6.dwg,图层 地形,3.36,3.36,-301.43,893.08,数字左下方0.8 m处(附近没有测量点符号，按常见偏移推),False,False,,,,,,
测量高程点,山大总图 -调整_t6.dwg,图层 地形,3.40,3.4,-301.03,945.21,数字左下方0.8 m处(附近没有测量点符号，按常见偏移推),False,False,,,,,,
测量高程点,山大总图 -调整_t6.dwg,图层 地形,3.69,3.69,-334.54,947.23,数字左下方0.8 m处(附近没有测量点符号，按常见偏移推),False,False,,,,,,
测量高程点,山大总图 -调整_t6.dwg,图层 地形,3.70,3.7,-342.83,878.46,数字左下方0.8 m处(附近没有测量点符号，按常见偏移推),False,False,,,,,,
测量高程点,山大总图 -调整_t6.dwg,图层 地形,3.70,3.7,-310.46,872.89,数字左下方0.8 m处(附近没有测量点符号，按常见偏移推),False,False,,,,,,
测量高程点,山大总图 -调整_t6.dwg,图层 地形,3.58,3.58,-299.47,866.82,数字左下方0.8 m处(附近没有测量点符号，按常见偏移推),False,False,,,,,,
测量高程点,山大总图 -调整_t6.dwg,图层 地形,3.53,3.53,-327.55,871.8,数字左下方0.8 m处(附近没有测量点符号，按常见偏移推),False,False,,,,,,
测量高程点,山大总图 -调整_t6.dwg,图层 地形,3.43,3.43,-356.11,819.64,数字左下方0.8 m处(附近没有测量点符号，按常见偏移推),False,False,3.54,3.58,3.54,-0.13,-0.17,-0.11
测量高程点,山大总图 -调整_t6.dwg,图层 地形,3.44,3.44,-328.14,809.17,数字左下方0.8 m处(附近没有测量点符号，按常见偏移推),False,False,3.61,3.64,3.61,-0.19,-0.21,-0.17
测量高程点,山大总图 -调整_t6.dwg,图层 地形,3.39,3.39,-354.23,806.5,数字左下方0.8 m处(附近没有测量点符号，按常见偏移推),False,False,3.52,3.59,3.52,-0.15,-0.21,-0.13
测量高程点,山大总图 -调整_t6.dwg,图层 地形,3.47,3.47,-348.36,789.9,数字左下方0.8 m处(附近没有测量点符号，按常见偏移推),False,False,3.52,3.52,3.52,-0.06,-0.06,-0.04
测量高程点,山大总图 -调整_t6.dwg,图层 地形,3.44,3.44,-328.82,792.91,数字左下方0.8 m处(附近没有测量点符号，按常见偏移推),False,False,3.51,3.54,3.51,-0.09,-0.11,-0.07
测量高程点,山大总图 -调整_t6.dwg,图层 地形,3.45,3.45,-309.83,811.81,数字左下方0.8 m处(附近没有测量点符号，按常见偏移推),False,False,3.6,3.61,3.6,-0.17,-0.17,-0.15
测量高程点,山大总图 -调整_t6.dwg,图层 地形,3.52,3.52,-310.22,794.61,数字左下方0.8 m处(附近没有测量点符号，按常见偏移推),False,False,3.51,3.59,3.51,-0.01,-0.08,0.01
测量高程点,山大总图 -调整_t6.dwg,图层 地形,3.56,3.56,-312.75,775.1,数字左下方0.8 m处(附近没有测量点符号，按常见偏移推),False,False,3.46,3.46,3.46,0.09,0.09,0.11
测量高程点,山大总图 -调整_t6.dwg,图层 地形,3.55,3.55,-334.98,774.04,数字左下方0.8 m处(附近没有测量点符号，按常见偏移推),False,False,3.47,3.47,3.47,0.07,0.07,0.09
测量高程点,山大总图 -调整_t6.dwg,图层 地形,3.63,3.63,-360.21,774.27,数字左下方0.8 m处(附近没有测量点符号，按常见偏移推),False,False,3.49,3.49,3.49,0.12,0.12,0.14
测量高程点,山大总图 -调整_t6.dwg,图层 地形,3.49,3.49,-346.91,758.07,数字左下方0.8 m处(附近没有测量点符号，按常见偏移推),False,False,3.44,3.44,3.44,0.03,0.03,0.05
测量高程点,山大总图 -调整_t6.dwg,图层 地形,3.61,3.61,-319.22,759.93,数字左下方0.8 m处(附近没有测量点符号，按常见偏移推),False,False,3.44,3.44,3.44,0.16,0.16,0.18
测量高程点,山大总图 -调整_t6.dwg,图层 地形,3.50,3.5,-335.66,745.1,数字左下方0.8 m处(附近没有测量点符号，按常见偏移推),False,False,3.41,3.41,3.41,0.07,0.07,0.09
测量高程点,山大总图 -调整_t6.dwg,图层 地形,3.42,3.42,-360.7,743.46,数字左下方0.8 m处(附近没有测量点符号，按常见偏移推),False,False,3.44,3.44,3.44,-0.03,-0.03,-0.01
测量高程点,山大总图 -调整_t6.dwg,图层 地形,3.46,3.46,-352.41,730.14,数字左下方0.8 m处(附近没有测量点符号，按常见偏移推),False,False,3.41,3.41,3.41,0.04,0.04,0.05
测量高程点,山大总图 -调整_t6.dwg,图层 地形,3.72,3.72,-331.06,730.61,数字左下方0.8 m处(附近没有测量点符号，按常见偏移推),False,False,3.39,3.39,3.39,0.32,0.32,0.34
测量高程点,山大总图 -调整_t6.dwg,图层 地形,3.76,3.76,-300.16,760.33,数字左下方0.8 m处(附近没有测量点符号，按常见偏移推),False,False,3.43,3.43,3.43,0.31,0.31,0.33
测量高程点,山大总图 -调整_t6.dwg,图层 地形,3.73,3.73,-301.0,785.8,数字左下方0.8 m处(附近没有测量点符号，按常见偏移推),False,False,3.49,3.49,3.49,0.22,0.22,0.24
测量高程点,山大总图 -调整_t6.dwg,图层 地形,3.83,3.83,-299.68,801.16,数字左下方0.8 m处(附近没有测量点符号，按常见偏移推),False,False,3.52,3.56,3.52,0.29,0.25,0.31
测量高程点,山大总图 -调整_t6.dwg,图层 地形,3.55,3.55,-334.71,824.05,数字左下方0.8 m处(附近没有测量点符号，按常见偏移推),False,False,3.65,3.63,3.65,-0.12,-0.1,-0.1
测量高程点,山大总图 -调整_t6.dwg,图层 地形,3.75,3.75,-315.5,716.82,数字左下方0.8 m处(附近没有测量点符号，按常见偏移推),False,False,3.37,3.37,3.37,0.36,0.36,0.38
测量高程点,山大总图 -调整_t6.dwg,图层 地形,3.64,3.64,-326.85,712.56,数字左下方0.8 m处(附近没有测量点符号，按常见偏移推),False,False,3.37,3.37,3.37,0.26,0.26,0.27
测量高程点,山大总图 -调整_t6.dwg,图层 地形,3.61,3.61,-345.15,713.54,数字左下方0.8 m处(附近没有测量点符号，按常见偏移推),False,False,3.38,3.38,3.38,0.21,0.22,0.23
测量高程点,山大总图 -调整_t6.dwg,图层 地形,3.21,3.21,-359.46,875.0,测量点符号(gc200)的位置,False,False,,,,,,
测量高程点,山大总图 -调整_t6.dwg,图层 地形,3.28,3.28,-330.71,864.01,测量点符号(gc200)的位置,False,False,,,,,,
测量高程点,山大总图 -调整_t6.dwg,图层 地形,3.34,3.34,-300.79,858.96,测量点符号(gc200)的位置,False,False,,,,,,
测量高程点,山大总图 -调整_t6.dwg,图层 地形,3.53,3.53,-321.73,846.14,测量点符号(gc200)的位置,False,False,,,,,,
测量高程点,山大总图 -调整_t6.dwg,图层 地形,3.54,3.54,-356.89,852.12,测量点符号(gc200)的位置,False,False,,,,,,
测量高程点,山大总图 -调整_t6.dwg,图层 地形,3.50,3.5,-292.71,817.06,数字左下方0.8 m处(附近没有测量点符号，按常见偏移推),False,False,3.54,3.57,3.54,-0.05,-0.08,-0.04
测量高程点,山大总图 -调整_t6.dwg,图层 地形,3.65,3.65,-295.51,793.81,数字左下方0.8 m处(附近没有测量点符号，按常见偏移推),False,False,3.51,3.55,3.51,0.13,0.09,0.14
测量高程点,山大总图 -调整_t6.dwg,图层 地形,3.68,3.68,-294.72,770.99,数字左下方0.8 m处(附近没有测量点符号，按常见偏移推),False,False,3.46,3.46,3.46,0.2,0.21,0.22
测量高程点,山大总图 -调整_t6.dwg,图层 地形,3.37,3.37,-295.21,893.21,数字左下方0.8 m处(附近没有测量点符号，按常见偏移推),False,False,,,,,,
测量高程点,山大总图 -调整_t6.dwg,图层 地形,2.44,2.44,-95.81,715.33,数字左下方0.8 m处(附近没有测量点符号，按常见偏移推),True,False,3.35,3.34,3.27,-0.92,-0.92,-0.83
测量高程点,山大总图 -调整_t6.dwg,图层 地形,4.07,4.07,-158.65,713.64,数字左下方0.8 m处(附近没有测量点符号，按常见偏移推),True,False,3.4,3.42,3.57,0.65,0.63,0.51
测量高程点,山大总图 -调整_t6.dwg,图层 地形,4.16,4.16,-174.64,713.35,数字左下方0.8 m处(附近没有测量点符号，按常见偏移推),True,False,3.42,3.42,3.57,0.73,0.72,0.6
测量高程点,山大总图 -调整_t6.dwg,图层 地形,4.12,4.12,-193.36,713.98,数字左下方0.8 m处(附近没有测量点符号，按常见偏移推),True,False,3.43,3.42,3.57,0.68,0.68,0.56
测量高程点,山大总图 -调整_t6.dwg,图层 地形,3.93,3.93,-217.13,714.94,数字左下方0.8 m处(附近没有测量点符号，按常见偏移推),True,False,3.39,3.38,3.33,0.53,0.54,0.6
测量高程点,山大总图 -调整_t6.dwg,图层 地形,3.68,3.68,-280.92,713.03,数字左下方0.8 m处(附近没有测量点符号，按常见偏移推),False,False,3.36,3.37,3.36,0.31,0.29,0.33
测量高程点,山大总图 -调整_t6.dwg,图层 地形,3.73,3.73,-259.79,717.95,数字左下方0.8 m处(附近没有测量点符号，按常见偏移推),False,False,3.37,3.37,3.37,0.34,0.34,0.36
测量高程点,山大总图 -调整_t6.dwg,图层 地形,4.67,4.67,-135.9,720.86,数字左下方0.8 m处(附近没有测量点符号，按常见偏移推),True,False,3.4,3.32,3.31,1.25,1.33,1.36
测量高程点,山大总图 -调整_t6.dwg,图层 地形,4.16,4.16,-139.51,713.28,数字左下方0.8 m处(附近没有测量点符号，按常见偏移推),True,False,3.39,3.35,3.3,0.76,0.8,0.86
测量高程点,山大总图 -调整_t6.dwg,图层 地形,2.27,2.27,-92.39,738.62,数字左下方0.8 m处(附近没有测量点符号，按常见偏移推),True,False,3.43,3.43,3.31,-1.17,-1.17,-1.04
测量高程点,山大总图 -调整_t6.dwg,图层 地形,2.46,2.46,-88.63,759.7,数字左下方0.8 m处(附近没有测量点符号，按常见偏移推),True,False,3.53,3.56,3.56,-1.08,-1.11,-1.1
测量高程点,山大总图 -调整_t6.dwg,图层 地形,3.08,3.08,-88.01,764.73,数字左下方0.8 m处(附近没有测量点符号，按常见偏移推),True,False,3.55,3.56,3.56,-0.48,-0.49,-0.48
测量高程点,山大总图 -调整_t6.dwg,图层 地形,3.10,3.1,-73.22,768.21,数字左下方0.8 m处(附近没有测量点符号，按常见偏移推),True,False,3.48,3.51,3.51,-0.4,-0.42,-0.4
测量高程点,山大总图 -调整_t6.dwg,图层 地形,3.19,3.19,-81.74,774.16,数字左下方0.8 m处(附近没有测量点符号，按常见偏移推),True,False,3.54,3.54,3.54,-0.37,-0.37,-0.35
测量高程点,山大总图 -调整_t6.dwg,图层 地形,2.33,2.33,-77.67,765.65,数字左下方0.8 m处(附近没有测量点符号，按常见偏移推),True,False,3.49,3.52,3.52,-1.18,-1.21,-1.19
测量高程点,山大总图 -调整_t6.dwg,图层 地形,2.14,2.14,-79.78,759.22,数字左下方0.8 m处(附近没有测量点符号，按常见偏移推),True,False,3.48,3.53,3.52,-1.35,-1.4,-1.38
测量高程点,山大总图 -调整_t6.dwg,图层 地形,2.26,2.26,-62.1,763.07,数字左下方0.8 m处(附近没有测量点符号，按常见偏移推),True,False,3.44,3.47,3.47,-1.2,-1.23,-1.21
测量高程点,山大总图 -调整_t6.dwg,图层 地形,3.10,3.1,-62.05,767.55,数字左下方0.8 m处(附近没有测量点符号，按常见偏移推),True,False,3.46,3.48,3.48,-0.37,-0.39,-0.37
测量高程点,山大总图 -调整_t6.dwg,图层 地形,3.11,3.11,-49.97,759.69,数字左下方0.8 m处(附近没有测量点符号，按常见偏移推),True,False,3.42,3.44,3.44,-0.33,-0.35,-0.33
测量高程点,山大总图 -调整_t6.dwg,图层 地形,2.20,2.2,-51.13,753.9,数字左下方0.8 m处(附近没有测量点符号，按常见偏移推),True,False,3.41,3.45,3.44,-1.22,-1.26,-1.24
测量高程点,山大总图 -调整_t6.dwg,图层 地形,3.30,3.3,-51.13,776.57,数字左下方0.8 m处(附近没有测量点符号，按常见偏移推),True,False,3.47,3.47,3.49,-0.19,-0.19,-0.18
测量高程点,山大总图 -调整_t6.dwg,图层 地形,3.27,3.27,-74.06,780.48,数字左下方0.8 m处(附近没有测量点符号，按常见偏移推),True,False,3.53,3.54,3.55,-0.28,-0.28,-0.28
测量高程点,山大总图 -调整_t6.dwg,图层 地形,3.43,3.43,-96.43,780.28,数字左下方0.8 m处(附近没有测量点符号，按常见偏移推),True,False,3.6,3.59,3.59,-0.19,-0.17,-0.15
测量高程点,山大总图 -调整_t6.dwg,图层 地形,3.43,3.43,-111.48,787.09,数字左下方0.8 m处(附近没有测量点符号，按常见偏移推),True,False,3.6,3.62,3.62,-0.19,-0.2,-0.19
测量高程点,山大总图 -调整_t6.dwg,图层 地形,3.37,3.37,-132.76,786.8,数字左下方0.8 m处(附近没有测量点符号，按常见偏移推),True,False,3.65,3.66,3.65,-0.3,-0.3,-0.27
测量高程点,山大总图 -调整_t6.dwg,图层 地形,3.48,3.48,-143.01,792.27,数字左下方0.8 m处(附近没有测量点符号，按常见偏移推),False,False,3.76,3.74,3.76,-0.29,-0.27,-0.27
测量高程点,山大总图 -调整_t6.dwg,图层 地形,3.60,3.6,-163.54,791.74,数字左下方0.8 m处(附近没有测量点符号，按常见偏移推),False,False,3.79,3.75,3.79,-0.21,-0.17,-0.19
测量高程点,山大总图 -调整_t6.dwg,图层 地形,3.60,3.6,-202.09,797.53,数字左下方0.8 m处(附近没有测量点符号，按常见偏移推),False,False,3.59,3.61,3.59,-0.0,-0.02,0.02
测量高程点,山大总图 -调整_t6.dwg,图层 地形,3.56,3.56,-274.3,810.1,数字左下方0.8 m处(附近没有测量点符号，按常见偏移推),False,False,3.54,3.54,3.54,0.01,0.01,0.03
测量高程点,山大总图 -调整_t6.dwg,图层 地形,3.59,3.59,-273.18,797.86,数字左下方0.8 m处(附近没有测量点符号，按常见偏移推),False,False,3.52,3.54,3.52,0.05,0.04,0.07
测量高程点,山大总图 -调整_t6.dwg,图层 地形,3.57,3.57,-277.1,779.53,数字左下方0.8 m处(附近没有测量点符号，按常见偏移推),False,False,3.49,3.49,3.49,0.07,0.07,0.09
测量高程点,山大总图 -调整_t6.dwg,图层 地形,3.64,3.64,-250.51,768.39,数字左下方0.8 m处(附近没有测量点符号，按常见偏移推),False,False,3.48,3.47,3.48,0.15,0.15,0.17
测量高程点,山大总图 -调整_t6.dwg,图层 地形,3.60,3.6,-218.52,787.44,数字左下方0.8 m处(附近没有测量点符号，按常见偏移推),False,False,3.54,3.58,3.54,0.04,0.01,0.06
测量高程点,山大总图 -调整_t6.dwg,图层 地形,3.62,3.62,-215.18,780.78,数字左下方0.8 m处(附近没有测量点符号，按常见偏移推),False,False,3.55,3.59,3.55,0.06,0.02,0.08
测量高程点,山大总图 -调整_t6.dwg,图层 地形,3.77,3.77,-221.9,760.63,数字左下方0.8 m处(附近没有测量点符号，按常见偏移推),False,False,3.48,3.48,3.48,0.28,0.28,0.3
测量高程点,山大总图 -调整_t6.dwg,图层 地形,3.71,3.71,-282.59,726.85,数字左下方0.8 m处(附近没有测量点符号，按常见偏移推),False,False,3.38,3.37,3.38,0.32,0.32,0.33
测量高程点,山大总图 -调整_t6.dwg,图层 地形,3.89,3.89,-208.8,736.56,数字左下方0.8 m处(附近没有测量点符号，按常见偏移推),False,False,3.44,3.44,3.44,0.43,0.44,0.45
测量高程点,山大总图 -调整_t6.dwg,图层 地形,4.10,4.1,-179.48,726.78,数字左下方0.8 m处(附近没有测量点符号，按常见偏移推),False,False,3.43,3.42,3.43,0.66,0.66,0.68
测量高程点,山大总图 -调整_t6.dwg,图层 地形,3.89,3.89,-136.84,751.44,数字左下方0.8 m处(附近没有测量点符号，按常见偏移推),True,False,3.48,3.48,3.39,0.39,0.39,0.51
测量高程点,山大总图 -调整_t6.dwg,图层 地形,3.57,3.57,-122.73,770.73,数字左下方0.8 m处(附近没有测量点符号，按常见偏移推),True,False,3.55,3.61,3.61,0.0,-0.05,-0.03
测量高程点,山大总图 -调整_t6.dwg,图层 地形,3.51,3.51,-100.34,764.34,数字左下方0.8 m处(附近没有测量点符号，按常见偏移推),True,False,3.59,3.59,3.59,-0.09,-0.09,-0.07
测量高程点,山大总图 -调整_t6.dwg,图层 地形,3.77,3.77,-95.62,748.32,数字左下方0.8 m处(附近没有测量点符号，按常见偏移推),True,False,3.49,3.49,3.38,0.26,0.26,0.4
测量高程点,山大总图 -调整_t6.dwg,图层 地形,3.85,3.85,-99.97,724.53,数字左下方0.8 m处(附近没有测量点符号，按常见偏移推),True,False,3.37,3.33,3.29,0.46,0.51,0.57
测量高程点,山大总图 -调整_t6.dwg,图层 地形,3.72,3.72,-154.06,772.8,数字左下方0.8 m处(附近没有测量点符号，按常见偏移推),False,False,3.61,3.73,3.61,0.1,-0.02,0.12
测量高程点,山大总图 -调整_t6.dwg,图层 地形,3.74,3.74,-203.98,773.61,数字左下方0.8 m处(附近没有测量点符号，按常见偏移推),False,False,3.61,3.61,3.61,0.11,0.11,0.13
测量高程点,山大总图 -调整_t6.dwg,图层 地形,4.47,4.47,-135.46,737.94,数字左下方0.8 m处(附近没有测量点符号，按常见偏移推),True,False,3.45,3.36,3.34,1.01,1.1,1.13
测量高程点,山大总图 -调整_t6.dwg,图层 地形,3.79,3.79,-110.24,760.16,数字左下方0.8 m处(附近没有测量点符号，按常见偏移推),True,False,3.56,3.59,3.59,0.22,0.19,0.2
测量高程点,山大总图 -调整_t6.dwg,图层 地形,4.05,4.05,-182.21,744.31,数字左下方0.8 m处(附近没有测量点符号，按常见偏移推),False,False,3.47,3.43,3.47,0.56,0.61,0.58
测量高程点,山大总图 -调整_t6.dwg,图层 地形,3.65,3.65,-273.52,866.4,数字左下方0.8 m处(附近没有测量点符号，按常见偏移推),False,False,,,,,,
测量高程点,山大总图 -调整_t6.dwg,图层 地形,3.50,3.5,-252.73,859.0,数字左下方0.8 m处(附近没有测量点符号，按常见偏移推),False,False,,,,,,
测量高程点,山大总图 -调整_t6.dwg,图层 地形,3.59,3.59,-230.2,859.72,数字左下方0.8 m处(附近没有测量点符号，按常见偏移推),False,False,,,,,,
测量高程点,山大总图 -调整_t6.dwg,图层 地形,3.50,3.5,-186.26,851.81,数字左下方0.8 m处(附近没有测量点符号，按常见偏移推),False,False,,,,,,
测量高程点,山大总图 -调整_t6.dwg,图层 地形,3.40,3.4,-141.78,844.56,数字左下方0.8 m处(附近没有测量点符号，按常见偏移推),False,False,,,,,,
测量高程点,山大总图 -调整_t6.dwg,图层 地形,3.42,3.42,-125.91,837.72,数字左下方0.8 m处(附近没有测量点符号，按常见偏移推),False,False,,,,,,
测量高程点,山大总图 -调整_t6.dwg,图层 地形,3.33,3.33,-107.27,838.45,数字左下方0.8 m处(附近没有测量点符号，按常见偏移推),False,False,,,,,,
测量高程点,山大总图 -调整_t6.dwg,图层 地形,3.28,3.28,-87.4,831.25,数字左下方0.8 m处(附近没有测量点符号，按常见偏移推),False,False,3.82,3.82,3.82,-0.56,-0.56,-0.54
测量高程点,山大总图 -调整_t6.dwg,图层 地形,3.36,3.36,-68.44,832.13,数字左下方0.8 m处(附近没有测量点符号，按常见偏移推),False,False,3.8,3.8,3.8,-0.45,-0.45,-0.43
测量高程点,山大总图 -调整_t6.dwg,图层 地形,3.36,3.36,-51.99,829.59,数字左下方0.8 m处(附近没有测量点符号，按常见偏移推),False,False,3.86,3.86,3.86,-0.52,-0.51,-0.5
测量高程点,山大总图 -调整_t6.dwg,图层 地形,3.09,3.09,-82.26,842.12,数字左下方0.8 m处(附近没有测量点符号，按常见偏移推),False,False,,,,,,
测量高程点,山大总图 -调整_t6.dwg,图层 地形,3.15,3.15,-117.41,848.65,数字左下方0.8 m处(附近没有测量点符号，按常见偏移推),False,False,,,,,,
测量高程点,山大总图 -调整_t6.dwg,图层 地形,3.19,3.19,-151.45,854.21,数字左下方0.8 m处(附近没有测量点符号，按常见偏移推),False,False,,,,,,
测量高程点,山大总图 -调整_t6.dwg,图层 地形,3.19,3.19,-172.43,857.74,数字左下方0.8 m处(附近没有测量点符号，按常见偏移推),False,False,,,,,,
测量高程点,山大总图 -调整_t6.dwg,图层 地形,3.28,3.28,-194.9,861.72,数字左下方0.8 m处(附近没有测量点符号，按常见偏移推),False,False,,,,,,
测量高程点,山大总图 -调整_t6.dwg,图层 地形,3.42,3.42,-245.06,869.7,数字左下方0.8 m处(附近没有测量点符号，按常见偏移推),False,False,,,,,,
测量高程点,山大总图 -调整_t6.dwg,图层 地形,3.41,3.41,-265.21,873.11,数字左下方0.8 m处(附近没有测量点符号，按常见偏移推),False,False,,,,,,
测量高程点,山大总图 -调整_t6.dwg,图层 地形,3.46,3.46,-290.02,877.3,数字左下方0.8 m处(附近没有测量点符号，按常见偏移推),False,False,,,,,,
测量高程点,山大总图 -调整_t6.dwg,图层 地形,3.42,3.42,-288.07,903.74,数字左下方0.8 m处(附近没有测量点符号，按常见偏移推),False,False,,,,,,
测量高程点,山大总图 -调整_t6.dwg,图层 地形,3.36,3.36,-283.97,930.23,数字左下方0.8 m处(附近没有测量点符号，按常见偏移推),False,False,,,,,,
测量高程点,山大总图 -调整_t6.dwg,图层 地形,3.36,3.36,-286.29,912.91,数字左下方0.8 m处(附近没有测量点符号，按常见偏移推),False,False,,,,,,
测量高程点,山大总图 -调整_t6.dwg,图层 地形,3.49,3.49,-286.9,888.96,数字左下方0.8 m处(附近没有测量点符号，按常见偏移推),False,False,,,,,,
测量高程点,山大总图 -调整_t6.dwg,图层 地形,3.32,3.32,-142.17,960.63,数字左下方0.8 m处(附近没有测量点符号，按常见偏移推),False,False,,,,,,
测量高程点,山大总图 -调整_t6.dwg,图层 地形,3.22,3.22,-94.92,959.43,数字左下方0.8 m处(附近没有测量点符号，按常见偏移推),False,False,,,,,,
测量高程点,山大总图 -调整_t6.dwg,图层 地形,3.36,3.36,-73.65,959.38,数字左下方0.8 m处(附近没有测量点符号，按常见偏移推),False,False,,,,,,
测量高程点,山大总图 -调整_t6.dwg,图层 地形,3.30,3.3,-51.3,959.48,数字左下方0.8 m处(附近没有测量点符号，按常见偏移推),False,False,,,,,,
测量高程点,山大总图 -调整_t6.dwg,图层 地形,3.51,3.51,-50.35,938.72,测量点符号(gc200)的位置,False,False,,,,,,
测量高程点,山大总图 -调整_t6.dwg,图层 地形,3.48,3.48,-51.53,925.92,数字左下方0.8 m处(附近没有测量点符号，按常见偏移推),False,False,,,,,,
测量高程点,山大总图 -调整_t6.dwg,图层 地形,3.29,3.29,-51.06,909.43,数字左下方0.8 m处(附近没有测量点符号，按常见偏移推),False,False,,,,,,
测量高程点,山大总图 -调整_t6.dwg,图层 地形,2.98,2.98,-52.55,895.42,数字左下方0.8 m处(附近没有测量点符号，按常见偏移推),False,False,,,,,,
测量高程点,山大总图 -调整_t6.dwg,图层 地形,3.06,3.06,-51.06,878.31,数字左下方0.8 m处(附近没有测量点符号，按常见偏移推),False,False,,,,,,
测量高程点,山大总图 -调整_t6.dwg,图层 地形,2.91,2.91,-51.47,845.17,数字左下方0.8 m处(附近没有测量点符号，按常见偏移推),False,False,,,,,,
测量高程点,山大总图 -调整_t6.dwg,图层 地形,2.78,2.78,-62.4,845.18,数字左下方0.8 m处(附近没有测量点符号，按常见偏移推),False,False,,,,,,
测量高程点,山大总图 -调整_t6.dwg,图层 地形,2.88,2.88,-95.99,850.11,数字左下方0.8 m处(附近没有测量点符号，按常见偏移推),False,False,,,,,,
测量高程点,山大总图 -调整_t6.dwg,图层 地形,3.41,3.41,-285.48,871.57,数字左下方0.8 m处(附近没有测量点符号，按常见偏移推),False,False,,,,,,
测量高程点,山大总图 -调整_t6.dwg,图层 地形,3.10,3.1,-67.64,938.73,数字左下方0.8 m处(附近没有测量点符号，按常见偏移推),False,False,,,,,,
测量高程点,山大总图 -调整_t6.dwg,图层 地形,3.08,3.08,-112.74,946.06,数字左下方0.8 m处(附近没有测量点符号，按常见偏移推),False,False,,,,,,
测量高程点,山大总图 -调整_t6.dwg,图层 地形,4.55,4.55,-270.89,729.98,数字左下方0.8 m处(附近没有测量点符号，按常见偏移推),False,False,3.39,3.37,3.39,1.15,1.16,1.17
测量高程点,山大总图 -调整_t6.dwg,图层 地形,4.55,4.55,-290.86,717.88,数字左下方0.8 m处(附近没有测量点符号，按常见偏移推),False,False,3.37,3.37,3.37,1.17,1.16,1.19
测量高程点,山大总图 -调整_t6.dwg,图层 地形,4.54,4.54,-291.28,713.22,数字左下方0.8 m处(附近没有测量点符号，按常见偏移推),False,False,3.36,3.37,3.36,1.17,1.15,1.18
测量高程点,山大总图 -调整_t6.dwg,图层 地形,4.61,4.61,-247.56,726.34,数字左下方0.8 m处(附近没有测量点符号，按常见偏移推),False,False,3.39,3.37,3.39,1.2,1.22,1.22
测量高程点,山大总图 -调整_t6.dwg,图层 地形,4.53,4.53,-236.54,729.62,数字左下方0.8 m处(附近没有测量点符号，按常见偏移推),False,False,3.4,3.37,3.4,1.11,1.14,1.13
测量高程点,山大总图 -调整_t6.dwg,图层 地形,4.56,4.56,-227.06,742.46,数字左下方0.8 m处(附近没有测量点符号，按常见偏移推),False,False,3.43,3.43,3.43,1.11,1.12,1.13
测量高程点,山大总图 -调整_t6.dwg,图层 地形,4.26,4.26,-200.41,712.89,数字左下方0.8 m处(附近没有测量点符号，按常见偏移推),True,False,3.42,3.42,3.57,0.83,0.82,0.7
测量高程点,山大总图 -调整_t6.dwg,图层 地形,3.98,3.98,-198.4,726.0,数字左下方0.8 m处(附近没有测量点符号，按常见偏移推),False,False,3.41,3.42,3.41,0.55,0.54,0.57
测量高程点,山大总图 -调整_t6.dwg,图层 地形,4.22,4.22,-186.67,723.63,数字左下方0.8 m处(附近没有测量点符号，按常见偏移推),False,False,3.42,3.42,3.42,0.78,0.78,0.8
测量高程点,山大总图 -调整_t6.dwg,图层 地形,4.24,4.24,-164.7,714.46,数字左下方0.8 m处(附近没有测量点符号，按常见偏移推),True,False,3.41,3.42,3.57,0.81,0.8,0.68
测量高程点,山大总图 -调整_t6.dwg,图层 地形,4.42,4.42,-144.51,715.93,数字左下方0.8 m处(附近没有测量点符号，按常见偏移推),True,False,3.4,3.41,3.57,1.01,0.99,0.86
测量高程点,山大总图 -调整_t6.dwg,图层 地形,4.05,4.05,-155.56,739.16,数字左下方0.8 m处(附近没有测量点符号，按常见偏移推),False,False,3.45,3.43,3.45,0.59,0.61,0.61
测量高程点,山大总图 -调整_t6.dwg,图层 地形,3.40,3.4,-168.26,750.77,数字左下方0.8 m处(附近没有测量点符号，按常见偏移推),False,False,3.46,3.46,3.46,-0.08,-0.08,-0.06
测量高程点,山大总图 -调整_t6.dwg,图层 地形,4.42,4.42,-151.54,761.09,数字左下方0.8 m处(附近没有测量点符号，按常见偏移推),False,False,3.52,3.55,3.52,0.89,0.86,0.91
测量高程点,山大总图 -调整_t6.dwg,图层 地形,3.45,3.45,-268.34,861.57,数字左下方0.8 m处(附近没有测量点符号，按常见偏移推),False,False,,,,,,
测量高程点,山大总图 -调整_t6.dwg,图层 地形,3.40,3.4,-161.49,844.54,数字左下方0.8 m处(附近没有测量点符号，按常见偏移推),False,False,,,,,,
测量高程点,山大总图 -调整_t6.dwg,图层 地形,3.38,3.38,-112.28,835.8,数字左下方0.8 m处(附近没有测量点符号，按常见偏移推),False,False,,,,,,
测量高程点,山大总图 -调整_t6.dwg,图层 地形,3.33,3.33,-227.17,811.93,数字左下方0.8 m处(附近没有测量点符号，按常见偏移推),False,False,3.63,3.62,3.63,-0.32,-0.31,-0.3
测量高程点,山大总图 -调整_t6.dwg,图层 地形,3.41,3.41,-260.08,811.92,数字左下方0.8 m处(附近没有测量点符号，按常见偏移推),False,False,3.55,3.56,3.55,-0.16,-0.16,-0.14
测量高程点,山大总图 -调整_t6.dwg,图层 地形,3.42,3.42,-228.75,805.59,数字左下方0.8 m处(附近没有测量点符号，按常见偏移推),False,False,3.6,3.59,3.6,-0.2,-0.18,-0.18
测量高程点,山大总图 -调整_t6.dwg,图层 地形,3.46,3.46,-198.7,801.35,数字左下方0.8 m处(附近没有测量点符号，按常见偏移推),False,False,3.61,3.64,3.61,-0.16,-0.19,-0.14
测量高程点,山大总图 -调整_t6.dwg,图层 地形,3.43,3.43,-160.64,795.14,数字左下方0.8 m处(附近没有测量点符号，按常见偏移推),False,False,3.82,3.79,3.82,-0.41,-0.37,-0.39
测量高程点,山大总图 -调整_t6.dwg,图层 地形,3.43,3.43,-139.46,792.29,数字左下方0.8 m处(附近没有测量点符号，按常见偏移推),False,False,3.73,3.73,3.73,-0.32,-0.31,-0.3
测量高程点,山大总图 -调整_t6.dwg,图层 地形,3.33,3.33,-245.75,801.01,数字左下方0.8 m处(附近没有测量点符号，按常见偏移推),False,False,3.55,3.56,3.55,-0.24,-0.24,-0.22
测量高程点,山大总图 -调整_t6.dwg,图层 地形,4.47,4.47,-247.89,790.23,数字左下方0.8 m处(附近没有测量点符号，按常见偏移推),False,False,3.53,3.56,3.53,0.92,0.9,0.94
测量高程点,山大总图 -调整_t6.dwg,图层 地形,3.62,3.62,-277.95,773.42,数字左下方0.8 m处(附近没有测量点符号，按常见偏移推),False,False,3.47,3.47,3.47,0.13,0.13,0.15
测量高程点,山大总图 -调整_t6.dwg,图层 地形,3.66,3.66,-271.84,719.84,数字左下方0.8 m处(附近没有测量点符号，按常见偏移推),False,False,3.37,3.37,3.37,0.28,0.27,0.3
测量高程点,山大总图 -调整_t6.dwg,图层 地形,3.70,3.7,-244.58,719.2,数字左下方0.8 m处(附近没有测量点符号，按常见偏移推),False,False,3.38,3.37,3.38,0.3,0.31,0.32
测量高程点,山大总图 -调整_t6.dwg,图层 地形,3.95,3.95,-194.74,747.82,数字左下方0.8 m处(附近没有测量点符号，按常见偏移推),False,False,3.53,3.44,3.53,0.41,0.49,0.43
测量高程点,山大总图 -调整_t6.dwg,图层 地形,3.95,3.95,-173.06,741.93,数字左下方0.8 m处(附近没有测量点符号，按常见偏移推),False,False,3.45,3.43,3.45,0.48,0.51,0.5
测量高程点,山大总图 -调整_t6.dwg,图层 地形,3.70,3.7,-177.7,779.91,数字左下方0.8 m处(附近没有测量点符号，按常见偏移推),False,False,3.65,3.72,3.65,0.03,-0.04,0.05
测量高程点,山大总图 -调整_t6.dwg,图层 地形,3.74,3.74,-150.31,779.16,数字左下方0.8 m处(附近没有测量点符号，按常见偏移推),False,False,3.67,3.72,3.67,0.06,0.01,0.08
测量高程点,山大总图 -调整_t6.dwg,图层 地形,1.80,1.8,-68.24,732.99,数字左下方0.8 m处(附近没有测量点符号，按常见偏移推),True,False,3.37,3.71,3.68,-1.58,-1.92,-1.87
测量高程点,山大总图 -调整_t6.dwg,图层 地形,3.60,3.6,-194.39,954.23,数字左下方0.8 m处(附近没有测量点符号，按常见偏移推),False,False,,,,,,
测量高程点,山大总图 -调整_t6.dwg,图层 地形,4.16,4.16,-286.19,960.2,数字左下方0.8 m处(附近没有测量点符号，按常见偏移推),False,False,,,,,,
测量高程点,山大总图 -调整_t6.dwg,图层 地形,4.28,4.28,-259.85,947.64,数字左下方0.8 m处(附近没有测量点符号，按常见偏移推),False,False,,,,,,
测量高程点,山大总图 -调整_t6.dwg,图层 地形,3.75,3.75,-257.04,958.62,数字左下方0.8 m处(附近没有测量点符号，按常见偏移推),False,False,,,,,,
测量高程点,山大总图 -调整_t6.dwg,图层 地形,3.79,3.79,-224.88,952.27,数字左下方0.8 m处(附近没有测量点符号，按常见偏移推),False,False,,,,,,
测量高程点,山大总图 -调整_t6.dwg,图层 地形,4.11,4.11,-218.3,958.87,数字左下方0.8 m处(附近没有测量点符号，按常见偏移推),False,False,,,,,,
测量高程点,山大总图 -调整_t6.dwg,图层 地形,3.48,3.48,-283.52,948.11,数字左下方0.8 m处(附近没有测量点符号，按常见偏移推),False,False,,,,,,
测量高程点,山大总图 -调整_t6.dwg,图层 地形,4.16,4.16,-288.08,945.78,数字左下方0.8 m处(附近没有测量点符号，按常见偏移推),False,False,,,,,,
测量高程点,山大总图 -调整_t6.dwg,图层 地形,3.01,3.01,-73.51,860.56,数字左下方0.8 m处(附近没有测量点符号，按常见偏移推),False,False,,,,,,
测量高程点,山大总图 -调整_t6.dwg,图层 地形,3.51,3.51,-282.06,958.0,数字左下方0.8 m处(附近没有测量点符号，按常见偏移推),False,False,,,,,,
测量高程点,山大总图 -调整_t6.dwg,图层 地形,3.38,3.38,-295.23,943.93,数字左下方0.8 m处(附近没有测量点符号，按常见偏移推),False,False,,,,,,
测量高程点,山大总图 -调整_t6.dwg,图层 地形,3.54,3.54,-69.67,849.3,数字左下方0.8 m处(附近没有测量点符号，按常见偏移推),False,False,,,,,,
测量高程点,山大总图 -调整_t6.dwg,图层 地形,3.59,3.59,-57.49,851.15,数字左下方0.8 m处(附近没有测量点符号，按常见偏移推),False,False,,,,,,
测量高程点,山大总图 -调整_t6.dwg,图层 地形,3.48,3.48,-49.93,836.7,数字左下方0.8 m处(附近没有测量点符号，按常见偏移推),False,False,,,,,,
测量高程点,山大总图 -调整_t6.dwg,图层 地形,4.52,4.52,-63.39,898.76,数字左下方0.8 m处(附近没有测量点符号，按常见偏移推),False,False,,,,,,
测量高程点,山大总图 -调整_t6.dwg,图层 地形,4.51,4.51,-62.01,906.69,数字左下方0.8 m处(附近没有测量点符号，按常见偏移推),False,False,,,,,,
测量高程点,山大总图 -调整_t6.dwg,图层 地形,3.48,3.48,-52.65,838.29,数字左下方0.8 m处(附近没有测量点符号，按常见偏移推),False,False,,,,,,
测量高程点,山大总图 -调整_t6.dwg,图层 地形,3.62,3.62,-211.26,867.94,数字左下方0.8 m处(附近没有测量点符号，按常见偏移推),False,False,,,,,,
测量高程点,山大总图 -调整_t6.dwg,图层 地形,3.51,3.51,-215.38,859.93,数字左下方0.8 m处(附近没有测量点符号，按常见偏移推),False,False,,,,,,
测量高程点,山大总图 -调整_t6.dwg,图层 地形,4.29,4.29,-293.21,866.73,数字左下方0.8 m处(附近没有测量点符号，按常见偏移推),False,False,,,,,,
测量高程点,山大总图 -调整_t6.dwg,图层 地形,4.29,4.29,-284.61,901.15,数字左下方0.8 m处(附近没有测量点符号，按常见偏移推),False,False,,,,,,
测量高程点,山大总图 -调整_t6.dwg,图层 地形,3.63,3.63,-285.19,896.44,数字左下方0.8 m处(附近没有测量点符号，按常见偏移推),False,False,,,,,,
测量高程点,山大总图 -调整_t6.dwg,图层 地形,3.60,3.6,-263.13,883.21,数字左下方0.8 m处(附近没有测量点符号，按常见偏移推),False,False,,,,,,
测量高程点,山大总图 -调整_t6.dwg,图层 地形,3.63,3.63,-247.45,880.73,数字左下方0.8 m处(附近没有测量点符号，按常见偏移推),False,False,,,,,,
测量高程点,山大总图 -调整_t6.dwg,图层 地形,3.61,3.61,-207.38,876.34,数字左下方0.8 m处(附近没有测量点符号，按常见偏移推),False,False,,,,,,
测量高程点,山大总图 -调整_t6.dwg,图层 地形,3.76,3.76,-207.45,896.79,数字左下方0.8 m处(附近没有测量点符号，按常见偏移推),False,False,,,,,,
测量高程点,山大总图 -调整_t6.dwg,图层 地形,4.28,4.28,-203.64,903.03,数字左下方0.8 m处(附近没有测量点符号，按常见偏移推),False,False,,,,,,
测量高程点,山大总图 -调整_t6.dwg,图层 地形,3.67,3.67,-204.85,883.94,数字左下方0.8 m处(附近没有测量点符号，按常见偏移推),False,False,,,,,,
测量高程点,山大总图 -调整_t6.dwg,图层 地形,3.71,3.71,-204.27,914.55,数字左下方0.8 m处(附近没有测量点符号，按常见偏移推),False,False,,,,,,
测量高程点,山大总图 -调整_t6.dwg,图层 地形,3.71,3.71,-194.69,914.39,数字左下方0.8 m处(附近没有测量点符号，按常见偏移推),False,False,,,,,,
测量高程点,山大总图 -调整_t6.dwg,图层 地形,3.65,3.65,-183.96,939.57,数字左下方0.8 m处(附近没有测量点符号，按常见偏移推),False,False,,,,,,
测量高程点,山大总图 -调整_t6.dwg,图层 地形,3.71,3.71,-202.04,929.01,数字左下方0.8 m处(附近没有测量点符号，按常见偏移推),False,False,,,,,,
测量高程点,山大总图 -调整_t6.dwg,图层 地形,3.64,3.64,-196.49,939.13,数字左下方0.8 m处(附近没有测量点符号，按常见偏移推),False,False,,,,,,
测量高程点,山大总图 -调整_t6.dwg,图层 地形,3.64,3.64,-173.76,889.62,数字左下方0.8 m处(附近没有测量点符号，按常见偏移推),False,False,,,,,,
测量高程点,山大总图 -调整_t6.dwg,图层 地形,3.60,3.6,-171.74,883.24,数字左下方0.8 m处(附近没有测量点符号，按常见偏移推),False,False,,,,,,
测量高程点,山大总图 -调整_t6.dwg,图层 地形,3.66,3.66,-172.09,909.9,数字左下方0.8 m处(附近没有测量点符号，按常见偏移推),False,False,,,,,,
测量高程点,山大总图 -调整_t6.dwg,图层 地形,3.48,3.48,-160.8,876.2,数字左下方0.8 m处(附近没有测量点符号，按常见偏移推),False,False,,,,,,
测量高程点,山大总图 -调整_t6.dwg,图层 地形,4.30,4.3,-164.72,911.93,数字左下方0.8 m处(附近没有测量点符号，按常见偏移推),False,False,,,,,,
测量高程点,山大总图 -调整_t6.dwg,图层 地形,3.53,3.53,-146.73,863.86,数字左下方0.8 m处(附近没有测量点符号，按常见偏移推),False,False,,,,,,
测量高程点,山大总图 -调整_t6.dwg,图层 地形,3.55,3.55,-99.16,891.64,数字左下方0.8 m处(附近没有测量点符号，按常见偏移推),False,False,,,,,,
测量高程点,山大总图 -调整_t6.dwg,图层 地形,3.59,3.59,-74.58,896.57,数字左下方0.8 m处(附近没有测量点符号，按常见偏移推),False,False,,,,,,
测量高程点,山大总图 -调整_t6.dwg,图层 地形,3.63,3.63,-70.74,885.15,数字左下方0.8 m处(附近没有测量点符号，按常见偏移推),False,False,,,,,,
测量高程点,山大总图 -调整_t6.dwg,图层 地形,4.65,4.65,-61.65,931.93,数字左下方0.8 m处(附近没有测量点符号，按常见偏移推),False,False,,,,,,
测量高程点,山大总图 -调整_t6.dwg,图层 地形,3.65,3.65,-105.79,918.89,数字左下方0.8 m处(附近没有测量点符号，按常见偏移推),False,False,,,,,,
测量高程点,山大总图 -调整_t6.dwg,图层 地形,3.67,3.67,-212.63,887.63,数字左下方0.8 m处(附近没有测量点符号，按常见偏移推),False,False,,,,,,
测量高程点,山大总图 -调整_t6.dwg,图层 地形,3.60,3.6,-219.72,878.78,数字左下方0.8 m处(附近没有测量点符号，按常见偏移推),False,False,,,,,,
测量高程点,山大总图 -调整_t6.dwg,图层 地形,3.62,3.62,-234.27,882.92,数字左下方0.8 m处(附近没有测量点符号，按常见偏移推),False,False,,,,,,
测量高程点,山大总图 -调整_t6.dwg,图层 地形,3.73,3.73,-243.19,891.98,数字左下方0.8 m处(附近没有测量点符号，按常见偏移推),False,False,,,,,,
测量高程点,山大总图 -调整_t6.dwg,图层 地形,3.65,3.65,-251.84,890.26,数字左下方0.8 m处(附近没有测量点符号，按常见偏移推),False,False,,,,,,
测量高程点,山大总图 -调整_t6.dwg,图层 地形,3.60,3.6,-253.96,884.42,数字左下方0.8 m处(附近没有测量点符号，按常见偏移推),False,False,,,,,,
测量高程点,山大总图 -调整_t6.dwg,图层 地形,3.65,3.65,-269.91,895.85,数字左下方0.8 m处(附近没有测量点符号，按常见偏移推),False,False,,,,,,
测量高程点,山大总图 -调整_t6.dwg,图层 地形,3.24,3.24,-266.67,853.32,测量点符号(gc200)的位置,False,False,,,,,,
测量高程点,山大总图 -调整_t6.dwg,图层 地形,3.30,3.3,-232.07,847.44,测量点符号(gc200)的位置,False,False,,,,,,
测量高程点,山大总图 -调整_t6.dwg,图层 地形,3.18,3.18,-194.95,841.24,测量点符号(gc200)的位置,False,False,,,,,,
测量高程点,山大总图 -调整_t6.dwg,图层 地形,3.19,3.19,-160.17,835.35,测量点符号(gc200)的位置,False,False,3.97,3.96,3.97,-0.79,-0.79,-0.77
测量高程点,山大总图 -调整_t6.dwg,图层 地形,3.17,3.17,-123.77,829.4,测量点符号(gc200)的位置,False,False,3.97,3.97,3.97,-0.81,-0.81,-0.79
测量高程点,山大总图 -调整_t6.dwg,图层 地形,3.20,3.2,-89.38,823.59,测量点符号(gc200)的位置,False,False,3.76,3.76,3.76,-0.58,-0.58,-0.56
测量高程点,山大总图 -调整_t6.dwg,图层 地形,3.14,3.14,-60.22,818.59,测量点符号(gc200)的位置,False,False,3.78,3.78,3.78,-0.66,-0.66,-0.64
测量高程点,山大总图 -调整_t6.dwg,图层 地形,3.06,3.06,-50.5,827.03,测量点符号(gc200)的位置,False,False,3.86,3.85,3.86,-0.81,-0.81,-0.79
测量高程点,山大总图 -调整_t6.dwg,图层 地形,3.36,3.36,-65.42,854.04,测量点符号(gc200)的位置,False,False,,,,,,
测量高程点,山大总图 -调整_t6.dwg,图层 地形,3.35,3.35,-75.5,837.21,测量点符号(gc200)的位置,False,False,,,,,,
测量高程点,山大总图 -调整_t6.dwg,图层 地形,3.54,3.54,-62.93,868.71,测量点符号(gc200)的位置,False,False,,,,,,
测量高程点,山大总图 -调整_t6.dwg,图层 地形,4.52,4.52,-72.16,878.55,数字左下方0.8 m处(附近没有测量点符号，按常见偏移推),False,False,,,,,,
测量高程点,山大总图 -调整_t6.dwg,图层 地形,3.47,3.47,-60.73,802.3,测量点符号(gc200)的位置,True,False,3.64,3.53,3.52,-0.19,-0.07,-0.05
测量高程点,山大总图 -调整_t6.dwg,图层 地形,3.44,3.44,-91.17,807.5,测量点符号(gc200)的位置,True,False,3.66,3.6,3.61,-0.24,-0.18,-0.16
测量高程点,山大总图 -调整_t6.dwg,图层 地形,3.47,3.47,-123.37,812.85,测量点符号(gc200)的位置,False,False,3.84,3.7,3.71,-0.38,-0.24,-0.23
测量高程点,山大总图 -调整_t6.dwg,图层 地形,3.50,3.5,-157.78,818.72,测量点符号(gc200)的位置,False,False,3.95,3.85,3.95,-0.46,-0.36,-0.44
测量高程点,山大总图 -调整_t6.dwg,图层 地形,3.55,3.55,-196.91,825.17,测量点符号(gc200)的位置,False,False,3.74,3.66,3.74,-0.2,-0.13,-0.18
测量高程点,山大总图 -调整_t6.dwg,图层 地形,3.51,3.51,-232.16,831.08,测量点符号(gc200)的位置,False,False,3.7,3.61,3.7,-0.2,-0.12,-0.19
测量高程点,山大总图 -调整_t6.dwg,图层 地形,3.54,3.54,-275.31,838.37,测量点符号(gc200)的位置,False,False,,,,,,
测量高程点,山大总图 -调整_t6.dwg,图层 地形,4.36,4.36,-53.23,939.83,数字左下方0.8 m处(附近没有测量点符号，按常见偏移推),False,False,,,,,,
测量高程点,山大总图 -调整_t6.dwg,图层 地形,4.14,4.14,-95.05,941.29,测量点符号(gc200)的位置,False,False,,,,,,
测量高程点,山大总图 -调整_t6.dwg,图层 地形,4.15,4.15,-100.75,947.65,数字左下方0.8 m处(附近没有测量点符号，按常见偏移推),False,False,,,,,,
测量高程点,山大总图 -调整_t6.dwg,图层 地形,4.03,4.03,-143.27,948.83,测量点符号(gc200)的位置,False,False,,,,,,
测量高程点,山大总图 -调整_t6.dwg,图层 地形,4.08,4.08,-148.75,955.3,数字左下方0.8 m处(附近没有测量点符号，按常见偏移推),False,False,,,,,,
测量高程点,山大总图 -调整_t6.dwg,图层 地形,3.62,3.62,-135.01,923.02,测量点符号(gc200)的位置,False,False,,,,,,
测量高程点,山大总图 -调整_t6.dwg,图层 地形,3.66,3.66,-80.01,913.8,测量点符号(gc200)的位置,False,False,,,,,,
测量高程点,山大总图 -调整_t6.dwg,图层 地形,3.60,3.6,-133.17,907.12,测量点符号(gc200)的位置,False,False,,,,,,
测量高程点,山大总图 -调整_t6.dwg,图层 地形,3.63,3.63,-115.91,933.59,测量点符号(gc200)的位置,False,False,,,,,,
测量高程点,山大总图 -调整_t6.dwg,图层 地形,3.68,3.68,-81.42,928.37,测量点符号(gc200)的位置,False,False,,,,,,
测量高程点,山大总图 -调整_t6.dwg,图层 地形,3.66,3.66,-152.14,938.78,测量点符号(gc200)的位置,False,False,,,,,,
测量高程点,山大总图 -调整_t6.dwg,图层 地形,3.70,3.7,-225.06,944.98,测量点符号(gc200)的位置,False,False,,,,,,
测量高程点,山大总图 -调整_t6.dwg,图层 地形,3.62,3.62,-186.51,876.54,测量点符号(gc200)的位置,False,False,,,,,,
测量高程点,山大总图 -调整_t6.dwg,图层 地形,3.63,3.63,-168.5,868.22,测量点符号(gc200)的位置,False,False,,,,,,
测量高程点,山大总图 -调整_t6.dwg,图层 地形,3.62,3.62,-194.71,894.04,测量点符号(gc200)的位置,False,False,,,,,,
测量高程点,山大总图 -调整_t6.dwg,图层 地形,3.47,3.47,-293.63,970.02,数字左下方0.8 m处(附近没有测量点符号，按常见偏移推),False,False,,,,,,
测量高程点,山大总图 -调整_t6.dwg,图层 地形,3.57,3.57,-279.76,967.6,数字左下方0.8 m处(附近没有测量点符号，按常见偏移推),False,False,,,,,,
测量高程点,山大总图 -调整_t6.dwg,图层 地形,3.49,3.49,-279.25,964.5,测量点符号(gc200)的位置,False,False,,,,,,
测量高程点,山大总图 -调整_t6.dwg,图层 地形,4.25,4.25,-263.07,964.67,数字左下方0.8 m处(附近没有测量点符号，按常见偏移推),False,False,,,,,,
测量高程点,山大总图 -调整_t6.dwg,图层 地形,4.06,4.06,-215.42,969.53,测量点符号(gc200)的位置,False,False,,,,,,
测量高程点,山大总图 -调整_t6.dwg,图层 地形,4.02,4.02,-239.88,962.87,数字左下方0.8 m处(附近没有测量点符号，按常见偏移推),False,False,,,,,,
测量高程点,山大总图 -调整_t6.dwg,图层 地形,4.10,4.1,-254.62,965.83,数字左下方0.8 m处(附近没有测量点符号，按常见偏移推),False,False,,,,,,
测量高程点,山大总图 -调整_t6.dwg,图层 地形,4.12,4.12,-269.94,967.38,数字左下方0.8 m处(附近没有测量点符号，按常见偏移推),False,False,,,,,,
测量高程点,山大总图 -调整_t6.dwg,图层 地形,3.97,3.97,-86.94,966.74,测量点符号(gc200)的位置,False,False,,,,,,
测量高程点,山大总图 -调整_t6.dwg,图层 地形,4.08,4.08,-209.26,964.24,测量点符号(gc200)的位置,False,False,,,,,,
测量高程点,山大总图 -调整_t6.dwg,图层 地形,4.49,4.49,-219.77,965.31,测量点符号(gc200)的位置,False,False,,,,,,
测量高程点,山大总图 -调整_t6.dwg,图层 地形,4.05,4.05,-236.97,965.17,测量点符号(gc200)的位置,False,False,,,,,,
测量高程点,山大总图 -调整_t6.dwg,图层 地形,3.91,3.91,-109.85,971.52,测量点符号(gc200)的位置,False,False,,,,,,
测量高程点,山大总图 -调整_t6.dwg,图层 地形,4.02,4.02,-65.57,967.88,测量点符号(gc200)的位置,False,False,,,,,,
测量高程点,山大总图 -调整_t6.dwg,图层 地形,3.11,3.11,181.71,737.51,数字左下方0.8 m处(附近没有测量点符号，按常见偏移推),True,False,3.21,3.21,3.21,-0.11,-0.11,-0.09
测量高程点,山大总图 -调整_t6.dwg,图层 地形,3.26,3.26,81.79,754.11,数字左下方0.8 m处(附近没有测量点符号，按常见偏移推),True,False,3.24,3.24,3.24,0.01,0.01,0.02
测量高程点,山大总图 -调整_t6.dwg,图层 地形,3.17,3.17,30.66,756.19,测量点符号(gc200)的位置,False,False,3.29,3.29,3.29,-0.13,-0.13,-0.11
测量高程点,山大总图 -调整_t6.dwg,图层 地形,3.10,3.1,27.08,741.72,数字左下方0.8 m处(附近没有测量点符号，按常见偏移推),True,False,3.27,3.27,3.27,-0.19,-0.19,-0.17
测量高程点,山大总图 -调整_t6.dwg,图层 地形,3.13,3.13,27.02,716.91,数字左下方0.8 m处(附近没有测量点符号，按常见偏移推),True,False,3.25,3.25,3.25,-0.13,-0.13,-0.11
测量高程点,山大总图 -调整_t6.dwg,图层 地形,3.47,3.47,59.47,791.53,数字左下方0.8 m处(附近没有测量点符号，按常见偏移推),False,False,3.29,3.29,3.29,0.16,0.17,0.18
测量高程点,山大总图 -调整_t6.dwg,图层 地形,3.19,3.19,145.94,792.32,数字左下方0.8 m处(附近没有测量点符号，按常见偏移推),False,False,3.22,3.22,3.22,-0.04,-0.04,-0.02
测量高程点,山大总图 -调整_t6.dwg,图层 地形,3.36,3.36,-4.02,816.45,数字左下方0.8 m处(附近没有测量点符号，按常见偏移推),False,False,3.55,3.55,3.55,-0.2,-0.2,-0.19
测量高程点,山大总图 -调整_t6.dwg,图层 地形,3.25,3.25,-44.78,823.74,数字左下方0.8 m处(附近没有测量点符号，按常见偏移推),False,False,3.8,3.8,3.8,-0.57,-0.56,-0.55
测量高程点,山大总图 -调整_t6.dwg,图层 地形,3.21,3.21,38.66,817.73,数字左下方0.8 m处(附近没有测量点符号，按常见偏移推),False,False,3.35,3.35,3.35,-0.16,-0.15,-0.14
测量高程点,山大总图 -调整_t6.dwg,图层 地形,3.33,3.33,44.67,845.46,数字左下方0.8 m处(附近没有测量点符号，按常见偏移推),False,False,,,,,,
测量高程点,山大总图 -调整_t6.dwg,图层 地形,3.34,3.34,47.65,867.8,数字左下方0.8 m处(附近没有测量点符号，按常见偏移推),False,False,,,,,,
测量高程点,山大总图 -调整_t6.dwg,图层 地形,3.36,3.36,50.69,885.37,数字左下方0.8 m处(附近没有测量点符号，按常见偏移推),False,False,,,,,,
测量高程点,山大总图 -调整_t6.dwg,图层 地形,3.47,3.47,55.3,924.4,数字左下方0.8 m处(附近没有测量点符号，按常见偏移推),False,False,,,,,,
测量高程点,山大总图 -调整_t6.dwg,图层 地形,3.60,3.6,61.06,952.12,数字左下方0.8 m处(附近没有测量点符号，按常见偏移推),False,False,,,,,,
测量高程点,山大总图 -调整_t6.dwg,图层 地形,3.75,3.75,48.94,956.25,数字左下方0.8 m处(附近没有测量点符号，按常见偏移推),False,False,,,,,,
测量高程点,山大总图 -调整_t6.dwg,图层 地形,3.59,3.59,43.74,924.39,测量点符号(gc200)的位置,False,False,,,,,,
测量高程点,山大总图 -调整_t6.dwg,图层 地形,3.51,3.51,37.47,887.96,数字左下方0.8 m处(附近没有测量点符号，按常见偏移推),False,False,,,,,,
测量高程点,山大总图 -调整_t6.dwg,图层 地形,4.18,4.18,199.1,925.46,数字左下方0.8 m处(附近没有测量点符号，按常见偏移推),False,False,,,,,,
测量高程点,山大总图 -调整_t6.dwg,图层 地形,4.19,4.19,185.59,927.8,数字左下方0.8 m处(附近没有测量点符号，按常见偏移推),False,False,,,,,,
测量高程点,山大总图 -调整_t6.dwg,图层 地形,4.11,4.11,130.71,916.21,数字左下方0.8 m处(附近没有测量点符号，按常见偏移推),False,False,,,,,,
测量高程点,山大总图 -调整_t6.dwg,图层 地形,4.23,4.23,174.02,956.03,数字左下方0.8 m处(附近没有测量点符号，按常见偏移推),False,False,,,,,,
测量高程点,山大总图 -调整_t6.dwg,图层 地形,4.15,4.15,135.33,958.0,数字左下方0.8 m处(附近没有测量点符号，按常见偏移推),False,False,,,,,,
测量高程点,山大总图 -调整_t6.dwg,图层 地形,3.77,3.77,171.9,942.67,数字左下方0.8 m处(附近没有测量点符号，按常见偏移推),False,False,,,,,,
测量高程点,山大总图 -调整_t6.dwg,图层 地形,4.36,4.36,183.98,942.96,数字左下方0.8 m处(附近没有测量点符号，按常见偏移推),False,False,,,,,,
测量高程点,山大总图 -调整_t6.dwg,图层 地形,4.37,4.37,179.45,928.09,数字左下方0.8 m处(附近没有测量点符号，按常见偏移推),False,False,,,,,,
测量高程点,山大总图 -调整_t6.dwg,图层 地形,4.10,4.1,169.66,928.59,数字左下方0.8 m处(附近没有测量点符号，按常见偏移推),False,False,,,,,,
测量高程点,山大总图 -调整_t6.dwg,图层 地形,4.19,4.19,169.67,913.47,测量点符号(gc200)的位置,False,False,,,,,,
测量高程点,山大总图 -调整_t6.dwg,图层 地形,4.21,4.21,167.29,899.51,测量点符号(gc200)的位置,False,False,,,,,,
测量高程点,山大总图 -调整_t6.dwg,图层 地形,4.08,4.08,197.73,933.43,数字左下方0.8 m处(附近没有测量点符号，按常见偏移推),False,False,,,,,,
测量高程点,山大总图 -调整_t6.dwg,图层 地形,4.07,4.07,190.37,942.17,数字左下方0.8 m处(附近没有测量点符号，按常见偏移推),False,False,,,,,,
测量高程点,山大总图 -调整_t6.dwg,图层 地形,4.03,4.03,193.92,955.93,数字左下方0.8 m处(附近没有测量点符号，按常见偏移推),False,False,,,,,,
测量高程点,山大总图 -调整_t6.dwg,图层 地形,3.79,3.79,154.52,957.06,数字左下方0.8 m处(附近没有测量点符号，按常见偏移推),False,False,,,,,,
测量高程点,山大总图 -调整_t6.dwg,图层 地形,3.88,3.88,170.18,953.61,数字左下方0.8 m处(附近没有测量点符号，按常见偏移推),False,False,,,,,,
测量高程点,山大总图 -调整_t6.dwg,图层 地形,3.28,3.28,165.88,939.96,数字左下方0.8 m处(附近没有测量点符号，按常见偏移推),False,False,,,,,,
测量高程点,山大总图 -调整_t6.dwg,图层 地形,3.47,3.47,157.2,927.97,数字左下方0.8 m处(附近没有测量点符号，按常见偏移推),False,False,,,,,,
测量高程点,山大总图 -调整_t6.dwg,图层 地形,3.25,3.25,149.13,910.83,数字左下方0.8 m处(附近没有测量点符号，按常见偏移推),False,False,,,,,,
测量高程点,山大总图 -调整_t6.dwg,图层 地形,3.31,3.31,137.34,915.56,数字左下方0.8 m处(附近没有测量点符号，按常见偏移推),False,False,,,,,,
测量高程点,山大总图 -调整_t6.dwg,图层 地形,3.51,3.51,169.92,909.36,数字左下方0.8 m处(附近没有测量点符号，按常见偏移推),False,False,,,,,,
测量高程点,山大总图 -调整_t6.dwg,图层 地形,3.78,3.78,172.78,925.02,数字左下方0.8 m处(附近没有测量点符号，按常见偏移推),False,False,,,,,,
测量高程点,山大总图 -调整_t6.dwg,图层 地形,3.87,3.87,185.94,922.45,数字左下方0.8 m处(附近没有测量点符号，按常见偏移推),False,False,,,,,,
测量高程点,山大总图 -调整_t6.dwg,图层 地形,3.79,3.79,198.25,918.85,数字左下方0.8 m处(附近没有测量点符号，按常见偏移推),False,False,,,,,,
测量高程点,山大总图 -调整_t6.dwg,图层 地形,3.26,3.26,107.07,802.4,数字左下方0.8 m处(附近没有测量点符号，按常见偏移推),False,False,3.24,3.24,3.24,0.0,0.01,0.02
测量高程点,山大总图 -调整_t6.dwg,图层 地形,2.94,2.94,63.11,825.28,数字左下方0.8 m处(附近没有测量点符号，按常见偏移推),False,False,3.32,3.32,3.32,-0.39,-0.39,-0.37
测量高程点,山大总图 -调整_t6.dwg,图层 地形,3.43,3.43,57.9,836.49,数字左下方0.8 m处(附近没有测量点符号，按常见偏移推),False,False,,,,,,
测量高程点,山大总图 -调整_t6.dwg,图层 地形,2.90,2.9,66.31,849.6,数字左下方0.8 m处(附近没有测量点符号，按常见偏移推),False,False,,,,,,
测量高程点,山大总图 -调整_t6.dwg,图层 地形,3.56,3.56,62.16,860.61,数字左下方0.8 m处(附近没有测量点符号，按常见偏移推),False,False,,,,,,
测量高程点,山大总图 -调整_t6.dwg,图层 地形,2.96,2.96,77.38,898.46,数字左下方0.8 m处(附近没有测量点符号，按常见偏移推),False,False,,,,,,
测量高程点,山大总图 -调整_t6.dwg,图层 地形,3.71,3.71,71.65,908.12,数字左下方0.8 m处(附近没有测量点符号，按常见偏移推),False,False,,,,,,
测量高程点,山大总图 -调整_t6.dwg,图层 地形,3.00,3.0,76.92,921.11,数字左下方0.8 m处(附近没有测量点符号，按常见偏移推),False,False,,,,,,
测量高程点,山大总图 -调整_t6.dwg,图层 地形,3.86,3.86,73.89,931.79,数字左下方0.8 m处(附近没有测量点符号，按常见偏移推),False,False,,,,,,
测量高程点,山大总图 -调整_t6.dwg,图层 地形,3.94,3.94,77.89,957.24,数字左下方0.8 m处(附近没有测量点符号，按常见偏移推),False,False,,,,,,
测量高程点,山大总图 -调整_t6.dwg,图层 地形,3.44,3.44,-21.97,929.8,数字左下方0.8 m处(附近没有测量点符号，按常见偏移推),False,False,,,,,,
测量高程点,山大总图 -调整_t6.dwg,图层 地形,3.47,3.47,38.07,959.55,数字左下方0.8 m处(附近没有测量点符号，按常见偏移推),False,False,,,,,,
测量高程点,山大总图 -调整_t6.dwg,图层 地形,3.88,3.88,39.27,940.85,数字左下方0.8 m处(附近没有测量点符号，按常见偏移推),False,False,,,,,,
测量高程点,山大总图 -调整_t6.dwg,图层 地形,3.72,3.72,34.73,913.37,数字左下方0.8 m处(附近没有测量点符号，按常见偏移推),False,False,,,,,,
测量高程点,山大总图 -调整_t6.dwg,图层 地形,3.72,3.72,29.95,884.43,数字左下方0.8 m处(附近没有测量点符号，按常见偏移推),False,False,,,,,,
测量高程点,山大总图 -调整_t6.dwg,图层 地形,3.48,3.48,26.15,860.06,数字左下方0.8 m处(附近没有测量点符号，按常见偏移推),False,False,,,,,,
测量高程点,山大总图 -调整_t6.dwg,图层 地形,3.39,3.39,29.01,836.46,数字左下方0.8 m处(附近没有测量点符号，按常见偏移推),False,False,,,,,,
测量高程点,山大总图 -调整_t6.dwg,图层 地形,3.46,3.46,34.64,870.38,数字左下方0.8 m处(附近没有测量点符号，按常见偏移推),False,False,,,,,,
测量高程点,山大总图 -调整_t6.dwg,图层 地形,3.61,3.61,39.62,899.99,数字左下方0.8 m处(附近没有测量点符号，按常见偏移推),False,False,,,,,,
测量高程点,山大总图 -调整_t6.dwg,图层 地形,3.83,3.83,72.75,959.95,数字左下方0.8 m处(附近没有测量点符号，按常见偏移推),False,False,,,,,,
测量高程点,山大总图 -调整_t6.dwg,图层 地形,3.73,3.73,67.97,928.41,测量点符号(gc200)的位置,False,False,,,,,,
测量高程点,山大总图 -调整_t6.dwg,图层 地形,3.38,3.38,56.97,869.81,数字左下方0.8 m处(附近没有测量点符号，按常见偏移推),False,False,,,,,,
测量高程点,山大总图 -调整_t6.dwg,图层 地形,3.27,3.27,51.87,835.14,数字左下方0.8 m处(附近没有测量点符号，按常见偏移推),False,False,3.35,3.36,3.35,-0.09,-0.1,-0.07
测量高程点,山大总图 -调整_t6.dwg,图层 地形,3.17,3.17,97.63,802.08,测量点符号(gc200)的位置,False,False,3.25,3.25,3.25,-0.09,-0.09,-0.07
测量高程点,山大总图 -调整_t6.dwg,图层 地形,3.23,3.23,130.1,794.93,数字左下方0.8 m处(附近没有测量点符号，按常见偏移推),False,False,3.22,3.22,3.22,-0.01,-0.01,0.01
测量高程点,山大总图 -调整_t6.dwg,图层 地形,3.12,3.12,163.28,789.0,数字左下方0.8 m处(附近没有测量点符号，按常见偏移推),False,False,3.21,3.21,3.21,-0.11,-0.1,-0.09
测量高程点,山大总图 -调整_t6.dwg,图层 地形,3.05,3.05,198.06,783.7,数字左下方0.8 m处(附近没有测量点符号，按常见偏移推),False,False,3.21,3.21,3.21,-0.17,-0.17,-0.15
测量高程点,山大总图 -调整_t6.dwg,图层 地形,2.83,2.83,182.2,719.28,数字左下方0.8 m处(附近没有测量点符号，按常见偏移推),True,False,3.2,3.21,3.21,-0.39,-0.39,-0.37
测量高程点,山大总图 -调整_t6.dwg,图层 地形,2.79,2.79,153.87,723.05,数字左下方0.8 m处(附近没有测量点符号，按常见偏移推),True,False,3.21,3.21,3.21,-0.43,-0.43,-0.41
测量高程点,山大总图 -调整_t6.dwg,图层 地形,2.84,2.84,148.91,734.87,数字左下方0.8 m处(附近没有测量点符号，按常见偏移推),True,False,3.21,3.21,3.21,-0.38,-0.38,-0.36
测量高程点,山大总图 -调整_t6.dwg,图层 地形,2.80,2.8,169.63,731.51,数字左下方0.8 m处(附近没有测量点符号，按常见偏移推),True,False,3.21,3.21,3.21,-0.42,-0.42,-0.4
测量高程点,山大总图 -调整_t6.dwg,图层 地形,2.90,2.9,193.2,727.65,数字左下方0.8 m处(附近没有测量点符号，按常见偏移推),True,False,3.21,3.21,3.21,-0.32,-0.32,-0.3
测量高程点,山大总图 -调整_t6.dwg,图层 地形,3.30,3.3,179.66,733.96,数字左下方0.8 m处(附近没有测量点符号，按常见偏移推),True,False,3.21,3.21,3.21,0.08,0.08,0.1
测量高程点,山大总图 -调整_t6.dwg,图层 地形,3.29,3.29,148.24,739.66,数字左下方0.8 m处(附近没有测量点符号，按常见偏移推),True,False,3.21,3.21,3.21,0.07,0.07,0.09
测量高程点,山大总图 -调整_t6.dwg,图层 地形,3.34,3.34,106.57,746.42,数字左下方0.8 m处(附近没有测量点符号，按常见偏移推),True,False,3.22,3.22,3.22,0.1,0.11,0.13
测量高程点,山大总图 -调整_t6.dwg,图层 地形,3.36,3.36,69.47,752.29,数字左下方0.8 m处(附近没有测量点符号，按常见偏移推),True,False,3.24,3.24,3.24,0.1,0.1,0.12
测量高程点,山大总图 -调整_t6.dwg,图层 地形,3.33,3.33,91.89,752.15,数字左下方0.8 m处(附近没有测量点符号，按常见偏移推),True,False,3.23,3.23,3.23,0.08,0.08,0.1
测量高程点,山大总图 -调整_t6.dwg,图层 地形,3.21,3.21,130.17,746.16,数字左下方0.8 m处(附近没有测量点符号，按常见偏移推),True,False,3.21,3.21,3.21,-0.01,-0.02,0.0
测量高程点,山大总图 -调整_t6.dwg,图层 地形,3.15,3.15,161.1,740.89,数字左下方0.8 m处(附近没有测量点符号，按常见偏移推),True,False,3.21,3.21,3.21,-0.07,-0.07,-0.05
测量高程点,山大总图 -调整_t6.dwg,图层 地形,3.11,3.11,194.12,735.66,数字左下方0.8 m处(附近没有测量点符号，按常见偏移推),True,False,3.21,3.21,3.21,-0.11,-0.11,-0.09
测量高程点,山大总图 -调整_t6.dwg,图层 地形,3.23,3.23,81.83,746.5,数字左下方0.8 m处(附近没有测量点符号，按常见偏移推),True,False,3.23,3.23,3.23,-0.02,-0.02,0.0
测量高程点,山大总图 -调整_t6.dwg,图层 地形,3.20,3.2,58.26,740.39,数字左下方0.8 m处(附近没有测量点符号，按常见偏移推),True,False,3.24,3.25,3.25,-0.06,-0.06,-0.04
测量高程点,山大总图 -调整_t6.dwg,图层 地形,3.20,3.2,43.33,750.9,数字左下方0.8 m处(附近没有测量点符号，按常见偏移推),True,False,3.27,3.27,3.27,-0.08,-0.08,-0.06
测量高程点,山大总图 -调整_t6.dwg,图层 地形,2.30,2.3,4.34,720.74,数字左下方0.8 m处(附近没有测量点符号，按常见偏移推),True,False,3.26,3.26,3.23,-0.98,-0.98,-0.92
测量高程点,山大总图 -调整_t6.dwg,图层 地形,2.30,2.3,-10.11,726.19,数字左下方0.8 m处(附近没有测量点符号，按常见偏移推),True,False,3.28,3.28,3.22,-1.0,-1.0,-0.92
测量高程点,山大总图 -调整_t6.dwg,图层 地形,2.31,2.31,-25.2,737.51,数字左下方0.8 m处(附近没有测量点符号，按常见偏移推),True,False,3.33,3.33,3.28,-1.03,-1.03,-0.97
测量高程点,山大总图 -调整_t6.dwg,图层 地形,3.27,3.27,-2.09,764.85,数字左下方0.8 m处(附近没有测量点符号，按常见偏移推),True,False,3.35,3.35,3.34,-0.09,-0.09,-0.06
测量高程点,山大总图 -调整_t6.dwg,图层 地形,3.24,3.24,-16.58,770.65,数字左下方0.8 m处(附近没有测量点符号，按常见偏移推),True,False,3.39,3.39,3.4,-0.16,-0.16,-0.16
测量高程点,山大总图 -调整_t6.dwg,图层 地形,3.26,3.26,-32.45,765.33,数字左下方0.8 m处(附近没有测量点符号，按常见偏移推),True,False,3.4,3.41,3.41,-0.16,-0.16,-0.14
测量高程点,山大总图 -调整_t6.dwg,图层 地形,3.08,3.08,-13.47,753.32,数字左下方0.8 m处(附近没有测量点符号，按常见偏移推),True,False,3.34,3.34,3.35,-0.27,-0.28,-0.27
测量高程点,山大总图 -调整_t6.dwg,图层 地形,3.22,3.22,1.48,745.12,数字左下方0.8 m处(附近没有测量点符号，按常见偏移推),True,False,3.3,3.3,3.31,-0.1,-0.1,-0.09
测量高程点,山大总图 -调整_t6.dwg,图层 地形,3.24,3.24,15.0,734.6,数字左下方0.8 m处(附近没有测量点符号，按常见偏移推),True,False,3.28,3.28,3.28,-0.05,-0.05,-0.04
测量高程点,山大总图 -调整_t6.dwg,图层 地形,2.77,2.77,-14.85,828.1,数字左下方0.8 m处(附近没有测量点符号，按常见偏移推),False,False,3.57,3.57,3.57,-0.81,-0.81,-0.79
测量高程点,山大总图 -调整_t6.dwg,图层 地形,3.42,3.42,-46.77,828.05,数字左下方0.8 m处(附近没有测量点符号，按常见偏移推),False,False,3.83,3.83,3.83,-0.43,-0.42,-0.41
测量高程点,山大总图 -调整_t6.dwg,图层 地形,3.31,3.31,-46.39,775.91,数字左下方0.8 m处(附近没有测量点符号，按常见偏移推),True,False,3.46,3.46,3.47,-0.17,-0.17,-0.16
测量高程点,山大总图 -调整_t6.dwg,图层 地形,3.17,3.17,11.13,716.88,数字左下方0.8 m处(附近没有测量点符号，按常见偏移推),True,False,3.25,3.25,3.22,-0.1,-0.1,-0.04
测量高程点,山大总图 -调整_t6.dwg,图层 地形,3.14,3.14,-2.04,727.82,数字左下方0.8 m处(附近没有测量点符号，按常见偏移推),True,False,3.28,3.28,3.28,-0.15,-0.15,-0.14
测量高程点,山大总图 -调整_t6.dwg,图层 地形,3.17,3.17,-14.91,736.16,数字左下方0.8 m处(附近没有测量点符号，按常见偏移推),True,False,3.31,3.31,3.32,-0.15,-0.15,-0.14
测量高程点,山大总图 -调整_t6.dwg,图层 地形,3.26,3.26,-30.32,747.09,数字左下方0.8 m处(附近没有测量点符号，按常见偏移推),True,False,3.35,3.39,3.39,-0.11,-0.14,-0.12
测量高程点,山大总图 -调整_t6.dwg,图层 地形,2.25,2.25,-45.88,751.1,数字左下方0.8 m处(附近没有测量点符号，按常见偏移推),True,False,3.39,3.43,3.43,-1.16,-1.19,-1.17
测量高程点,山大总图 -调整_t6.dwg,图层 地形,3.15,3.15,-44.19,755.88,数字左下方0.8 m处(附近没有测量点符号，按常见偏移推),True,False,3.4,3.43,3.43,-0.27,-0.29,-0.27
测量高程点,山大总图 -调整_t6.dwg,图层 地形,2.55,2.55,194.78,714.89,数字左下方0.8 m处(附近没有测量点符号，按常见偏移推),True,False,3.2,3.21,3.21,-0.67,-0.67,-0.65
测量高程点,山大总图 -调整_t6.dwg,图层 地形,2.84,2.84,160.05,714.49,数字左下方0.8 m处(附近没有测量点符号，按常见偏移推),True,False,3.2,3.21,3.21,-0.38,-0.38,-0.36
测量高程点,山大总图 -调整_t6.dwg,图层 地形,2.90,2.9,172.67,713.02,数字左下方0.8 m处(附近没有测量点符号，按常见偏移推),True,False,3.2,3.21,3.21,-0.32,-0.32,-0.3
测量高程点,山大总图 -调整_t6.dwg,图层 地形,2.37,2.37,136.31,714.59,数字左下方0.8 m处(附近没有测量点符号，按常见偏移推),True,False,3.21,3.21,3.2,-0.85,-0.85,-0.82
测量高程点,山大总图 -调整_t6.dwg,图层 地形,3.10,3.1,48.98,715.73,数字左下方0.8 m处(附近没有测量点符号，按常见偏移推),True,False,3.23,3.23,3.2,-0.14,-0.14,-0.1
测量高程点,山大总图 -调整_t6.dwg,图层 地形,2.24,2.24,60.76,717.52,数字左下方0.8 m处(附近没有测量点符号，按常见偏移推),True,False,3.22,3.22,3.2,-1.0,-1.0,-0.96
测量高程点,山大总图 -调整_t6.dwg,图层 地形,3.04,3.04,67.08,728.94,数字左下方0.8 m处(附近没有测量点符号，按常见偏移推),True,False,3.23,3.23,3.24,-0.2,-0.2,-0.2
测量高程点,山大总图 -调整_t6.dwg,图层 地形,2.28,2.28,81.01,730.83,数字左下方0.8 m处(附近没有测量点符号，按常见偏移推),True,False,3.22,3.23,3.23,-0.96,-0.96,-0.95
测量高程点,山大总图 -调整_t6.dwg,图层 地形,3.05,3.05,84.91,739.5,数字左下方0.8 m处(附近没有测量点符号，按常见偏移推),True,False,3.23,3.23,3.23,-0.19,-0.19,-0.17
测量高程点,山大总图 -调整_t6.dwg,图层 地形,2.28,2.28,99.87,736.74,数字左下方0.8 m处(附近没有测量点符号，按常见偏移推),True,False,3.22,3.22,3.22,-0.95,-0.95,-0.94
测量高程点,山大总图 -调整_t6.dwg,图层 地形,3.15,3.15,110.98,739.0,数字左下方0.8 m处(附近没有测量点符号，按常见偏移推),True,False,3.21,3.22,3.22,-0.08,-0.08,-0.06
测量高程点,山大总图 -调整_t6.dwg,图层 地形,2.33,2.33,117.92,734.32,数字左下方0.8 m处(附近没有测量点符号，按常见偏移推),True,False,3.21,3.21,3.21,-0.9,-0.9,-0.88
测量高程点,山大总图 -调整_t6.dwg,图层 地形,3.06,3.06,127.69,733.38,数字左下方0.8 m处(附近没有测量点符号，按常见偏移推),True,False,3.21,3.21,3.21,-0.16,-0.16,-0.15
测量高程点,山大总图 -调整_t6.dwg,图层 地形,2.31,2.31,132.81,725.38,数字左下方0.8 m处(附近没有测量点符号，按常见偏移推),True,False,3.21,3.21,3.21,-0.91,-0.91,-0.9
测量高程点,山大总图 -调整_t6.dwg,图层 地形,2.80,2.8,139.71,719.35,数字左下方0.8 m处(附近没有测量点符号，按常见偏移推),True,False,3.21,3.21,3.21,-0.42,-0.42,-0.4
测量高程点,山大总图 -调整_t6.dwg,图层 地形,2.30,2.3,7.3,713.73,数字左下方0.8 m处(附近没有测量点符号，按常见偏移推),True,False,3.25,3.25,3.21,-0.96,-0.96,-0.9
测量高程点,山大总图 -调整_t6.dwg,图层 地形,3.13,3.13,14.11,713.49,数字左下方0.8 m处(附近没有测量点符号，按常见偏移推),True,False,3.25,3.25,3.21,-0.13,-0.13,-0.07
测量高程点,山大总图 -调整_t6.dwg,图层 地形,1.80,1.8,-37.45,721.42,数字左下方0.8 m处(附近没有测量点符号，按常见偏移推),True,False,3.31,3.31,3.23,-1.52,-1.52,-1.42
测量高程点,山大总图 -调整_t6.dwg,图层 地形,1.80,1.8,102.8,718.06,数字左下方0.8 m处(附近没有测量点符号，按常见偏移推),True,False,3.21,3.22,3.2,-1.43,-1.43,-1.4
测量高程点,山大总图 -调整_t6.dwg,图层 地形,3.71,3.71,197.82,818.58,测量点符号(gc200)的位置,False,False,3.21,3.21,3.21,0.49,0.49,0.51
测量高程点,山大总图 -调整_t6.dwg,图层 地形,3.61,3.61,195.37,808.01,数字左下方0.8 m处(附近没有测量点符号，按常见偏移推),False,False,3.21,3.21,3.21,0.39,0.39,0.41
测量高程点,山大总图 -调整_t6.dwg,图层 地形,4.15,4.15,139.95,940.61,测量点符号(gc200)的位置,False,False,,,,,,
测量高程点,山大总图 -调整_t6.dwg,图层 地形,4.19,4.19,142.17,914.82,测量点符号(gc200)的位置,False,False,,,,,,
测量高程点,山大总图 -调整_t6.dwg,图层 地形,4.17,4.17,142.42,926.37,测量点符号(gc200)的位置,False,False,,,,,,
测量高程点,山大总图 -调整_t6.dwg,图层 地形,3.35,3.35,25.19,929.09,测量点符号(gc200)的位置,False,False,,,,,,
测量高程点,山大总图 -调整_t6.dwg,图层 地形,3.72,3.72,113.93,830.3,数字左下方0.8 m处(附近没有测量点符号，按常见偏移推),False,False,3.25,3.25,3.25,0.46,0.46,0.48
测量高程点,山大总图 -调整_t6.dwg,图层 地形,3.72,3.72,156.3,821.93,数字左下方0.8 m处(附近没有测量点符号，按常见偏移推),False,False,3.21,3.21,3.21,0.49,0.49,0.51
测量高程点,山大总图 -调整_t6.dwg,图层 地形,4.00,4.0,84.53,868.55,数字左下方0.8 m处(附近没有测量点符号，按常见偏移推),False,False,,,,,,
测量高程点,山大总图 -调整_t6.dwg,图层 地形,4.29,4.29,188.47,916.56,测量点符号(gc200)的位置,False,False,,,,,,
测量高程点,山大总图 -调整_t6.dwg,图层 地形,3.98,3.98,197.8,895.67,测量点符号(gc200)的位置,False,False,,,,,,
测量高程点,山大总图 -调整_t6.dwg,图层 地形,4.17,4.17,181.69,905.02,测量点符号(gc200)的位置,False,False,,,,,,
测量高程点,山大总图 -调整_t6.dwg,图层 地形,3.38,3.38,46.06,913.05,测量点符号(gc200)的位置,False,False,,,,,,
测量高程点,山大总图 -调整_t6.dwg,图层 地形,3.57,3.57,40.43,926.09,数字左下方0.8 m处(附近没有测量点符号，按常见偏移推),False,False,,,,,,
测量高程点,山大总图 -调整_t6.dwg,图层 地形,3.57,3.57,42.86,919.39,测量点符号(gc200)的位置,False,False,,,,,,
测量高程点,山大总图 -调整_t6.dwg,图层 地形,3.46,3.46,37.02,910.6,数字左下方0.8 m处(附近没有测量点符号，按常见偏移推),False,False,,,,,,
测量高程点,山大总图 -调整_t6.dwg,图层 地形,3.38,3.38,38.23,890.95,测量点符号(gc200)的位置,False,False,,,,,,
测量高程点,山大总图 -调整_t6.dwg,图层 地形,3.27,3.27,23.06,826.29,测量点符号(gc200)的位置,False,False,3.4,3.41,3.4,-0.15,-0.15,-0.13
测量高程点,山大总图 -调整_t6.dwg,图层 地形,3.30,3.3,16.94,817.65,测量点符号(gc200)的位置,False,False,3.44,3.44,3.44,-0.16,-0.15,-0.14
测量高程点,山大总图 -调整_t6.dwg,图层 地形,3.53,3.53,201.36,800.9,测量点符号(gc200)的位置,False,False,3.21,3.21,3.21,0.31,0.31,0.33
测量高程点,山大总图 -调整_t6.dwg,图层 地形,3.64,3.64,192.05,808.63,测量点符号(gc200)的位置,False,False,3.21,3.21,3.21,0.42,0.42,0.44
测量高程点,山大总图 -调整_t6.dwg,图层 地形,3.64,3.64,184.37,812.05,测量点符号(gc200)的位置,False,False,3.21,3.21,3.21,0.42,0.42,0.44
测量高程点,山大总图 -调整_t6.dwg,图层 地形,3.62,3.62,174.96,794.24,测量点符号(gc200)的位置,False,False,3.21,3.21,3.21,0.4,0.4,0.42
测量高程点,山大总图 -调整_t6.dwg,图层 地形,3.25,3.25,179.24,788.34,测量点符号(gc200)的位置,False,False,3.21,3.21,3.21,0.03,0.03,0.05
测量高程点,山大总图 -调整_t6.dwg,图层 地形,2.98,2.98,178.4,784.72,测量点符号(gc200)的位置,False,False,3.21,3.21,3.21,-0.24,-0.24,-0.22
测量高程点,山大总图 -调整_t6.dwg,图层 地形,3.43,3.43,186.05,787.08,数字左下方0.8 m处(附近没有测量点符号，按常见偏移推),False,False,3.21,3.21,3.21,0.21,0.21,0.23
测量高程点,山大总图 -调整_t6.dwg,图层 地形,3.39,3.39,187.58,794.57,数字左下方0.8 m处(附近没有测量点符号，按常见偏移推),False,False,3.21,3.21,3.21,0.17,0.17,0.19
测量高程点,山大总图 -调整_t6.dwg,图层 地形,3.44,3.44,194.01,796.14,测量点符号(gc200)的位置,False,False,3.21,3.21,3.21,0.22,0.22,0.24
测量高程点,山大总图 -调整_t6.dwg,图层 地形,3.44,3.44,195.17,790.9,测量点符号(gc200)的位置,False,False,3.21,3.21,3.21,0.22,0.22,0.24
测量高程点,山大总图 -调整_t6.dwg,图层 地形,3.34,3.34,200.12,787.67,测量点符号(gc200)的位置,False,False,3.21,3.21,3.21,0.12,0.12,0.14
测量高程点,山大总图 -调整_t6.dwg,图层 地形,3.38,3.38,148.34,795.65,测量点符号(gc200)的位置,False,False,3.22,3.22,3.22,0.15,0.15,0.17
测量高程点,山大总图 -调整_t6.dwg,图层 地形,3.07,3.07,132.6,796.62,数字左下方0.8 m处(附近没有测量点符号，按常见偏移推),False,False,3.22,3.22,3.22,-0.17,-0.17,-0.15
测量高程点,山大总图 -调整_t6.dwg,图层 地形,3.32,3.32,139.76,805.34,测量点符号(gc200)的位置,False,False,3.22,3.22,3.22,0.08,0.08,0.1
测量高程点,山大总图 -调整_t6.dwg,图层 地形,3.37,3.37,150.57,801.79,数字左下方0.8 m处(附近没有测量点符号，按常见偏移推),False,False,3.22,3.22,3.22,0.14,0.14,0.16
测量高程点,山大总图 -调整_t6.dwg,图层 地形,3.40,3.4,165.32,801.15,测量点符号(gc200)的位置,False,False,3.21,3.21,3.21,0.17,0.18,0.19
测量高程点,山大总图 -调整_t6.dwg,图层 地形,3.59,3.59,175.86,800.51,数字左下方0.8 m处(附近没有测量点符号，按常见偏移推),False,False,3.21,3.21,3.21,0.37,0.37,0.39
测量高程点,山大总图 -调整_t6.dwg,图层 地形,3.59,3.59,178.73,809.66,测量点符号(gc200)的位置,False,False,3.21,3.21,3.21,0.37,0.37,0.39
测量高程点,山大总图 -调整_t6.dwg,图层 地形,3.78,3.78,172.26,812.01,测量点符号(gc200)的位置,False,False,3.21,3.21,3.21,0.56,0.56,0.58
测量高程点,山大总图 -调整_t6.dwg,图层 地形,3.70,3.7,174.73,816.68,测量点符号(gc200)的位置,False,False,3.21,3.21,3.21,0.48,0.48,0.5
测量高程点,山大总图 -调整_t6.dwg,图层 地形,3.51,3.51,172.98,805.83,测量点符号(gc200)的位置,False,False,3.21,3.21,3.21,0.29,0.29,0.31
测量高程点,山大总图 -调整_t6.dwg,图层 地形,3.47,3.47,154.9,812.08,测量点符号(gc200)的位置,False,False,3.21,3.21,3.21,0.24,0.24,0.26
测量高程点,山大总图 -调整_t6.dwg,图层 地形,3.64,3.64,143.07,815.7,测量点符号(gc200)的位置,False,False,3.22,3.22,3.22,0.4,0.41,0.42
测量高程点,山大总图 -调整_t6.dwg,图层 地形,3.74,3.74,142.76,821.94,测量点符号(gc200)的位置,False,False,3.22,3.22,3.22,0.5,0.51,0.52
测量高程点,山大总图 -调整_t6.dwg,图层 地形,3.99,3.99,166.51,829.65,测量点符号(gc200)的位置,False,False,3.21,3.21,3.21,0.77,0.77,0.78
测量高程点,山大总图 -调整_t6.dwg,图层 地形,3.94,3.94,155.56,831.32,测量点符号(gc200)的位置,False,False,3.21,3.21,3.21,0.71,0.71,0.73
测量高程点,山大总图 -调整_t6.dwg,图层 地形,4.00,4.0,140.41,839.13,测量点符号(gc200)的位置,False,False,,,,,,
测量高程点,山大总图 -调整_t6.dwg,图层 地形,3.95,3.95,134.95,834.56,测量点符号(gc200)的位置,False,False,3.23,3.23,3.23,0.71,0.71,0.73
测量高程点,山大总图 -调整_t6.dwg,图层 地形,3.73,3.73,132.92,829.7,测量点符号(gc200)的位置,False,False,3.23,3.23,3.23,0.49,0.49,0.51
测量高程点,山大总图 -调整_t6.dwg,图层 地形,3.82,3.82,122.72,835.2,数字左下方0.8 m处(附近没有测量点符号，按常见偏移推),False,False,3.24,3.24,3.24,0.56,0.57,0.58
测量高程点,山大总图 -调整_t6.dwg,图层 地形,3.91,3.91,118.66,842.6,测量点符号(gc200)的位置,False,False,,,,,,
测量高程点,山大总图 -调整_t6.dwg,图层 地形,3.86,3.86,103.27,841.19,测量点符号(gc200)的位置,False,False,,,,,,
测量高程点,山大总图 -调整_t6.dwg,图层 地形,3.77,3.77,102.25,834.9,测量点符号(gc200)的位置,False,False,3.26,3.26,3.26,0.5,0.5,0.52
测量高程点,山大总图 -调整_t6.dwg,图层 地形,3.75,3.75,100.38,823.95,测量点符号(gc200)的位置,False,False,3.25,3.25,3.25,0.48,0.48,0.5
测量高程点,山大总图 -调整_t6.dwg,图层 地形,3.58,3.58,131.42,818.05,测量点符号(gc200)的位置,False,False,3.23,3.23,3.23,0.34,0.34,0.36
测量高程点,山大总图 -调整_t6.dwg,图层 地形,3.62,3.62,113.02,822.96,数字左下方0.8 m处(附近没有测量点符号，按常见偏移推),False,False,3.24,3.24,3.24,0.36,0.36,0.38
测量高程点,山大总图 -调整_t6.dwg,图层 地形,3.43,3.43,99.41,817.95,测量点符号(gc200)的位置,False,False,3.25,3.25,3.25,0.16,0.16,0.18
测量高程点,山大总图 -调整_t6.dwg,图层 地形,3.44,3.44,110.39,806.19,数字左下方0.8 m处(附近没有测量点符号，按常见偏移推),False,False,3.24,3.24,3.24,0.19,0.19,0.21
测量高程点,山大总图 -调整_t6.dwg,图层 地形,3.32,3.32,122.85,804.06,数字左下方0.8 m处(附近没有测量点符号，按常见偏移推),False,False,3.23,3.23,3.23,0.08,0.08,0.09
测量高程点,山大总图 -调整_t6.dwg,图层 地形,3.29,3.29,125.92,808.57,数字左下方0.8 m处(附近没有测量点符号，按常见偏移推),False,False,3.23,3.23,3.23,0.05,0.05,0.06
测量高程点,山大总图 -调整_t6.dwg,图层 地形,3.06,3.06,104.6,795.49,数字左下方0.8 m处(附近没有测量点符号，按常见偏移推),False,False,3.24,3.24,3.24,-0.2,-0.19,-0.18
测量高程点,山大总图 -调整_t6.dwg,图层 地形,3.24,3.24,97.63,802.08,测量点符号(gc200)的位置,False,False,3.25,3.25,3.25,-0.02,-0.02,-0.0
测量高程点,山大总图 -调整_t6.dwg,图层 地形,3.65,3.65,96.35,816.78,测量点符号(gc200)的位置,False,False,3.26,3.26,3.26,0.38,0.38,0.4
测量高程点,山大总图 -调整_t6.dwg,图层 地形,3.66,3.66,96.8,836.02,数字左下方0.8 m处(附近没有测量点符号，按常见偏移推),False,False,,,,,,
测量高程点,山大总图 -调整_t6.dwg,图层 地形,3.99,3.99,184.32,881.14,测量点符号(gc200)的位置,False,False,,,,,,
测量高程点,山大总图 -调整_t6.dwg,图层 地形,3.97,3.97,79.95,858.87,数字左下方0.8 m处(附近没有测量点符号，按常见偏移推),False,False,,,,,,
测量高程点,山大总图 -调整_t6.dwg,图层 地形,3.81,3.81,71.8,854.57,数字左下方0.8 m处(附近没有测量点符号，按常见偏移推),False,False,,,,,,
测量高程点,山大总图 -调整_t6.dwg,图层 地形,3.85,3.85,79.67,875.56,测量点符号(gc200)的位置,False,False,,,,,,
测量高程点,山大总图 -调整_t6.dwg,图层 地形,3.67,3.67,82.33,882.63,数字左下方0.8 m处(附近没有测量点符号，按常见偏移推),False,False,,,,,,
测量高程点,山大总图 -调整_t6.dwg,图层 地形,3.85,3.85,80.08,891.7,数字左下方0.8 m处(附近没有测量点符号，按常见偏移推),False,False,,,,,,
测量高程点,山大总图 -调整_t6.dwg,图层 地形,3.89,3.89,84.72,897.08,数字左下方0.8 m处(附近没有测量点符号，按常见偏移推),False,False,,,,,,
测量高程点,山大总图 -调整_t6.dwg,图层 地形,4.01,4.01,88.43,891.18,数字左下方0.8 m处(附近没有测量点符号，按常见偏移推),False,False,,,,,,
测量高程点,山大总图 -调整_t6.dwg,图层 地形,3.97,3.97,96.36,892.72,测量点符号(gc200)的位置,False,False,,,,,,
测量高程点,山大总图 -调整_t6.dwg,图层 地形,3.92,3.92,111.47,893.73,测量点符号(gc200)的位置,False,False,,,,,,
测量高程点,山大总图 -调整_t6.dwg,图层 地形,3.91,3.91,123.06,896.09,测量点符号(gc200)的位置,False,False,,,,,,
测量高程点,山大总图 -调整_t6.dwg,图层 地形,4.00,4.0,198.58,876.88,测量点符号(gc200)的位置,False,False,,,,,,
测量高程点,山大总图 -调整_t6.dwg,图层 地形,3.92,3.92,194.36,883.52,测量点符号(gc200)的位置,False,False,,,,,,
测量高程点,山大总图 -调整_t6.dwg,图层 地形,3.95,3.95,187.81,885.75,数字左下方0.8 m处(附近没有测量点符号，按常见偏移推),False,False,,,,,,
测量高程点,山大总图 -调整_t6.dwg,图层 地形,4.01,4.01,188.81,890.7,数字左下方0.8 m处(附近没有测量点符号，按常见偏移推),False,False,,,,,,
测量高程点,山大总图 -调整_t6.dwg,图层 地形,3.99,3.99,185.21,876.67,测量点符号(gc200)的位置,False,False,,,,,,
测量高程点,山大总图 -调整_t6.dwg,图层 地形,3.90,3.9,177.83,888.81,测量点符号(gc200)的位置,False,False,,,,,,
测量高程点,山大总图 -调整_t6.dwg,图层 地形,3.89,3.89,163.17,896.34,测量点符号(gc200)的位置,False,False,,,,,,
测量高程点,山大总图 -调整_t6.dwg,图层 地形,4.00,4.0,160.39,881.92,测量点符号(gc200)的位置,False,False,,,,,,
测量高程点,山大总图 -调整_t6.dwg,图层 地形,3.90,3.9,148.88,889.86,测量点符号(gc200)的位置,False,False,,,,,,
测量高程点,山大总图 -调整_t6.dwg,图层 地形,3.91,3.91,144.91,894.31,测量点符号(gc200)的位置,False,False,,,,,,
测量高程点,山大总图 -调整_t6.dwg,图层 地形,4.26,4.26,134.38,885.22,测量点符号(gc200)的位置,False,False,,,,,,
测量高程点,山大总图 -调整_t6.dwg,图层 地形,3.47,3.47,53.81,906.29,测量点符号(gc200)的位置,False,False,,,,,,
测量高程点,山大总图 -调整_t6.dwg,图层 地形,3.53,3.53,58.64,935.81,测量点符号(gc200)的位置,False,False,,,,,,
测量高程点,山大总图 -调整_t6.dwg,图层 地形,3.67,3.67,70.35,922.57,测量点符号(gc200)的位置,False,False,,,,,,
测量高程点,山大总图 -调整_t6.dwg,图层 地形,3.33,3.33,61.85,923.85,数字左下方0.8 m处(附近没有测量点符号，按常见偏移推),False,False,,,,,,
测量高程点,山大总图 -调整_t6.dwg,图层 地形,3.97,3.97,76.48,915.63,测量点符号(gc200)的位置,False,False,,,,,,
测量高程点,山大总图 -调整_t6.dwg,图层 地形,3.76,3.76,75.83,909.89,数字左下方0.8 m处(附近没有测量点符号，按常见偏移推),False,False,,,,,,
测量高程点,山大总图 -调整_t6.dwg,图层 地形,3.48,3.48,67.99,912.47,测量点符号(gc200)的位置,False,False,,,,,,
测量高程点,山大总图 -调整_t6.dwg,图层 地形,3.36,3.36,59.63,913.03,数字左下方0.8 m处(附近没有测量点符号，按常见偏移推),False,False,,,,,,
测量高程点,山大总图 -调整_t6.dwg,图层 地形,3.60,3.6,66.55,904.55,数字左下方0.8 m处(附近没有测量点符号，按常见偏移推),False,False,,,,,,
测量高程点,山大总图 -调整_t6.dwg,图层 地形,3.85,3.85,74.55,902.48,数字左下方0.8 m处(附近没有测量点符号，按常见偏移推),False,False,,,,,,
测量高程点,山大总图 -调整_t6.dwg,图层 地形,3.92,3.92,105.11,898.51,测量点符号(gc200)的位置,False,False,,,,,,
测量高程点,山大总图 -调整_t6.dwg,图层 地形,4.02,4.02,84.57,850.91,数字左下方0.8 m处(附近没有测量点符号，按常见偏移推),False,False,,,,,,
测量高程点,山大总图 -调整_t6.dwg,图层 地形,3.88,3.88,67.86,852.91,测量点符号(gc200)的位置,False,False,,,,,,
测量高程点,山大总图 -调整_t6.dwg,图层 地形,3.67,3.67,67.46,839.71,测量点符号(gc200)的位置,False,False,,,,,,
测量高程点,山大总图 -调整_t6.dwg,图层 地形,3.93,3.93,72.7,877.12,测量点符号(gc200)的位置,False,False,,,,,,
测量高程点,山大总图 -调整_t6.dwg,图层 地形,3.79,3.79,72.69,891.79,测量点符号(gc200)的位置,False,False,,,,,,
测量高程点,山大总图 -调整_t6.dwg,图层 地形,3.77,3.77,77.16,895.5,测量点符号(gc200)的位置,False,False,,,,,,
测量高程点,山大总图 -调整_t6.dwg,图层 地形,3.29,3.29,58.24,900.35,数字左下方0.8 m处(附近没有测量点符号，按常见偏移推),False,False,,,,,,
测量高程点,山大总图 -调整_t6.dwg,图层 地形,3.41,3.41,63.98,896.7,测量点符号(gc200)的位置,False,False,,,,,,
测量高程点,山大总图 -调整_t6.dwg,图层 地形,3.57,3.57,66.4,884.87,测量点符号(gc200)的位置,False,False,,,,,,
测量高程点,山大总图 -调整_t6.dwg,图层 地形,3.35,3.35,59.7,878.23,测量点符号(gc200)的位置,False,False,,,,,,
测量高程点,山大总图 -调整_t6.dwg,图层 地形,3.28,3.28,52.58,841.26,数字左下方0.8 m处(附近没有测量点符号，按常见偏移推),False,False,,,,,,
测量高程点,山大总图 -调整_t6.dwg,图层 地形,3.27,3.27,53.61,825.64,测量点符号(gc200)的位置,False,False,3.34,3.35,3.34,-0.08,-0.09,-0.06
测量高程点,山大总图 -调整_t6.dwg,图层 地形,3.19,3.19,49.64,820.43,数字左下方0.8 m处(附近没有测量点符号，按常见偏移推),False,False,3.34,3.35,3.34,-0.16,-0.17,-0.14
测量高程点,山大总图 -调整_t6.dwg,图层 地形,3.26,3.26,75.73,804.9,测量点符号(gc200)的位置,False,False,3.28,3.28,3.28,-0.03,-0.03,-0.01
测量高程点,山大总图 -调整_t6.dwg,图层 地形,3.36,3.36,88.27,808.55,数字左下方0.8 m处(附近没有测量点符号，按常见偏移推),False,False,3.26,3.26,3.26,0.08,0.08,0.1
测量高程点,山大总图 -调整_t6.dwg,图层 地形,3.68,3.68,73.87,817.22,测量点符号(gc200)的位置,False,False,3.29,3.29,3.29,0.38,0.38,0.4
测量高程点,山大总图 -调整_t6.dwg,图层 地形,3.69,3.69,58.6,829.15,数字左下方0.8 m处(附近没有测量点符号，按常见偏移推),False,False,3.33,3.33,3.33,0.35,0.35,0.37
测量高程点,山大总图 -调整_t6.dwg,图层 地形,3.67,3.67,56.86,818.67,数字左下方0.8 m处(附近没有测量点符号，按常见偏移推),False,False,3.32,3.33,3.32,0.33,0.33,0.35
测量高程点,山大总图 -调整_t6.dwg,图层 地形,3.34,3.34,112.78,812.39,测量点符号(gc200)的位置,False,False,3.24,3.24,3.24,0.09,0.09,0.11
测量高程点,山大总图 -调整_t6.dwg,图层 地形,4.11,4.11,122.62,916.73,数字左下方0.8 m处(附近没有测量点符号，按常见偏移推),False,False,,,,,,
测量高程点,山大总图 -调整_t6.dwg,图层 地形,3.40,3.4,-43.64,854.64,测量点符号(gc200)的位置,False,False,,,,,,
测量高程点,山大总图 -调整_t6.dwg,图层 地形,3.96,3.96,-39.97,842.5,数字左下方0.8 m处(附近没有测量点符号，按常见偏移推),False,False,,,,,,
测量高程点,山大总图 -调整_t6.dwg,图层 地形,3.93,3.93,-33.2,839.23,测量点符号(gc200)的位置,False,False,,,,,,
测量高程点,山大总图 -调整_t6.dwg,图层 地形,3.75,3.75,-37.32,829.91,测量点符号(gc200)的位置,False,False,3.72,3.72,3.72,0.01,0.02,0.03
测量高程点,山大总图 -调整_t6.dwg,图层 地形,3.09,3.09,-25.86,822.88,测量点符号(gc200)的位置,False,False,3.57,3.57,3.57,-0.49,-0.49,-0.47
测量高程点,山大总图 -调整_t6.dwg,图层 地形,3.42,3.42,-22.25,844.55,测量点符号(gc200)的位置,False,False,,,,,,
测量高程点,山大总图 -调整_t6.dwg,图层 地形,3.41,3.41,2.13,842.72,测量点符号(gc200)的位置,False,False,,,,,,
测量高程点,山大总图 -调整_t6.dwg,图层 地形,3.36,3.36,13.57,846.02,测量点符号(gc200)的位置,False,False,,,,,,
测量高程点,山大总图 -调整_t6.dwg,图层 地形,3.44,3.44,21.15,856.66,测量点符号(gc200)的位置,False,False,,,,,,
测量高程点,山大总图 -调整_t6.dwg,图层 地形,3.42,3.42,20.86,873.82,数字左下方0.8 m处(附近没有测量点符号，按常见偏移推),False,False,,,,,,
测量高程点,山大总图 -调整_t6.dwg,图层 地形,3.39,3.39,26.57,875.53,测量点符号(gc200)的位置,False,False,,,,,,
测量高程点,山大总图 -调整_t6.dwg,图层 地形,3.10,3.1,39.29,873.45,测量点符号(gc200)的位置,False,False,,,,,,
测量高程点,山大总图 -调整_t6.dwg,图层 地形,3.28,3.28,38.23,890.97,测量点符号(gc200)的位置,False,False,,,,,,
测量高程点,山大总图 -调整_t6.dwg,图层 地形,2.98,2.98,28.57,822.38,测量点符号(gc200)的位置,False,False,3.38,3.37,3.38,-0.41,-0.4,-0.39
测量高程点,山大总图 -调整_t6.dwg,图层 地形,3.05,3.05,32.42,831.45,测量点符号(gc200)的位置,False,False,3.37,3.36,3.37,-0.34,-0.32,-0.32
测量高程点,山大总图 -调整_t6.dwg,图层 地形,3.11,3.11,22.84,820.15,测量点符号(gc200)的位置,False,False,3.4,3.4,3.4,-0.31,-0.31,-0.29
测量高程点,山大总图 -调整_t6.dwg,图层 地形,3.01,3.01,20.4,815.08,测量点符号(gc200)的位置,False,False,3.42,3.42,3.42,-0.42,-0.42,-0.4
测量高程点,山大总图 -调整_t6.dwg,图层 地形,3.03,3.03,11.14,812.81,测量点符号(gc200)的位置,False,False,3.48,3.48,3.48,-0.46,-0.46,-0.44
测量高程点,山大总图 -调整_t6.dwg,图层 地形,3.16,3.16,-5.98,808.14,测量点符号(gc200)的位置,False,False,3.52,3.52,3.52,-0.38,-0.37,-0.36
测量高程点,山大总图 -调整_t6.dwg,图层 地形,2.99,2.99,66.52,803.43,测量点符号(gc200)的位置,False,False,3.29,3.29,3.29,-0.32,-0.32,-0.3
测量高程点,山大总图 -调整_t6.dwg,图层 地形,3.16,3.16,67.22,807.27,测量点符号(gc200)的位置,False,False,3.29,3.29,3.29,-0.15,-0.15,-0.13
测量高程点,山大总图 -调整_t6.dwg,图层 地形,3.09,3.09,67.53,812.16,测量点符号(gc200)的位置,False,False,3.3,3.3,3.3,-0.22,-0.22,-0.2
测量高程点,山大总图 -调整_t6.dwg,图层 地形,3.01,3.01,50.13,828.09,测量点符号(gc200)的位置,False,False,3.35,3.35,3.35,-0.35,-0.36,-0.33
测量高程点,山大总图 -调整_t6.dwg,图层 地形,3.18,3.18,53.61,825.64,测量点符号(gc200)的位置,False,False,3.34,3.35,3.34,-0.17,-0.18,-0.15
测量高程点,山大总图 -调整_t6.dwg,图层 地形,2.93,2.93,53.85,811.56,测量点符号(gc200)的位置,False,False,3.32,3.33,3.32,-0.41,-0.41,-0.39
测量高程点,山大总图 -调整_t6.dwg,图层 地形,3.07,3.07,82.86,794.53,测量点符号(gc200)的位置,False,False,3.26,3.26,3.26,-0.21,-0.21,-0.19
测量高程点,山大总图 -调整_t6.dwg,图层 地形,2.98,2.98,122.66,788.0,测量点符号(gc200)的位置,False,False,3.23,3.23,3.23,-0.26,-0.26,-0.24
测量高程点,山大总图 -调整_t6.dwg,图层 地形,2.98,2.98,154.88,782.62,测量点符号(gc200)的位置,False,False,3.21,3.21,3.21,-0.25,-0.25,-0.23
测量高程点,山大总图 -调整_t6.dwg,图层 地形,2.92,2.92,189.82,776.53,测量点符号(gc200)的位置,False,False,3.21,3.21,3.21,-0.3,-0.3,-0.28
测量高程点,山大总图 -调整_t6.dwg,图层 地形,3.23,3.23,183.03,761.5,测量点符号(gc200)的位置,False,False,3.21,3.21,3.21,0.01,0.01,0.03
测量高程点,山大总图 -调整_t6.dwg,图层 地形,3.27,3.27,152.58,766.73,测量点符号(gc200)的位置,False,False,3.21,3.21,3.21,0.05,0.05,0.07
测量高程点,山大总图 -调整_t6.dwg,图层 地形,3.33,3.33,126.85,770.96,测量点符号(gc200)的位置,False,False,3.22,3.22,3.22,0.1,0.1,0.12
测量高程点,山大总图 -调整_t6.dwg,图层 地形,3.40,3.4,84.21,778.19,测量点符号(gc200)的位置,False,False,3.25,3.25,3.25,0.13,0.14,0.16
测量高程点,山大总图 -调整_t6.dwg,图层 地形,3.40,3.4,-6.95,793.37,测量点符号(gc200)的位置,False,False,3.46,3.46,3.39,-0.07,-0.07,0.02
测量高程点,山大总图 -调整_t6.dwg,图层 地形,3.29,3.29,34.15,786.6,测量点符号(gc200)的位置,False,False,3.34,3.33,3.34,-0.06,-0.06,-0.04
测量高程点,山大总图 -调整_t6.dwg,图层 地形,3.53,3.53,19.19,882.28,测量点符号(gc200)的位置,False,False,,,,,,
测量高程点,山大总图 -调整_t6.dwg,图层 地形,4.73,4.73,-13.79,880.01,数字左下方0.8 m处(附近没有测量点符号，按常见偏移推),False,False,,,,,,
测量高程点,山大总图 -调整_t6.dwg,图层 地形,3.59,3.59,-0.41,857.7,测量点符号(gc200)的位置,False,False,,,,,,
测量高程点,山大总图 -调整_t6.dwg,图层 地形,3.99,3.99,19.46,917.75,测量点符号(gc200)的位置,False,False,,,,,,
测量高程点,山大总图 -调整_t6.dwg,图层 地形,4.30,4.3,18.04,928.4,数字左下方0.8 m处(附近没有测量点符号，按常见偏移推),False,False,,,,,,
测量高程点,山大总图 -调整_t6.dwg,图层 地形,3.69,3.69,32.53,945.16,数字左下方0.8 m处(附近没有测量点符号，按常见偏移推),False,False,,,,,,
测量高程点,山大总图 -调整_t6.dwg,图层 地形,3.91,3.91,20.0,940.03,数字左下方0.8 m处(附近没有测量点符号，按常见偏移推),False,False,,,,,,
测量高程点,山大总图 -调整_t6.dwg,图层 地形,3.82,3.82,26.13,923.11,测量点符号(gc200)的位置,False,False,,,,,,
测量高程点,山大总图 -调整_t6.dwg,图层 地形,4.73,4.73,-11.96,909.17,测量点符号(gc200)的位置,False,False,,,,,,
测量高程点,山大总图 -调整_t6.dwg,图层 地形,4.73,4.73,-21.21,871.36,数字左下方0.8 m处(附近没有测量点符号，按常见偏移推),False,False,,,,,,
测量高程点,山大总图 -调整_t6.dwg,图层 地形,4.73,4.73,1.26,877.47,数字左下方0.8 m处(附近没有测量点符号，按常见偏移推),False,False,,,,,,
测量高程点,山大总图 -调整_t6.dwg,图层 地形,3.52,3.52,-27.93,861.21,测量点符号(gc200)的位置,False,False,,,,,,
测量高程点,山大总图 -调整_t6.dwg,图层 地形,4.00,4.0,147.03,860.02,数字左下方0.8 m处(附近没有测量点符号，按常见偏移推),False,False,,,,,,
测量高程点,山大总图 -调整_t6.dwg,图层 地形,4.30,4.3,-40.75,947.31,数字左下方0.8 m处(附近没有测量点符号，按常见偏移推),False,False,,,,,,
测量高程点,山大总图 -调整_t6.dwg,图层 地形,3.94,3.94,145.04,970.94,数字左下方0.8 m处(附近没有测量点符号，按常见偏移推),False,False,,,,,,
测量高程点,山大总图 -调整_t6.dwg,图层 地形,3.87,3.87,176.23,966.22,数字左下方0.8 m处(附近没有测量点符号，按常见偏移推),False,False,,,,,,
测量高程点,山大总图 -调整_t6.dwg,图层 地形,3.98,3.98,161.49,967.76,数字左下方0.8 m处(附近没有测量点符号，按常见偏移推),False,False,,,,,,
测量高程点,山大总图 -调整_t6.dwg,图层 地形,4.23,4.23,176.14,970.21,数字左下方0.8 m处(附近没有测量点符号，按常见偏移推),False,False,,,,,,
测量高程点,山大总图 -调整_t6.dwg,图层 地形,4.23,4.23,155.96,964.3,数字左下方0.8 m处(附近没有测量点符号，按常见偏移推),False,False,,,,,,
测量高程点,山大总图 -调整_t6.dwg,图层 地形,4.48,4.48,189.77,964.57,数字左下方0.8 m处(附近没有测量点符号，按常见偏移推),False,False,,,,,,
测量高程点,山大总图 -调整_t6.dwg,图层 地形,3.76,3.76,51.22,969.77,数字左下方0.8 m处(附近没有测量点符号，按常见偏移推),False,False,,,,,,
测量高程点,山大总图 -调整_t6.dwg,图层 地形,3.87,3.87,147.18,966.64,数字左下方0.8 m处(附近没有测量点符号，按常见偏移推),False,False,,,,,,
测量高程点,山大总图 -调整_t6.dwg,图层 地形,4.05,4.05,182.57,964.56,数字左下方0.8 m处(附近没有测量点符号，按常见偏移推),False,False,,,,,,
测量高程点,山大总图 -调整_t6.dwg,图层 地形,3.66,3.66,63.69,969.34,数字左下方0.8 m处(附近没有测量点符号，按常见偏移推),False,False,,,,,,
测量高程点,山大总图 -调整_t6.dwg,图层 地形,3.71,3.71,25.11,971.98,数字左下方0.8 m处(附近没有测量点符号，按常见偏移推),False,False,,,,,,
测量高程点,山大总图 -调整_t6.dwg,图层 地形,3.76,3.76,-36.55,970.77,数字左下方0.8 m处(附近没有测量点符号，按常见偏移推),False,False,,,,,,
测量高程点,山大总图 -调整_t6.dwg,图层 地形,2.75,2.75,213.72,718.14,数字左下方0.8 m处(附近没有测量点符号，按常见偏移推),True,True,3.21,3.21,3.21,-0.47,-0.47,-0.45
测量高程点,山大总图 -调整_t6.dwg,图层 地形,2.84,2.84,209.2,713.11,数字左下方0.8 m处(附近没有测量点符号，按常见偏移推),True,True,3.21,3.21,3.21,-0.38,-0.38,-0.36
测量高程点,山大总图 -调整_t6.dwg,图层 地形,3.23,3.23,300.84,713.83,数字左下方0.8 m处(附近没有测量点符号，按常见偏移推),True,False,3.23,3.23,3.23,-0.01,-0.01,0.01
测量高程点,山大总图 -调整_t6.dwg,图层 地形,3.21,3.21,273.45,718.34,数字左下方0.8 m处(附近没有测量点符号，按常见偏移推),True,False,3.22,3.22,3.22,-0.02,-0.02,-0.0
测量高程点,山大总图 -调整_t6.dwg,图层 地形,2.58,2.58,235.78,719.89,数字左下方0.8 m处(附近没有测量点符号，按常见偏移推),True,True,3.21,3.21,3.21,-0.64,-0.64,-0.63
测量高程点,山大总图 -调整_t6.dwg,图层 地形,2.69,2.69,226.59,713.17,数字左下方0.8 m处(附近没有测量点符号，按常见偏移推),True,True,3.21,3.21,3.21,-0.53,-0.53,-0.51
测量高程点,山大总图 -调整_t6.dwg,图层 地形,2.65,2.65,248.25,713.87,数字左下方0.8 m处(附近没有测量点符号，按常见偏移推),True,True,3.21,3.21,3.21,-0.57,-0.57,-0.56
测量高程点,山大总图 -调整_t6.dwg,图层 地形,2.70,2.7,267.37,715.12,数字左下方0.8 m处(附近没有测量点符号，按常见偏移推),True,True,3.22,3.22,3.22,-0.53,-0.53,-0.51
测量高程点,山大总图 -调整_t6.dwg,图层 地形,2.97,2.97,277.35,713.46,数字左下方0.8 m处(附近没有测量点符号，按常见偏移推),True,True,3.22,3.22,3.22,-0.27,-0.26,-0.25
测量高程点,山大总图 -调整_t6.dwg,图层 地形,3.09,3.09,328.4,713.57,数字左下方0.8 m处(附近没有测量点符号，按常见偏移推),True,False,3.24,3.24,3.24,-0.16,-0.16,-0.14
测量高程点,山大总图 -调整_t6.dwg,图层 地形,3.06,3.06,210.53,731.99,数字左下方0.8 m处(附近没有测量点符号，按常见偏移推),True,False,3.21,3.21,3.21,-0.16,-0.16,-0.14
测量高程点,山大总图 -调整_t6.dwg,图层 地形,4.08,4.08,205.08,932.64,数字左下方0.8 m处(附近没有测量点符号，按常见偏移推),False,False,,,,,,
测量高程点,山大总图 -调整_t6.dwg,图层 地形,4.03,4.03,203.74,951.11,数字左下方0.8 m处(附近没有测量点符号，按常见偏移推),False,False,,,,,,
测量高程点,山大总图 -调整_t6.dwg,图层 地形,3.25,3.25,210.11,726.99,数字左下方0.8 m处(附近没有测量点符号，按常见偏移推),True,False,3.21,3.21,3.21,0.03,0.03,0.05
测量高程点,山大总图 -调整_t6.dwg,图层 地形,2.61,2.61,220.85,722.61,数字左下方0.8 m处(附近没有测量点符号，按常见偏移推),True,True,3.21,3.21,3.21,-0.61,-0.61,-0.59
测量高程点,山大总图 -调整_t6.dwg,图层 地形,3.28,3.28,231.9,725.55,数字左下方0.8 m处(附近没有测量点符号，按常见偏移推),True,False,3.21,3.21,3.21,0.06,0.06,0.08
测量高程点,山大总图 -调整_t6.dwg,图层 地形,3.18,3.18,249.34,726.09,数字左下方0.8 m处(附近没有测量点符号，按常见偏移推),True,False,3.21,3.21,3.21,-0.04,-0.04,-0.03
测量高程点,山大总图 -调整_t6.dwg,图层 地形,3.16,3.16,257.93,720.88,数字左下方0.8 m处(附近没有测量点符号，按常见偏移推),True,False,3.21,3.21,3.21,-0.06,-0.07,-0.05
测量高程点,山大总图 -调整_t6.dwg,图层 地形,3.13,3.13,286.96,719.8,数字左下方0.8 m处(附近没有测量点符号，按常见偏移推),True,False,3.22,3.22,3.22,-0.11,-0.11,-0.09
测量高程点,山大总图 -调整_t6.dwg,图层 地形,3.35,3.35,257.24,777.95,数字左下方0.8 m处(附近没有测量点符号，按常见偏移推),False,False,3.21,3.21,3.21,0.13,0.13,0.15
测量高程点,山大总图 -调整_t6.dwg,图层 地形,2.56,2.56,302.9,772.58,数字左下方0.8 m处(附近没有测量点符号，按常见偏移推),False,False,3.21,3.21,3.21,-0.66,-0.66,-0.64
测量高程点,山大总图 -调整_t6.dwg,图层 地形,3.04,3.04,315.5,768.3,数字左下方0.8 m处(附近没有测量点符号，按常见偏移推),False,False,3.21,3.21,3.21,-0.18,-0.18,-0.17
测量高程点,山大总图 -调整_t6.dwg,图层 地形,3.38,3.38,343.88,763.1,数字左下方0.8 m处(附近没有测量点符号，按常见偏移推),False,False,3.21,3.21,3.21,0.15,0.15,0.17
测量高程点,山大总图 -调整_t6.dwg,图层 地形,2.68,2.68,362.66,764.83,数字左下方0.8 m处(附近没有测量点符号，按常见偏移推),False,False,3.21,3.21,3.21,-0.55,-0.55,-0.53
测量高程点,山大总图 -调整_t6.dwg,图层 地形,3.56,3.56,235.3,886.71,数字左下方0.8 m处(附近没有测量点符号，按常见偏移推),False,False,,,,,,
测量高程点,山大总图 -调整_t6.dwg,图层 地形,3.63,3.63,254.31,879.36,数字左下方0.8 m处(附近没有测量点符号，按常见偏移推),False,False,,,,,,
测量高程点,山大总图 -调整_t6.dwg,图层 地形,3.69,3.69,271.13,877.54,数字左下方0.8 m处(附近没有测量点符号，按常见偏移推),False,False,,,,,,
测量高程点,山大总图 -调整_t6.dwg,图层 地形,3.87,3.87,273.74,894.78,数字左下方0.8 m处(附近没有测量点符号，按常见偏移推),False,False,,,,,,
测量高程点,山大总图 -调整_t6.dwg,图层 地形,3.80,3.8,281.65,909.09,数字左下方0.8 m处(附近没有测量点符号，按常见偏移推),False,False,,,,,,
测量高程点,山大总图 -调整_t6.dwg,图层 地形,3.92,3.92,262.97,910.56,数字左下方0.8 m处(附近没有测量点符号，按常见偏移推),False,False,,,,,,
测量高程点,山大总图 -调整_t6.dwg,图层 地形,3.93,3.93,241.8,915.02,数字左下方0.8 m处(附近没有测量点符号，按常见偏移推),False,False,,,,,,
测量高程点,山大总图 -调整_t6.dwg,图层 地形,4.11,4.11,222.91,917.07,数字左下方0.8 m处(附近没有测量点符号，按常见偏移推),False,False,,,,,,
测量高程点,山大总图 -调整_t6.dwg,图层 地形,4.22,4.22,225.23,928.89,数字左下方0.8 m处(附近没有测量点符号，按常见偏移推),False,False,,,,,,
测量高程点,山大总图 -调整_t6.dwg,图层 地形,4.02,4.02,247.23,929.54,数字左下方0.8 m处(附近没有测量点符号，按常见偏移推),False,False,,,,,,
测量高程点,山大总图 -调整_t6.dwg,图层 地形,3.95,3.95,269.13,926.87,数字左下方0.8 m处(附近没有测量点符号，按常见偏移推),False,False,,,,,,
测量高程点,山大总图 -调整_t6.dwg,图层 地形,3.89,3.89,285.44,939.54,数字左下方0.8 m处(附近没有测量点符号，按常见偏移推),False,False,,,,,,
测量高程点,山大总图 -调整_t6.dwg,图层 地形,3.95,3.95,288.94,960.13,数字左下方0.8 m处(附近没有测量点符号，按常见偏移推),False,False,,,,,,
测量高程点,山大总图 -调整_t6.dwg,图层 地形,4.21,4.21,227.88,957.68,数字左下方0.8 m处(附近没有测量点符号，按常见偏移推),False,False,,,,,,
测量高程点,山大总图 -调整_t6.dwg,图层 地形,4.18,4.18,233.83,941.22,数字左下方0.8 m处(附近没有测量点符号，按常见偏移推),False,False,,,,,,
测量高程点,山大总图 -调整_t6.dwg,图层 地形,4.10,4.1,260.82,942.6,数字左下方0.8 m处(附近没有测量点符号，按常见偏移推),False,False,,,,,,
测量高程点,山大总图 -调整_t6.dwg,图层 地形,4.07,4.07,246.7,950.57,数字左下方0.8 m处(附近没有测量点符号，按常见偏移推),False,False,,,,,,
测量高程点,山大总图 -调整_t6.dwg,图层 地形,3.99,3.99,273.69,959.79,数字左下方0.8 m处(附近没有测量点符号，按常见偏移推),False,False,,,,,,
测量高程点,山大总图 -调整_t6.dwg,图层 地形,4.13,4.13,277.67,945.91,数字左下方0.8 m处(附近没有测量点符号，按常见偏移推),False,False,,,,,,
测量高程点,山大总图 -调整_t6.dwg,图层 地形,4.32,4.32,217.56,946.6,数字左下方0.8 m处(附近没有测量点符号，按常见偏移推),False,False,,,,,,
测量高程点,山大总图 -调整_t6.dwg,图层 地形,3.60,3.6,300.5,947.03,数字左下方0.8 m处(附近没有测量点符号，按常见偏移推),False,False,,,,,,
测量高程点,山大总图 -调整_t6.dwg,图层 地形,3.70,3.7,318.94,952.52,数字左下方0.8 m处(附近没有测量点符号，按常见偏移推),False,False,,,,,,
测量高程点,山大总图 -调整_t6.dwg,图层 地形,3.70,3.7,342.73,959.69,数字左下方0.8 m处(附近没有测量点符号，按常见偏移推),False,False,,,,,,
测量高程点,山大总图 -调整_t6.dwg,图层 地形,3.54,3.54,370.29,956.21,数字左下方0.8 m处(附近没有测量点符号，按常见偏移推),False,False,,,,,,
测量高程点,山大总图 -调整_t6.dwg,图层 地形,3.38,3.38,365.63,907.36,数字左下方0.8 m处(附近没有测量点符号，按常见偏移推),False,False,,,,,,
测量高程点,山大总图 -调整_t6.dwg,图层 地形,3.38,3.38,341.84,911.36,数字左下方0.8 m处(附近没有测量点符号，按常见偏移推),False,False,,,,,,
测量高程点,山大总图 -调整_t6.dwg,图层 地形,3.53,3.53,314.86,916.14,数字左下方0.8 m处(附近没有测量点符号，按常见偏移推),False,False,,,,,,
测量高程点,山大总图 -调整_t6.dwg,图层 地形,3.78,3.78,292.76,919.88,数字左下方0.8 m处(附近没有测量点符号，按常见偏移推),False,False,,,,,,
测量高程点,山大总图 -调整_t6.dwg,图层 地形,3.49,3.49,357.38,936.16,数字左下方0.8 m处(附近没有测量点符号，按常见偏移推),False,False,,,,,,
测量高程点,山大总图 -调整_t6.dwg,图层 地形,3.64,3.64,346.97,948.12,数字左下方0.8 m处(附近没有测量点符号，按常见偏移推),False,False,,,,,,
测量高程点,山大总图 -调整_t6.dwg,图层 地形,3.56,3.56,368.12,944.71,数字左下方0.8 m处(附近没有测量点符号，按常见偏移推),False,False,,,,,,
测量高程点,山大总图 -调整_t6.dwg,图层 地形,3.44,3.44,347.28,897.99,数字左下方0.8 m处(附近没有测量点符号，按常见偏移推),False,False,,,,,,
测量高程点,山大总图 -调整_t6.dwg,图层 地形,2.44,2.44,321.95,772.45,数字左下方0.8 m处(附近没有测量点符号，按常见偏移推),False,False,3.21,3.21,3.21,-0.78,-0.78,-0.76
测量高程点,山大总图 -调整_t6.dwg,图层 地形,2.62,2.62,391.02,800.06,数字左下方0.8 m处(附近没有测量点符号，按常见偏移推),False,False,3.2,3.2,3.2,-0.59,-0.59,-0.58
测量高程点,山大总图 -调整_t6.dwg,图层 地形,3.08,3.08,383.7,765.25,数字左下方0.8 m处(附近没有测量点符号，按常见偏移推),False,False,3.21,3.21,3.21,-0.15,-0.15,-0.13
测量高程点,山大总图 -调整_t6.dwg,图层 地形,3.17,3.17,398.87,757.89,数字左下方0.8 m处(附近没有测量点符号，按常见偏移推),False,False,3.22,3.22,3.22,-0.06,-0.06,-0.04
测量高程点,山大总图 -调整_t6.dwg,图层 地形,3.12,3.12,421.33,753.88,数字左下方0.8 m处(附近没有测量点符号，按常见偏移推),False,False,3.22,3.22,3.22,-0.11,-0.11,-0.09
测量高程点,山大总图 -调整_t6.dwg,图层 地形,3.11,3.11,448.72,745.72,数字左下方0.8 m处(附近没有测量点符号，按常见偏移推),False,False,3.23,3.23,3.23,-0.14,-0.14,-0.12
测量高程点,山大总图 -调整_t6.dwg,图层 地形,3.01,3.01,447.79,761.94,数字左下方0.8 m处(附近没有测量点符号，按常见偏移推),False,False,3.22,3.22,3.22,-0.22,-0.22,-0.2
测量高程点,山大总图 -调整_t6.dwg,图层 地形,2.99,2.99,434.11,763.64,数字左下方0.8 m处(附近没有测量点符号，按常见偏移推),False,False,3.21,3.21,3.21,-0.24,-0.24,-0.22
测量高程点,山大总图 -调整_t6.dwg,图层 地形,2.89,2.89,402.48,779.6,数字左下方0.8 m处(附近没有测量点符号，按常见偏移推),False,False,3.21,3.21,3.21,-0.33,-0.33,-0.31
测量高程点,山大总图 -调整_t6.dwg,图层 地形,2.86,2.86,405.34,796.17,数字左下方0.8 m处(附近没有测量点符号，按常见偏移推),False,False,3.2,3.2,3.2,-0.36,-0.35,-0.34
测量高程点,山大总图 -调整_t6.dwg,图层 地形,2.79,2.79,446.86,822.09,数字左下方0.8 m处(附近没有测量点符号，按常见偏移推),False,False,3.19,3.19,3.19,-0.42,-0.42,-0.4
测量高程点,山大总图 -调整_t6.dwg,图层 地形,2.90,2.9,448.98,845.82,数字左下方0.8 m处(附近没有测量点符号，按常见偏移推),False,False,,,,,,
测量高程点,山大总图 -调整_t6.dwg,图层 地形,2.84,2.84,437.03,818.46,数字左下方0.8 m处(附近没有测量点符号，按常见偏移推),False,False,3.19,3.19,3.19,-0.37,-0.37,-0.35
测量高程点,山大总图 -调整_t6.dwg,图层 地形,2.77,2.77,420.14,823.75,数字左下方0.8 m处(附近没有测量点符号，按常见偏移推),False,False,3.19,3.19,3.19,-0.44,-0.43,-0.42
测量高程点,山大总图 -调整_t6.dwg,图层 地形,2.91,2.91,415.71,850.45,数字左下方0.8 m处(附近没有测量点符号，按常见偏移推),False,False,,,,,,
测量高程点,山大总图 -调整_t6.dwg,图层 地形,2.86,2.86,434.62,846.93,数字左下方0.8 m处(附近没有测量点符号，按常见偏移推),False,False,,,,,,
测量高程点,山大总图 -调整_t6.dwg,图层 地形,2.82,2.82,396.25,790.87,数字左下方0.8 m处(附近没有测量点符号，按常见偏移推),False,False,3.2,3.2,3.2,-0.4,-0.4,-0.38
测量高程点,山大总图 -调整_t6.dwg,图层 地形,2.84,2.84,395.08,773.23,数字左下方0.8 m处(附近没有测量点符号，按常见偏移推),False,False,3.21,3.21,3.21,-0.38,-0.38,-0.36
测量高程点,山大总图 -调整_t6.dwg,图层 地形,3.02,3.02,440.05,740.76,测量点符号(gc200)的位置,False,False,3.24,3.24,3.24,-0.23,-0.23,-0.21
测量高程点,山大总图 -调整_t6.dwg,图层 地形,3.09,3.09,410.06,747.94,数字左下方0.8 m处(附近没有测量点符号，按常见偏移推),False,False,3.22,3.22,3.22,-0.15,-0.15,-0.13
测量高程点,山大总图 -调整_t6.dwg,图层 地形,3.22,3.22,358.57,756.45,数字左下方0.8 m处(附近没有测量点符号，按常见偏移推),False,False,3.22,3.22,3.22,-0.01,-0.01,0.01
测量高程点,山大总图 -调整_t6.dwg,图层 地形,3.19,3.19,335.83,760.6,数字左下方0.8 m处(附近没有测量点符号，按常见偏移推),False,False,3.21,3.21,3.21,-0.04,-0.04,-0.02
测量高程点,山大总图 -调整_t6.dwg,图层 地形,3.13,3.13,304.62,765.11,数字左下方0.8 m处(附近没有测量点符号，按常见偏移推),False,False,3.21,3.21,3.21,-0.1,-0.09,-0.08
测量高程点,山大总图 -调整_t6.dwg,图层 地形,3.20,3.2,277.58,770.22,数字左下方0.8 m处(附近没有测量点符号，按常见偏移推),False,False,3.21,3.21,3.21,-0.02,-0.02,-0.0
测量高程点,山大总图 -调整_t6.dwg,图层 地形,3.23,3.23,245.85,775.6,数字左下方0.8 m处(附近没有测量点符号，按常见偏移推),False,False,3.21,3.21,3.21,0.01,0.01,0.03
测量高程点,山大总图 -调整_t6.dwg,图层 地形,3.64,3.64,442.57,874.41,数字左下方0.8 m处(附近没有测量点符号，按常见偏移推),False,False,,,,,,
测量高程点,山大总图 -调整_t6.dwg,图层 地形,3.75,3.75,446.06,897.31,数字左下方0.8 m处(附近没有测量点符号，按常见偏移推),False,False,,,,,,
测量高程点,山大总图 -调整_t6.dwg,图层 地形,3.53,3.53,397.17,900.17,数字左下方0.8 m处(附近没有测量点符号，按常见偏移推),False,False,,,,,,
测量高程点,山大总图 -调整_t6.dwg,图层 地形,3.70,3.7,401.22,921.5,数字左下方0.8 m处(附近没有测量点符号，按常见偏移推),False,False,,,,,,
测量高程点,山大总图 -调整_t6.dwg,图层 地形,3.65,3.65,413.47,936.7,数字左下方0.8 m处(附近没有测量点符号，按常见偏移推),False,False,,,,,,
测量高程点,山大总图 -调整_t6.dwg,图层 地形,3.80,3.8,433.53,934.27,数字左下方0.8 m处(附近没有测量点符号，按常见偏移推),False,False,,,,,,
测量高程点,山大总图 -调整_t6.dwg,图层 地形,3.83,3.83,445.83,932.54,数字左下方0.8 m处(附近没有测量点符号，按常见偏移推),False,False,,,,,,
测量高程点,山大总图 -调整_t6.dwg,图层 地形,3.83,3.83,441.26,956.81,数字左下方0.8 m处(附近没有测量点符号，按常见偏移推),False,False,,,,,,
测量高程点,山大总图 -调整_t6.dwg,图层 地形,3.78,3.78,408.92,959.23,数字左下方0.8 m处(附近没有测量点符号，按常见偏移推),False,False,,,,,,
测量高程点,山大总图 -调整_t6.dwg,图层 地形,3.61,3.61,423.93,949.08,数字左下方0.8 m处(附近没有测量点符号，按常见偏移推),False,False,,,,,,
测量高程点,山大总图 -调整_t6.dwg,图层 地形,3.57,3.57,405.4,944.88,数字左下方0.8 m处(附近没有测量点符号，按常见偏移推),False,False,,,,,,
测量高程点,山大总图 -调整_t6.dwg,图层 地形,3.48,3.48,402.33,956.07,数字左下方0.8 m处(附近没有测量点符号，按常见偏移推),False,False,,,,,,
测量高程点,山大总图 -调整_t6.dwg,图层 地形,4.14,4.14,250.25,902.58,测量点符号(gc200)的位置,False,False,,,,,,
测量高程点,山大总图 -调整_t6.dwg,图层 地形,4.16,4.16,283.34,897.73,数字左下方0.8 m处(附近没有测量点符号，按常见偏移推),False,False,,,,,,
测量高程点,山大总图 -调整_t6.dwg,图层 地形,4.17,4.17,280.49,881.75,数字左下方0.8 m处(附近没有测量点符号，按常见偏移推),False,False,,,,,,
测量高程点,山大总图 -调整_t6.dwg,图层 地形,3.51,3.51,293.94,878.99,数字左下方0.8 m处(附近没有测量点符号，按常见偏移推),False,False,,,,,,
测量高程点,山大总图 -调整_t6.dwg,图层 地形,4.14,4.14,220.1,899.82,测量点符号(gc200)的位置,False,False,,,,,,
测量高程点,山大总图 -调整_t6.dwg,图层 地形,3.84,3.84,319.94,919.28,数字左下方0.8 m处(附近没有测量点符号，按常见偏移推),False,False,,,,,,
测量高程点,山大总图 -调整_t6.dwg,图层 地形,3.80,3.8,299.91,911.12,数字左下方0.8 m处(附近没有测量点符号，按常见偏移推),False,False,,,,,,
测量高程点,山大总图 -调整_t6.dwg,图层 地形,3.81,3.81,360.63,898.66,数字左下方0.8 m处(附近没有测量点符号，按常见偏移推),False,False,,,,,,
测量高程点,山大总图 -调整_t6.dwg,图层 地形,3.82,3.82,363.3,912.51,数字左下方0.8 m处(附近没有测量点符号，按常见偏移推),False,False,,,,,,
测量高程点,山大总图 -调整_t6.dwg,图层 地形,4.03,4.03,410.65,888.66,数字左下方0.8 m处(附近没有测量点符号，按常见偏移推),False,False,,,,,,
测量高程点,山大总图 -调整_t6.dwg,图层 地形,4.03,4.03,434.43,899.28,数字左下方0.8 m处(附近没有测量点符号，按常见偏移推),False,False,,,,,,
测量高程点,山大总图 -调整_t6.dwg,图层 地形,4.03,4.03,436.29,910.71,数字左下方0.8 m处(附近没有测量点符号，按常见偏移推),False,False,,,,,,
测量高程点,山大总图 -调整_t6.dwg,图层 地形,4.03,4.03,448.61,907.31,数字左下方0.8 m处(附近没有测量点符号，按常见偏移推),False,False,,,,,,
测量高程点,山大总图 -调整_t6.dwg,图层 地形,3.37,3.37,414.23,870.73,数字左下方0.8 m处(附近没有测量点符号，按常见偏移推),False,False,,,,,,
测量高程点,山大总图 -调整_t6.dwg,图层 地形,4.45,4.45,216.72,920.34,数字左下方0.8 m处(附近没有测量点符号，按常见偏移推),False,False,,,,,,
测量高程点,山大总图 -调整_t6.dwg,图层 地形,4.10,4.1,219.17,958.25,数字左下方0.8 m处(附近没有测量点符号，按常见偏移推),False,False,,,,,,
测量高程点,山大总图 -调整_t6.dwg,图层 地形,3.63,3.63,298.76,934.15,数字左下方0.8 m处(附近没有测量点符号，按常见偏移推),False,False,,,,,,
测量高程点,山大总图 -调整_t6.dwg,图层 地形,3.55,3.55,315.61,933.64,数字左下方0.8 m处(附近没有测量点符号，按常见偏移推),False,False,,,,,,
测量高程点,山大总图 -调整_t6.dwg,图层 地形,3.54,3.54,326.79,915.94,数字左下方0.8 m处(附近没有测量点符号，按常见偏移推),False,False,,,,,,
测量高程点,山大总图 -调整_t6.dwg,图层 地形,3.64,3.64,329.18,944.05,数字左下方0.8 m处(附近没有测量点符号，按常见偏移推),False,False,,,,,,
测量高程点,山大总图 -调整_t6.dwg,图层 地形,3.50,3.5,344.59,928.63,数字左下方0.8 m处(附近没有测量点符号，按常见偏移推),False,False,,,,,,
测量高程点,山大总图 -调整_t6.dwg,图层 地形,3.51,3.51,365.39,925.34,数字左下方0.8 m处(附近没有测量点符号，按常见偏移推),False,False,,,,,,
测量高程点,山大总图 -调整_t6.dwg,图层 地形,3.35,3.35,392.7,957.26,数字左下方0.8 m处(附近没有测量点符号，按常见偏移推),False,False,,,,,,
测量高程点,山大总图 -调整_t6.dwg,图层 地形,3.24,3.24,390.79,933.94,数字左下方0.8 m处(附近没有测量点符号，按常见偏移推),False,False,,,,,,
测量高程点,山大总图 -调整_t6.dwg,图层 地形,3.19,3.19,388.21,920.02,数字左下方0.8 m处(附近没有测量点符号，按常见偏移推),False,False,,,,,,
测量高程点,山大总图 -调整_t6.dwg,图层 地形,3.14,3.14,386.57,907.84,数字左下方0.8 m处(附近没有测量点符号，按常见偏移推),False,False,,,,,,
测量高程点,山大总图 -调整_t6.dwg,图层 地形,3.15,3.15,383.41,888.74,数字左下方0.8 m处(附近没有测量点符号，按常见偏移推),False,False,,,,,,
测量高程点,山大总图 -调整_t6.dwg,图层 地形,3.16,3.16,382.78,872.95,数字左下方0.8 m处(附近没有测量点符号，按常见偏移推),False,False,,,,,,
测量高程点,山大总图 -调整_t6.dwg,图层 地形,3.21,3.21,395.83,865.4,数字左下方0.8 m处(附近没有测量点符号，按常见偏移推),False,False,,,,,,
测量高程点,山大总图 -调整_t6.dwg,图层 地形,3.29,3.29,422.72,860.59,数字左下方0.8 m处(附近没有测量点符号，按常见偏移推),False,False,,,,,,
测量高程点,山大总图 -调整_t6.dwg,图层 地形,3.34,3.34,445.87,858.82,数字左下方0.8 m处(附近没有测量点符号，按常见偏移推),False,False,,,,,,
测量高程点,山大总图 -调整_t6.dwg,图层 地形,3.63,3.63,420.81,875.5,数字左下方0.8 m处(附近没有测量点符号，按常见偏移推),False,False,,,,,,
测量高程点,山大总图 -调整_t6.dwg,图层 地形,3.70,3.7,436.98,873.09,数字左下方0.8 m处(附近没有测量点符号，按常见偏移推),False,False,,,,,,
测量高程点,山大总图 -调整_t6.dwg,图层 地形,3.68,3.68,397.17,883.1,数字左下方0.8 m处(附近没有测量点符号，按常见偏移推),False,False,,,,,,
测量高程点,山大总图 -调整_t6.dwg,图层 地形,3.75,3.75,404.19,883.21,数字左下方0.8 m处(附近没有测量点符号，按常见偏移推),False,False,,,,,,
测量高程点,山大总图 -调整_t6.dwg,图层 地形,3.78,3.78,426.26,884.82,数字左下方0.8 m处(附近没有测量点符号，按常见偏移推),False,False,,,,,,
测量高程点,山大总图 -调整_t6.dwg,图层 地形,3.77,3.77,441.35,885.65,数字左下方0.8 m处(附近没有测量点符号，按常见偏移推),False,False,,,,,,
测量高程点,山大总图 -调整_t6.dwg,图层 地形,3.78,3.78,399.25,903.01,数字左下方0.8 m处(附近没有测量点符号，按常见偏移推),False,False,,,,,,
测量高程点,山大总图 -调整_t6.dwg,图层 地形,3.65,3.65,405.27,929.86,数字左下方0.8 m处(附近没有测量点符号，按常见偏移推),False,False,,,,,,
测量高程点,山大总图 -调整_t6.dwg,图层 地形,3.78,3.78,419.34,929.99,数字左下方0.8 m处(附近没有测量点符号，按常见偏移推),False,False,,,,,,
测量高程点,山大总图 -调整_t6.dwg,图层 地形,3.78,3.78,437.92,925.74,数字左下方0.8 m处(附近没有测量点符号，按常见偏移推),False,False,,,,,,
测量高程点,山大总图 -调整_t6.dwg,图层 地形,2.07,2.07,204.09,714.07,数字左下方0.8 m处(附近没有测量点符号，按常见偏移推),True,True,3.2,3.21,3.21,-1.15,-1.15,-1.13
测量高程点,山大总图 -调整_t6.dwg,图层 地形,3.01,3.01,204.04,729.75,数字左下方0.8 m处(附近没有测量点符号，按常见偏移推),True,False,3.21,3.21,3.21,-0.21,-0.21,-0.19
测量高程点,山大总图 -调整_t6.dwg,图层 地形,3.16,3.16,214.93,731.55,数字左下方0.8 m处(附近没有测量点符号，按常见偏移推),True,False,3.21,3.21,3.21,-0.06,-0.06,-0.04
测量高程点,山大总图 -调整_t6.dwg,图层 地形,3.76,3.76,332.67,956.16,数字左下方0.8 m处(附近没有测量点符号，按常见偏移推),False,False,,,,,,
测量高程点,山大总图 -调整_t6.dwg,图层 地形,2.92,2.92,434.11,760.05,数字左下方0.8 m处(附近没有测量点符号，按常见偏移推),False,False,3.22,3.22,3.22,-0.31,-0.31,-0.29
测量高程点,山大总图 -调整_t6.dwg,图层 地形,2.85,2.85,401.66,767.42,数字左下方0.8 m处(附近没有测量点符号，按常见偏移推),False,False,3.21,3.21,3.21,-0.38,-0.37,-0.36
测量高程点,山大总图 -调整_t6.dwg,图层 地形,3.63,3.63,279.54,872.78,数字左下方0.8 m处(附近没有测量点符号，按常见偏移推),False,False,,,,,,
测量高程点,山大总图 -调整_t6.dwg,图层 地形,3.56,3.56,294.35,869.13,数字左下方0.8 m处(附近没有测量点符号，按常见偏移推),False,False,,,,,,
测量高程点,山大总图 -调整_t6.dwg,图层 地形,3.21,3.21,300.44,856.14,数字左下方0.8 m处(附近没有测量点符号，按常见偏移推),False,False,,,,,,
测量高程点,山大总图 -调整_t6.dwg,图层 地形,3.51,3.51,297.53,877.55,数字左下方0.8 m处(附近没有测量点符号，按常见偏移推),False,False,,,,,,
测量高程点,山大总图 -调整_t6.dwg,图层 地形,3.25,3.25,241.06,859.42,数字左下方0.8 m处(附近没有测量点符号，按常见偏移推),False,False,,,,,,
测量高程点,山大总图 -调整_t6.dwg,图层 地形,3.20,3.2,263.47,856.0,数字左下方0.8 m处(附近没有测量点符号，按常见偏移推),False,False,,,,,,
测量高程点,山大总图 -调整_t6.dwg,图层 地形,3.76,3.76,298.18,851.34,数字左下方0.8 m处(附近没有测量点符号，按常见偏移推),False,False,,,,,,
测量高程点,山大总图 -调整_t6.dwg,图层 地形,3.76,3.76,245.28,860.23,数字左下方0.8 m处(附近没有测量点符号，按常见偏移推),False,False,,,,,,
测量高程点,山大总图 -调整_t6.dwg,图层 地形,3.61,3.61,300.92,866.77,数字左下方0.8 m处(附近没有测量点符号，按常见偏移推),False,False,,,,,,
测量高程点,山大总图 -调整_t6.dwg,图层 地形,4.08,4.08,246.71,916.19,测量点符号(gc200)的位置,False,False,,,,,,
测量高程点,山大总图 -调整_t6.dwg,图层 地形,4.10,4.1,235.33,933.51,测量点符号(gc200)的位置,False,False,,,,,,
测量高程点,山大总图 -调整_t6.dwg,图层 地形,4.11,4.11,235.41,920.21,测量点符号(gc200)的位置,False,False,,,,,,
测量高程点,山大总图 -调整_t6.dwg,图层 地形,4.09,4.09,233.51,899.67,测量点符号(gc200)的位置,False,False,,,,,,
测量高程点,山大总图 -调整_t6.dwg,图层 地形,3.98,3.98,221.78,824.23,数字左下方0.8 m处(附近没有测量点符号，按常见偏移推),False,False,3.2,3.2,3.2,0.77,0.77,0.79
测量高程点,山大总图 -调整_t6.dwg,图层 地形,4.39,4.39,206.91,910.24,测量点符号(gc200)的位置,False,False,,,,,,
测量高程点,山大总图 -调整_t6.dwg,图层 地形,3.01,3.01,238.79,777.15,测量点符号(gc200)的位置,False,False,3.21,3.21,3.21,-0.21,-0.21,-0.19
测量高程点,山大总图 -调整_t6.dwg,图层 地形,3.60,3.6,214.37,809.22,测量点符号(gc200)的位置,False,False,3.2,3.2,3.2,0.39,0.39,0.4
测量高程点,山大总图 -调整_t6.dwg,图层 地形,3.65,3.65,223.45,814.61,测量点符号(gc200)的位置,False,False,3.2,3.2,3.2,0.44,0.44,0.46
测量高程点,山大总图 -调整_t6.dwg,图层 地形,3.75,3.75,212.48,818.06,测量点符号(gc200)的位置,False,False,3.2,3.2,3.2,0.53,0.54,0.55
测量高程点,山大总图 -调整_t6.dwg,图层 地形,3.79,3.79,205.15,817.59,测量点符号(gc200)的位置,False,False,3.21,3.21,3.21,0.57,0.57,0.59
测量高程点,山大总图 -调整_t6.dwg,图层 地形,3.52,3.52,204.02,802.05,测量点符号(gc200)的位置,False,False,3.21,3.21,3.21,0.3,0.3,0.32
测量高程点,山大总图 -调整_t6.dwg,图层 地形,3.31,3.31,215.25,793.69,数字左下方0.8 m处(附近没有测量点符号，按常见偏移推),False,False,3.2,3.2,3.2,0.09,0.09,0.11
测量高程点,山大总图 -调整_t6.dwg,图层 地形,3.03,3.03,216.2,782.15,测量点符号(gc200)的位置,False,False,3.21,3.21,3.21,-0.19,-0.19,-0.17
测量高程点,山大总图 -调整_t6.dwg,图层 地形,2.93,2.93,224.39,776.99,测量点符号(gc200)的位置,False,False,3.21,3.21,3.21,-0.29,-0.29,-0.27
测量高程点,山大总图 -调整_t6.dwg,图层 地形,3.08,3.08,224.66,783.03,测量点符号(gc200)的位置,False,False,3.2,3.2,3.2,-0.14,-0.14,-0.12
测量高程点,山大总图 -调整_t6.dwg,图层 地形,3.40,3.4,226.76,792.21,测量点符号(gc200)的位置,False,False,3.2,3.2,3.2,0.18,0.19,0.2
测量高程点,山大总图 -调整_t6.dwg,图层 地形,3.47,3.47,225.03,807.92,数字左下方0.8 m处(附近没有测量点符号，按常见偏移推),False,False,3.2,3.2,3.2,0.26,0.26,0.28
测量高程点,山大总图 -调整_t6.dwg,图层 地形,3.66,3.66,227.82,817.69,测量点符号(gc200)的位置,False,False,3.2,3.2,3.2,0.45,0.45,0.47
测量高程点,山大总图 -调整_t6.dwg,图层 地形,3.78,3.78,228.87,828.99,数字左下方0.8 m处(附近没有测量点符号，按常见偏移推),False,False,3.2,3.2,3.2,0.57,0.57,0.59
测量高程点,山大总图 -调整_t6.dwg,图层 地形,3.99,3.99,227.9,839.73,测量点符号(gc200)的位置,False,False,,,,,,
测量高程点,山大总图 -调整_t6.dwg,图层 地形,3.82,3.82,230.99,849.82,测量点符号(gc200)的位置,False,False,,,,,,
测量高程点,山大总图 -调整_t6.dwg,图层 地形,3.97,3.97,230.98,859.46,测量点符号(gc200)的位置,False,False,,,,,,
测量高程点,山大总图 -调整_t6.dwg,图层 地形,3.99,3.99,223.26,870.28,测量点符号(gc200)的位置,False,False,,,,,,
测量高程点,山大总图 -调整_t6.dwg,图层 地形,4.00,4.0,224.91,868.12,测量点符号(gc200)的位置,False,False,,,,,,
测量高程点,山大总图 -调整_t6.dwg,图层 地形,3.87,3.87,232.21,866.87,测量点符号(gc200)的位置,False,False,,,,,,
测量高程点,山大总图 -调整_t6.dwg,图层 地形,3.94,3.94,240.67,877.29,测量点符号(gc200)的位置,False,False,,,,,,
测量高程点,山大总图 -调整_t6.dwg,图层 地形,3.91,3.91,234.45,877.75,数字左下方0.8 m处(附近没有测量点符号，按常见偏移推),False,False,,,,,,
测量高程点,山大总图 -调整_t6.dwg,图层 地形,3.92,3.92,235.45,882.76,数字左下方0.8 m处(附近没有测量点符号，按常见偏移推),False,False,,,,,,
测量高程点,山大总图 -调整_t6.dwg,图层 地形,3.71,3.71,223.13,886.28,测量点符号(gc200)的位置,False,False,,,,,,
测量高程点,山大总图 -调整_t6.dwg,图层 地形,3.87,3.87,236.58,871.86,测量点符号(gc200)的位置,False,False,,,,,,
测量高程点,山大总图 -调整_t6.dwg,图层 地形,3.84,3.84,227.53,875.71,数字左下方0.8 m处(附近没有测量点符号，按常见偏移推),False,False,,,,,,
测量高程点,山大总图 -调整_t6.dwg,图层 地形,3.75,3.75,221.96,878.9,测量点符号(gc200)的位置,False,False,,,,,,
测量高程点,山大总图 -调整_t6.dwg,图层 地形,3.82,3.82,214.37,873.26,测量点符号(gc200)的位置,False,False,,,,,,
测量高程点,山大总图 -调整_t6.dwg,图层 地形,3.40,3.4,246.3,868.1,测量点符号(gc200)的位置,False,False,,,,,,
测量高程点,山大总图 -调整_t6.dwg,图层 地形,3.91,3.91,381.97,796.69,测量点符号(gc200)的位置,False,False,3.2,3.2,3.2,0.69,0.7,0.71
测量高程点,山大总图 -调整_t6.dwg,图层 地形,3.22,3.22,386.49,792.31,测量点符号(gc200)的位置,False,False,3.2,3.2,3.2,0.0,0.0,0.02
测量高程点,山大总图 -调整_t6.dwg,图层 地形,3.14,3.14,409.15,773.98,数字左下方0.8 m处(附近没有测量点符号，按常见偏移推),False,False,3.21,3.21,3.21,-0.08,-0.08,-0.06
测量高程点,山大总图 -调整_t6.dwg,图层 地形,2.95,2.95,220.68,771.54,测量点符号(gc200)的位置,False,False,3.21,3.21,3.21,-0.27,-0.27,-0.25
测量高程点,山大总图 -调整_t6.dwg,图层 地形,2.97,2.97,256.28,765.68,测量点符号(gc200)的位置,False,False,3.21,3.21,3.21,-0.25,-0.25,-0.23
测量高程点,山大总图 -调整_t6.dwg,图层 地形,2.83,2.83,282.64,765.91,数字左下方0.8 m处(附近没有测量点符号，按常见偏移推),False,False,3.21,3.21,3.21,-0.4,-0.39,-0.38
测量高程点,山大总图 -调整_t6.dwg,图层 地形,2.82,2.82,291.32,775.03,测量点符号(gc200)的位置,False,False,3.21,3.21,3.21,-0.4,-0.4,-0.38
测量高程点,山大总图 -调整_t6.dwg,图层 地形,2.89,2.89,297.76,764.54,测量点符号(gc200)的位置,False,False,3.21,3.21,3.21,-0.34,-0.33,-0.32
测量高程点,山大总图 -调整_t6.dwg,图层 地形,2.94,2.94,329.13,753.32,测量点符号(gc200)的位置,False,False,3.22,3.22,3.22,-0.29,-0.29,-0.27
测量高程点,山大总图 -调整_t6.dwg,图层 地形,2.92,2.92,376.84,743.79,测量点符号(gc200)的位置,False,False,3.23,3.23,3.23,-0.32,-0.32,-0.3
测量高程点,山大总图 -调整_t6.dwg,图层 地形,2.89,2.89,381.24,750.55,测量点符号(gc200)的位置,False,False,3.22,3.22,3.22,-0.35,-0.34,-0.33
测量高程点,山大总图 -调整_t6.dwg,图层 地形,2.87,2.87,379.45,761.01,测量点符号(gc200)的位置,False,False,3.21,3.21,3.21,-0.36,-0.36,-0.34
测量高程点,山大总图 -调整_t6.dwg,图层 地形,2.83,2.83,371.61,756.17,测量点符号(gc200)的位置,False,False,3.22,3.22,3.22,-0.4,-0.4,-0.38
测量高程点,山大总图 -调整_t6.dwg,图层 地形,2.80,2.8,367.67,752.78,测量点符号(gc200)的位置,False,False,3.22,3.22,3.22,-0.43,-0.43,-0.41
测量高程点,山大总图 -调整_t6.dwg,图层 地形,3.00,3.0,397.29,741.92,测量点符号(gc200)的位置,False,False,3.23,3.23,3.23,-0.24,-0.24,-0.22
测量高程点,山大总图 -调整_t6.dwg,图层 地形,2.85,2.85,431.36,736.18,测量点符号(gc200)的位置,False,False,3.24,3.24,3.24,-0.4,-0.4,-0.38
测量高程点,山大总图 -调整_t6.dwg,图层 地形,2.88,2.88,443.52,732.42,测量点符号(gc200)的位置,False,False,3.25,3.25,3.25,-0.38,-0.38,-0.36
测量高程点,山大总图 -调整_t6.dwg,图层 地形,2.67,2.67,440.05,740.76,测量点符号(gc200)的位置,False,False,3.24,3.24,3.24,-0.58,-0.58,-0.56
测量高程点,山大总图 -调整_t6.dwg,图层 地形,2.77,2.77,439.35,750.59,测量点符号(gc200)的位置,False,False,3.23,3.23,3.23,-0.47,-0.47,-0.45
测量高程点,山大总图 -调整_t6.dwg,图层 地形,2.74,2.74,422.12,742.2,数字左下方0.8 m处(附近没有测量点符号，按常见偏移推),False,False,3.23,3.23,3.23,-0.5,-0.5,-0.48
测量高程点,山大总图 -调整_t6.dwg,图层 地形,3.10,3.1,427.32,720.34,测量点符号(gc200)的位置,False,False,3.25,3.26,3.25,-0.17,-0.18,-0.15
测量高程点,山大总图 -调整_t6.dwg,图层 地形,3.23,3.23,391.26,726.36,测量点符号(gc200)的位置,False,False,3.24,3.25,3.24,-0.03,-0.04,-0.01
测量高程点,山大总图 -调整_t6.dwg,图层 地形,3.16,3.16,361.73,731.4,测量点符号(gc200)的位置,False,False,3.23,3.24,3.23,-0.09,-0.09,-0.07
测量高程点,山大总图 -调整_t6.dwg,图层 地形,3.20,3.2,328.94,736.88,测量点符号(gc200)的位置,False,False,3.22,3.23,3.22,-0.04,-0.04,-0.02
测量高程点,山大总图 -调整_t6.dwg,图层 地形,3.24,3.24,290.72,743.33,测量点符号(gc200)的位置,False,False,3.22,3.22,3.22,0.01,0.01,0.03
测量高程点,山大总图 -调整_t6.dwg,图层 地形,3.27,3.27,256.59,749.1,测量点符号(gc200)的位置,False,False,3.21,3.21,3.21,0.05,0.05,0.07
测量高程点,山大总图 -调整_t6.dwg,图层 地形,3.23,3.23,216.82,755.78,测量点符号(gc200)的位置,False,False,3.21,3.21,3.21,0.01,0.01,0.03
测量高程点,山大总图 -调整_t6.dwg,图层 地形,2.73,2.73,374.38,773.45,测量点符号(gc200)的位置,False,False,3.21,3.21,3.21,-0.49,-0.49,-0.47
测量高程点,山大总图 -调整_t6.dwg,图层 地形,2.82,2.82,377.25,784.8,测量点符号(gc200)的位置,False,False,3.2,3.2,3.2,-0.4,-0.4,-0.38
测量高程点,山大总图 -调整_t6.dwg,图层 地形,2.69,2.69,360.4,782.43,测量点符号(gc200)的位置,False,False,3.2,3.2,3.2,-0.53,-0.53,-0.51
测量高程点,山大总图 -调整_t6.dwg,图层 地形,2.73,2.73,338.31,779.05,测量点符号(gc200)的位置,False,False,3.21,3.21,3.21,-0.49,-0.49,-0.47
测量高程点,山大总图 -调整_t6.dwg,图层 地形,2.69,2.69,340.8,792.78,测量点符号(gc200)的位置,False,False,3.2,3.2,3.2,-0.53,-0.52,-0.51
测量高程点,山大总图 -调整_t6.dwg,图层 地形,2.51,2.51,316.83,784.13,测量点符号(gc200)的位置,False,False,3.2,3.2,3.2,-0.71,-0.71,-0.69
测量高程点,山大总图 -调整_t6.dwg,图层 地形,2.60,2.6,298.27,784.66,测量点符号(gc200)的位置,False,False,3.2,3.2,3.2,-0.62,-0.62,-0.6
测量高程点,山大总图 -调整_t6.dwg,图层 地形,2.49,2.49,306.04,795.26,测量点符号(gc200)的位置,False,False,3.2,3.2,3.2,-0.73,-0.72,-0.71
测量高程点,山大总图 -调整_t6.dwg,图层 地形,2.55,2.55,323.89,798.44,测量点符号(gc200)的位置,False,False,3.2,3.2,3.2,-0.66,-0.66,-0.65
测量高程点,山大总图 -调整_t6.dwg,图层 地形,4.04,4.04,288.83,964.67,数字左下方0.8 m处(附近没有测量点符号，按常见偏移推),False,False,,,,,,
测量高程点,山大总图 -调整_t6.dwg,图层 地形,4.03,4.03,269.71,964.9,数字左下方0.8 m处(附近没有测量点符号，按常见偏移推),False,False,,,,,,
测量高程点,山大总图 -调整_t6.dwg,图层 地形,4.22,4.22,253.98,963.31,数字左下方0.8 m处(附近没有测量点符号，按常见偏移推),False,False,,,,,,
测量高程点,山大总图 -调整_t6.dwg,图层 地形,4.18,4.18,232.51,963.86,数字左下方0.8 m处(附近没有测量点符号，按常见偏移推),False,False,,,,,,
测量高程点,山大总图 -调整_t6.dwg,图层 地形,4.03,4.03,218.64,971.26,数字左下方0.8 m处(附近没有测量点符号，按常见偏移推),False,False,,,,,,
测量高程点,山大总图 -调整_t6.dwg,图层 地形,4.11,4.11,290.3,969.15,数字左下方0.8 m处(附近没有测量点符号，按常见偏移推),False,False,,,,,,
测量高程点,山大总图 -调整_t6.dwg,图层 地形,3.91,3.91,322.12,963.19,数字左下方0.8 m处(附近没有测量点符号，按常见偏移推),False,False,,,,,,
测量高程点,山大总图 -调整_t6.dwg,图层 地形,3.74,3.74,383.89,971.91,数字左下方0.8 m处(附近没有测量点符号，按常见偏移推),False,False,,,,,,
测量高程点,山大总图 -调整_t6.dwg,图层 地形,3.75,3.75,403.91,970.02,数字左下方0.8 m处(附近没有测量点符号，按常见偏移推),False,False,,,,,,
测量高程点,山大总图 -调整_t6.dwg,图层 地形,3.93,3.93,414.57,963.2,数字左下方0.8 m处(附近没有测量点符号，按常见偏移推),False,False,,,,,,
测量高程点,山大总图 -调整_t6.dwg,图层 地形,4.06,4.06,436.23,963.51,数字左下方0.8 m处(附近没有测量点符号，按常见偏移推),False,False,,,,,,
测量高程点,山大总图 -调整_t6.dwg,图层 地形,4.20,4.2,446.2,964.61,数字左下方0.8 m处(附近没有测量点符号，按常见偏移推),False,False,,,,,,
测量高程点,山大总图 -调整_t6.dwg,图层 地形,3.80,3.8,424.3,971.2,数字左下方0.8 m处(附近没有测量点符号，按常见偏移推),False,False,,,,,,
测量高程点,山大总图 -调整_t6.dwg,图层 地形,3.36,3.36,394.3,964.91,数字左下方0.8 m处(附近没有测量点符号，按常见偏移推),False,False,,,,,,
测量高程点,山大总图 -调整_t6.dwg,图层 地形,3.75,3.75,323.22,973.64,数字左下方0.8 m处(附近没有测量点符号，按常见偏移推),False,False,,,,,,
测量高程点,山大总图 -调整_t6.dwg,图层 地形,3.55,3.55,357.4,968.26,数字左下方0.8 m处(附近没有测量点符号，按常见偏移推),False,False,,,,,,
测量高程点,山大总图 -调整_t6.dwg,图层 地形,3.13,3.13,626.35,713.18,数字左下方0.8 m处(附近没有测量点符号，按常见偏移推),False,False,,,,,,
测量高程点,山大总图 -调整_t6.dwg,图层 地形,3.11,3.11,473.07,713.32,数字左下方0.8 m处(附近没有测量点符号，按常见偏移推),False,False,3.26,3.28,3.26,-0.17,-0.18,-0.15
测量高程点,山大总图 -调整_t6.dwg,图层 地形,3.24,3.24,453.68,716.59,数字左下方0.8 m处(附近没有测量点符号，按常见偏移推),False,False,3.26,3.27,3.26,-0.04,-0.05,-0.02
测量高程点,山大总图 -调整_t6.dwg,图层 地形,2.92,2.92,457.6,729.96,数字左下方0.8 m处(附近没有测量点符号，按常见偏移推),False,False,3.25,3.25,3.25,-0.34,-0.34,-0.33
测量高程点,山大总图 -调整_t6.dwg,图层 地形,3.06,3.06,481.17,726.32,数字左下方0.8 m处(附近没有测量点符号，按常见偏移推),False,False,3.25,3.25,3.25,-0.2,-0.2,-0.18
测量高程点,山大总图 -调整_t6.dwg,图层 地形,3.11,3.11,503.06,722.58,数字左下方0.8 m处(附近没有测量点符号，按常见偏移推),False,False,3.25,3.25,3.25,-0.16,-0.16,-0.14
测量高程点,山大总图 -调整_t6.dwg,图层 地形,2.91,2.91,454.88,745.23,数字左下方0.8 m处(附近没有测量点符号，按常见偏移推),False,False,3.24,3.24,3.24,-0.34,-0.34,-0.32
测量高程点,山大总图 -调整_t6.dwg,图层 地形,2.86,2.86,470.56,741.94,数字左下方0.8 m处(附近没有测量点符号，按常见偏移推),False,False,3.24,3.24,3.24,-0.39,-0.39,-0.37
测量高程点,山大总图 -调整_t6.dwg,图层 地形,2.99,2.99,487.71,738.78,数字左下方0.8 m处(附近没有测量点符号，按常见偏移推),False,False,3.23,3.23,3.23,-0.26,-0.25,-0.24
测量高程点,山大总图 -调整_t6.dwg,图层 地形,2.95,2.95,504.1,736.33,数字左下方0.8 m处(附近没有测量点符号，按常见偏移推),False,False,3.23,3.23,3.23,-0.3,-0.3,-0.28
测量高程点,山大总图 -调整_t6.dwg,图层 地形,2.85,2.85,519.65,736.32,数字左下方0.8 m处(附近没有测量点符号，按常见偏移推),False,False,3.23,3.23,3.23,-0.4,-0.4,-0.38
测量高程点,山大总图 -调整_t6.dwg,图层 地形,2.97,2.97,527.78,744.13,数字左下方0.8 m处(附近没有测量点符号，按常见偏移推),False,False,3.23,3.23,3.23,-0.27,-0.27,-0.25
测量高程点,山大总图 -调整_t6.dwg,图层 地形,2.81,2.81,517.26,747.51,数字左下方0.8 m处(附近没有测量点符号，按常见偏移推),False,False,3.22,3.22,3.22,-0.43,-0.43,-0.41
测量高程点,山大总图 -调整_t6.dwg,图层 地形,2.92,2.92,502.35,748.85,数字左下方0.8 m处(附近没有测量点符号，按常见偏移推),False,False,3.22,3.22,3.22,-0.32,-0.31,-0.3
测量高程点,山大总图 -调整_t6.dwg,图层 地形,2.90,2.9,487.68,751.09,数字左下方0.8 m处(附近没有测量点符号，按常见偏移推),False,False,3.22,3.22,3.22,-0.34,-0.33,-0.32
测量高程点,山大总图 -调整_t6.dwg,图层 地形,2.80,2.8,472.42,754.12,数字左下方0.8 m处(附近没有测量点符号，按常见偏移推),False,False,3.22,3.22,3.22,-0.44,-0.44,-0.42
测量高程点,山大总图 -调整_t6.dwg,图层 地形,2.83,2.83,457.98,757.29,数字左下方0.8 m处(附近没有测量点符号，按常见偏移推),False,False,3.22,3.22,3.22,-0.41,-0.4,-0.39
测量高程点,山大总图 -调整_t6.dwg,图层 地形,3.13,3.13,471.2,768.74,数字左下方0.8 m处(附近没有测量点符号，按常见偏移推),False,False,3.21,3.21,3.21,-0.1,-0.09,-0.08
测量高程点,山大总图 -调整_t6.dwg,图层 地形,2.98,2.98,486.71,764.01,数字左下方0.8 m处(附近没有测量点符号，按常见偏移推),False,False,3.21,3.21,3.21,-0.25,-0.25,-0.23
测量高程点,山大总图 -调整_t6.dwg,图层 地形,2.74,2.74,498.39,760.68,数字左下方0.8 m处(附近没有测量点符号，按常见偏移推),False,False,3.21,3.21,3.21,-0.49,-0.49,-0.47
测量高程点,山大总图 -调整_t6.dwg,图层 地形,2.89,2.89,514.62,759.46,数字左下方0.8 m处(附近没有测量点符号，按常见偏移推),False,False,3.21,3.21,3.21,-0.34,-0.34,-0.32
测量高程点,山大总图 -调整_t6.dwg,图层 地形,3.15,3.15,533.82,758.09,数字左下方0.8 m处(附近没有测量点符号，按常见偏移推),False,False,3.22,3.22,3.22,-0.08,-0.08,-0.06
测量高程点,山大总图 -调整_t6.dwg,图层 地形,3.12,3.12,535.4,771.35,数字左下方0.8 m处(附近没有测量点符号，按常见偏移推),False,False,3.21,3.21,3.21,-0.1,-0.1,-0.08
测量高程点,山大总图 -调整_t6.dwg,图层 地形,2.99,2.99,527.68,770.64,数字左下方0.8 m处(附近没有测量点符号，按常见偏移推),False,False,3.21,3.21,3.21,-0.23,-0.23,-0.22
测量高程点,山大总图 -调整_t6.dwg,图层 地形,2.91,2.91,512.08,772.95,数字左下方0.8 m处(附近没有测量点符号，按常见偏移推),False,False,3.21,3.21,3.21,-0.31,-0.31,-0.29
测量高程点,山大总图 -调整_t6.dwg,图层 地形,3.07,3.07,500.96,774.26,数字左下方0.8 m处(附近没有测量点符号，按常见偏移推),False,False,3.21,3.21,3.21,-0.15,-0.15,-0.13
测量高程点,山大总图 -调整_t6.dwg,图层 地形,3.12,3.12,500.5,781.58,数字左下方0.8 m处(附近没有测量点符号，按常见偏移推),False,False,3.21,3.21,3.21,-0.1,-0.1,-0.08
测量高程点,山大总图 -调整_t6.dwg,图层 地形,2.88,2.88,485.72,784.03,数字左下方0.8 m处(附近没有测量点符号，按常见偏移推),False,False,3.21,3.21,3.21,-0.34,-0.34,-0.32
测量高程点,山大总图 -调整_t6.dwg,图层 地形,2.74,2.74,473.39,786.41,数字左下方0.8 m处(附近没有测量点符号，按常见偏移推),False,False,3.2,3.2,3.2,-0.48,-0.48,-0.46
测量高程点,山大总图 -调整_t6.dwg,图层 地形,3.00,3.0,527.1,783.08,数字左下方0.8 m处(附近没有测量点符号，按常见偏移推),False,False,3.21,3.21,3.21,-0.22,-0.22,-0.2
测量高程点,山大总图 -调整_t6.dwg,图层 地形,3.03,3.03,512.66,786.17,数字左下方0.8 m处(附近没有测量点符号，按常见偏移推),False,False,3.21,3.21,3.21,-0.19,-0.19,-0.17
测量高程点,山大总图 -调整_t6.dwg,图层 地形,3.15,3.15,508.8,798.23,数字左下方0.8 m处(附近没有测量点符号，按常见偏移推),False,False,3.2,3.2,3.2,-0.07,-0.06,-0.05
测量高程点,山大总图 -调整_t6.dwg,图层 地形,3.34,3.34,514.45,807.04,数字左下方0.8 m处(附近没有测量点符号，按常见偏移推),False,False,3.2,3.2,3.2,0.13,0.13,0.15
测量高程点,山大总图 -调整_t6.dwg,图层 地形,3.34,3.34,526.07,813.16,数字左下方0.8 m处(附近没有测量点符号，按常见偏移推),False,False,3.2,3.2,3.2,0.13,0.13,0.15
测量高程点,山大总图 -调整_t6.dwg,图层 地形,3.20,3.2,512.95,822.07,数字左下方0.8 m处(附近没有测量点符号，按常见偏移推),False,False,3.19,3.19,3.19,-0.01,-0.0,0.01
测量高程点,山大总图 -调整_t6.dwg,图层 地形,3.11,3.11,497.42,824.42,数字左下方0.8 m处(附近没有测量点符号，按常见偏移推),False,False,3.19,3.19,3.19,-0.1,-0.09,-0.08
测量高程点,山大总图 -调整_t6.dwg,图层 地形,2.92,2.92,490.12,813.88,数字左下方0.8 m处(附近没有测量点符号，按常见偏移推),False,False,3.2,3.2,3.2,-0.29,-0.29,-0.27
测量高程点,山大总图 -调整_t6.dwg,图层 地形,2.92,2.92,484.09,800.07,数字左下方0.8 m处(附近没有测量点符号，按常见偏移推),False,False,3.2,3.2,3.2,-0.29,-0.29,-0.28
测量高程点,山大总图 -调整_t6.dwg,图层 地形,2.66,2.66,473.72,797.03,数字左下方0.8 m处(附近没有测量点符号，按常见偏移推),False,False,3.2,3.2,3.2,-0.56,-0.55,-0.54
测量高程点,山大总图 -调整_t6.dwg,图层 地形,2.89,2.89,476.71,809.3,数字左下方0.8 m处(附近没有测量点符号，按常见偏移推),False,False,3.2,3.2,3.2,-0.32,-0.32,-0.3
测量高程点,山大总图 -调整_t6.dwg,图层 地形,2.80,2.8,480.51,823.86,数字左下方0.8 m处(附近没有测量点符号，按常见偏移推),False,False,3.19,3.19,3.19,-0.41,-0.41,-0.39
测量高程点,山大总图 -调整_t6.dwg,图层 地形,2.89,2.89,482.28,838.18,数字左下方0.8 m处(附近没有测量点符号，按常见偏移推),False,False,,,,,,
测量高程点,山大总图 -调整_t6.dwg,图层 地形,3.01,3.01,493.96,833.72,数字左下方0.8 m处(附近没有测量点符号，按常见偏移推),False,False,3.19,3.19,3.19,-0.19,-0.19,-0.17
测量高程点,山大总图 -调整_t6.dwg,图层 地形,3.22,3.22,510.14,837.12,数字左下方0.8 m处(附近没有测量点符号，按常见偏移推),False,False,,,,,,
测量高程点,山大总图 -调整_t6.dwg,图层 地形,3.24,3.24,521.12,829.25,数字左下方0.8 m处(附近没有测量点符号，按常见偏移推),False,False,3.19,3.19,3.19,0.03,0.03,0.05
测量高程点,山大总图 -调整_t6.dwg,图层 地形,3.33,3.33,539.05,831.64,数字左下方0.8 m处(附近没有测量点符号，按常见偏移推),False,False,3.2,3.2,3.2,0.12,0.12,0.13
测量高程点,山大总图 -调整_t6.dwg,图层 地形,3.22,3.22,533.71,821.49,数字左下方0.8 m处(附近没有测量点符号，按常见偏移推),False,False,3.2,3.2,3.2,0.01,0.01,0.03
测量高程点,山大总图 -调整_t6.dwg,图层 地形,3.19,3.19,547.4,819.28,数字左下方0.8 m处(附近没有测量点符号，按常见偏移推),False,False,3.2,3.2,3.2,-0.03,-0.03,-0.01
测量高程点,山大总图 -调整_t6.dwg,图层 地形,3.15,3.15,540.38,803.17,数字左下方0.8 m处(附近没有测量点符号，按常见偏移推),False,False,3.2,3.2,3.2,-0.06,-0.06,-0.05
测量高程点,山大总图 -调整_t6.dwg,图层 地形,3.20,3.2,538.57,812.31,数字左下方0.8 m处(附近没有测量点符号，按常见偏移推),False,False,3.2,3.2,3.2,-0.01,-0.01,0.01
测量高程点,山大总图 -调整_t6.dwg,图层 地形,3.09,3.09,529.68,801.42,数字左下方0.8 m处(附近没有测量点符号，按常见偏移推),False,False,3.2,3.2,3.2,-0.12,-0.12,-0.1
测量高程点,山大总图 -调整_t6.dwg,图层 地形,3.11,3.11,537.27,788.3,数字左下方0.8 m处(附近没有测量点符号，按常见偏移推),False,False,3.2,3.2,3.2,-0.11,-0.11,-0.09
测量高程点,山大总图 -调整_t6.dwg,图层 地形,3.18,3.18,524.52,793.27,数字左下方0.8 m处(附近没有测量点符号，按常见偏移推),False,False,3.2,3.2,3.2,-0.04,-0.03,-0.02
测量高程点,山大总图 -调整_t6.dwg,图层 地形,3.00,3.0,500.46,804.94,数字左下方0.8 m处(附近没有测量点符号，按常见偏移推),False,False,3.2,3.2,3.2,-0.21,-0.21,-0.19
测量高程点,山大总图 -调整_t6.dwg,图层 地形,2.77,2.77,453.0,807.07,数字左下方0.8 m处(附近没有测量点符号，按常见偏移推),False,False,3.2,3.2,3.2,-0.44,-0.44,-0.42
测量高程点,山大总图 -调整_t6.dwg,图层 地形,2.85,2.85,467.32,804.85,数字左下方0.8 m处(附近没有测量点符号，按常见偏移推),False,False,3.2,3.2,3.2,-0.36,-0.36,-0.34
测量高程点,山大总图 -调整_t6.dwg,图层 地形,2.64,2.64,470.58,818.3,数字左下方0.8 m处(附近没有测量点符号，按常见偏移推),False,False,3.19,3.19,3.19,-0.57,-0.57,-0.55
测量高程点,山大总图 -调整_t6.dwg,图层 地形,2.76,2.76,457.13,819.64,数字左下方0.8 m处(附近没有测量点符号，按常见偏移推),False,False,3.19,3.19,3.19,-0.45,-0.45,-0.43
测量高程点,山大总图 -调整_t6.dwg,图层 地形,2.64,2.64,453.87,832.48,数字左下方0.8 m处(附近没有测量点符号，按常见偏移推),False,False,3.19,3.19,3.19,-0.56,-0.56,-0.54
测量高程点,山大总图 -调整_t6.dwg,图层 地形,2.62,2.62,466.87,829.43,数字左下方0.8 m处(附近没有测量点符号，按常见偏移推),False,False,3.19,3.19,3.19,-0.59,-0.58,-0.57
测量高程点,山大总图 -调整_t6.dwg,图层 地形,2.93,2.93,475.24,839.53,数字左下方0.8 m处(附近没有测量点符号，按常见偏移推),False,False,,,,,,
测量高程点,山大总图 -调整_t6.dwg,图层 地形,2.85,2.85,461.27,842.49,数字左下方0.8 m处(附近没有测量点符号，按常见偏移推),False,False,,,,,,
测量高程点,山大总图 -调整_t6.dwg,图层 地形,3.50,3.5,600.55,724.66,数字左下方0.8 m处(附近没有测量点符号，按常见偏移推),False,False,,,,,,
测量高程点,山大总图 -调整_t6.dwg,图层 地形,3.64,3.64,588.16,726.28,数字左下方0.8 m处(附近没有测量点符号，按常见偏移推),False,False,3.25,3.25,3.25,0.38,0.38,0.4
测量高程点,山大总图 -调整_t6.dwg,图层 地形,3.71,3.71,577.3,738.93,数字左下方0.8 m处(附近没有测量点符号，按常见偏移推),False,False,3.24,3.24,3.24,0.46,0.46,0.48
测量高程点,山大总图 -调整_t6.dwg,图层 地形,3.66,3.66,628.09,719.37,数字左下方0.8 m处(附近没有测量点符号，按常见偏移推),False,False,,,,,,
测量高程点,山大总图 -调整_t6.dwg,图层 地形,3.38,3.38,580.44,794.41,数字左下方0.8 m处(附近没有测量点符号，按常见偏移推),False,False,3.22,3.22,3.22,0.15,0.15,0.17
测量高程点,山大总图 -调整_t6.dwg,图层 地形,3.25,3.25,578.16,780.88,数字左下方0.8 m处(附近没有测量点符号，按常见偏移推),False,False,3.21,3.21,3.21,0.02,0.02,0.04
测量高程点,山大总图 -调整_t6.dwg,图层 地形,3.15,3.15,575.13,764.66,数字左下方0.8 m处(附近没有测量点符号，按常见偏移推),False,False,3.22,3.22,3.22,-0.08,-0.08,-0.06
测量高程点,山大总图 -调整_t6.dwg,图层 地形,3.55,3.55,589.46,880.88,数字左下方0.8 m处(附近没有测量点符号，按常见偏移推),False,False,,,,,,
测量高程点,山大总图 -调整_t6.dwg,图层 地形,3.55,3.55,588.93,861.71,数字左下方0.8 m处(附近没有测量点符号，按常见偏移推),False,False,,,,,,
测量高程点,山大总图 -调整_t6.dwg,图层 地形,3.46,3.46,585.87,843.86,数字左下方0.8 m处(附近没有测量点符号，按常见偏移推),False,False,,,,,,
测量高程点,山大总图 -调整_t6.dwg,图层 地形,3.31,3.31,582.75,823.61,数字左下方0.8 m处(附近没有测量点符号，按常见偏移推),False,False,3.22,3.22,3.22,0.07,0.07,0.09
测量高程点,山大总图 -调整_t6.dwg,图层 地形,3.45,3.45,580.45,810.2,数字左下方0.8 m处(附近没有测量点符号，按常见偏移推),False,False,3.22,3.22,3.22,0.22,0.22,0.24
测量高程点,山大总图 -调整_t6.dwg,图层 地形,3.86,3.86,630.05,842.95,数字左下方0.8 m处(附近没有测量点符号，按常见偏移推),False,False,,,,,,
测量高程点,山大总图 -调整_t6.dwg,图层 地形,3.70,3.7,625.39,809.07,数字左下方0.8 m处(附近没有测量点符号，按常见偏移推),False,False,,,,,,
测量高程点,山大总图 -调整_t6.dwg,图层 地形,3.42,3.42,595.35,959.79,数字左下方0.8 m处(附近没有测量点符号，按常见偏移推),False,False,,,,,,
测量高程点,山大总图 -调整_t6.dwg,图层 地形,3.44,3.44,592.85,941.94,数字左下方0.8 m处(附近没有测量点符号，按常见偏移推),False,False,,,,,,
测量高程点,山大总图 -调整_t6.dwg,图层 地形,3.55,3.55,589.89,924.14,数字左下方0.8 m处(附近没有测量点符号，按常见偏移推),False,False,,,,,,
测量高程点,山大总图 -调整_t6.dwg,图层 地形,3.38,3.38,586.68,906.62,数字左下方0.8 m处(附近没有测量点符号，按常见偏移推),False,False,,,,,,
测量高程点,山大总图 -调整_t6.dwg,图层 地形,3.24,3.24,583.51,884.1,数字左下方0.8 m处(附近没有测量点符号，按常见偏移推),False,False,,,,,,
测量高程点,山大总图 -调整_t6.dwg,图层 地形,3.25,3.25,579.29,861.03,数字左下方0.8 m处(附近没有测量点符号，按常见偏移推),False,False,,,,,,
测量高程点,山大总图 -调整_t6.dwg,图层 地形,3.11,3.11,571.04,810.75,数字左下方0.8 m处(附近没有测量点符号，按常见偏移推),False,False,3.21,3.21,3.21,-0.12,-0.12,-0.1
测量高程点,山大总图 -调整_t6.dwg,图层 地形,2.74,2.74,566.77,786.15,数字左下方0.8 m处(附近没有测量点符号，按常见偏移推),False,False,3.21,3.21,3.21,-0.48,-0.48,-0.47
测量高程点,山大总图 -调整_t6.dwg,图层 地形,2.90,2.9,562.93,760.44,数字左下方0.8 m处(附近没有测量点符号，按常见偏移推),False,False,3.21,3.21,3.21,-0.33,-0.33,-0.31
测量高程点,山大总图 -调整_t6.dwg,图层 地形,2.80,2.8,548.16,756.03,数字左下方0.8 m处(附近没有测量点符号，按常见偏移推),False,False,3.22,3.22,3.22,-0.43,-0.43,-0.41
测量高程点,山大总图 -调整_t6.dwg,图层 地形,2.81,2.81,552.67,783.83,数字左下方0.8 m处(附近没有测量点符号，按常见偏移推),False,False,3.21,3.21,3.21,-0.41,-0.41,-0.39
测量高程点,山大总图 -调整_t6.dwg,图层 地形,2.88,2.88,556.73,811.25,数字左下方0.8 m处(附近没有测量点符号，按常见偏移推),False,False,3.21,3.21,3.21,-0.34,-0.34,-0.32
测量高程点,山大总图 -调整_t6.dwg,图层 地形,3.28,3.28,571.96,906.74,数字左下方0.8 m处(附近没有测量点符号，按常见偏移推),False,False,,,,,,
测量高程点,山大总图 -调整_t6.dwg,图层 地形,3.62,3.62,575.7,925.3,数字左下方0.8 m处(附近没有测量点符号，按常见偏移推),False,False,,,,,,
测量高程点,山大总图 -调整_t6.dwg,图层 地形,3.42,3.42,577.98,941.1,数字左下方0.8 m处(附近没有测量点符号，按常见偏移推),False,False,,,,,,
测量高程点,山大总图 -调整_t6.dwg,图层 地形,3.65,3.65,581.93,960.56,数字左下方0.8 m处(附近没有测量点符号，按常见偏移推),False,False,,,,,,
测量高程点,山大总图 -调整_t6.dwg,图层 地形,4.06,4.06,494.46,922.5,数字左下方0.8 m处(附近没有测量点符号，按常见偏移推),False,False,,,,,,
测量高程点,山大总图 -调整_t6.dwg,图层 地形,4.14,4.14,512.1,919.56,数字左下方0.8 m处(附近没有测量点符号，按常见偏移推),False,False,,,,,,
测量高程点,山大总图 -调整_t6.dwg,图层 地形,3.99,3.99,531.81,916.3,数字左下方0.8 m处(附近没有测量点符号，按常见偏移推),False,False,,,,,,
测量高程点,山大总图 -调整_t6.dwg,图层 地形,4.24,4.24,547.62,913.66,数字左下方0.8 m处(附近没有测量点符号，按常见偏移推),False,False,,,,,,
测量高程点,山大总图 -调整_t6.dwg,图层 地形,4.13,4.13,555.9,922.9,数字左下方0.8 m处(附近没有测量点符号，按常见偏移推),False,False,,,,,,
测量高程点,山大总图 -调整_t6.dwg,图层 地形,3.98,3.98,558.44,940.38,数字左下方0.8 m处(附近没有测量点符号，按常见偏移推),False,False,,,,,,
测量高程点,山大总图 -调整_t6.dwg,图层 地形,4.65,4.65,479.0,928.9,数字左下方0.8 m处(附近没有测量点符号，按常见偏移推),False,False,,,,,,
测量高程点,山大总图 -调整_t6.dwg,图层 地形,3.93,3.93,472.93,912.01,数字左下方0.8 m处(附近没有测量点符号，按常见偏移推),False,False,,,,,,
测量高程点,山大总图 -调整_t6.dwg,图层 地形,3.97,3.97,526.41,906.67,数字左下方0.8 m处(附近没有测量点符号，按常见偏移推),False,False,,,,,,
测量高程点,山大总图 -调整_t6.dwg,图层 地形,4.71,4.71,539.72,929.11,数字左下方0.8 m处(附近没有测量点符号，按常见偏移推),False,False,,,,,,
测量高程点,山大总图 -调整_t6.dwg,图层 地形,4.61,4.61,483.64,960.62,数字左下方0.8 m处(附近没有测量点符号，按常见偏移推),False,False,,,,,,
测量高程点,山大总图 -调整_t6.dwg,图层 地形,4.08,4.08,518.88,872.47,数字左下方0.8 m处(附近没有测量点符号，按常见偏移推),False,False,,,,,,
测量高程点,山大总图 -调整_t6.dwg,图层 地形,3.99,3.99,525.93,872.11,数字左下方0.8 m处(附近没有测量点符号，按常见偏移推),False,False,,,,,,
测量高程点,山大总图 -调整_t6.dwg,图层 地形,3.04,3.04,462.04,765.59,数字左下方0.8 m处(附近没有测量点符号，按常见偏移推),False,False,3.21,3.21,3.21,-0.19,-0.19,-0.17
测量高程点,山大总图 -调整_t6.dwg,图层 地形,3.49,3.49,455.93,776.89,数字左下方0.8 m处(附近没有测量点符号，按常见偏移推),False,False,3.21,3.21,3.21,0.27,0.27,0.29
测量高程点,山大总图 -调整_t6.dwg,图层 地形,4.26,4.26,620.12,949.66,数字左下方0.8 m处(附近没有测量点符号，按常见偏移推),False,False,,,,,,
测量高程点,山大总图 -调整_t6.dwg,图层 地形,4.24,4.24,613.55,938.65,数字左下方0.8 m处(附近没有测量点符号，按常见偏移推),False,False,,,,,,
测量高程点,山大总图 -调整_t6.dwg,图层 地形,4.24,4.24,616.97,933.6,数字左下方0.8 m处(附近没有测量点符号，按常见偏移推),False,False,,,,,,
测量高程点,山大总图 -调整_t6.dwg,图层 地形,4.21,4.21,615.21,803.4,数字左下方0.8 m处(附近没有测量点符号，按常见偏移推),False,False,,,,,,
测量高程点,山大总图 -调整_t6.dwg,图层 地形,4.02,4.02,456.67,929.21,数字左下方0.8 m处(附近没有测量点符号，按常见偏移推),False,False,,,,,,
测量高程点,山大总图 -调整_t6.dwg,图层 地形,4.03,4.03,459.56,943.26,数字左下方0.8 m处(附近没有测量点符号，按常见偏移推),False,False,,,,,,
测量高程点,山大总图 -调整_t6.dwg,图层 地形,4.06,4.06,460.83,955.28,数字左下方0.8 m处(附近没有测量点符号，按常见偏移推),False,False,,,,,,
测量高程点,山大总图 -调整_t6.dwg,图层 地形,4.08,4.08,497.32,928.19,数字左下方0.8 m处(附近没有测量点符号，按常见偏移推),False,False,,,,,,
测量高程点,山大总图 -调整_t6.dwg,图层 地形,4.07,4.07,516.35,924.77,数字左下方0.8 m处(附近没有测量点符号，按常见偏移推),False,False,,,,,,
测量高程点,山大总图 -调整_t6.dwg,图层 地形,4.10,4.1,485.95,955.71,数字左下方0.8 m处(附近没有测量点符号，按常见偏移推),False,False,,,,,,
测量高程点,山大总图 -调整_t6.dwg,图层 地形,4.11,4.11,538.43,920.39,数字左下方0.8 m处(附近没有测量点符号，按常见偏移推),False,False,,,,,,
测量高程点,山大总图 -调整_t6.dwg,图层 地形,4.09,4.09,549.78,928.96,数字左下方0.8 m处(附近没有测量点符号，按常见偏移推),False,False,,,,,,
测量高程点,山大总图 -调整_t6.dwg,图层 地形,4.06,4.06,553.84,942.53,数字左下方0.8 m处(附近没有测量点符号，按常见偏移推),False,False,,,,,,
测量高程点,山大总图 -调整_t6.dwg,图层 地形,4.10,4.1,551.62,917.8,数字左下方0.8 m处(附近没有测量点符号，按常见偏移推),False,False,,,,,,
测量高程点,山大总图 -调整_t6.dwg,图层 地形,3.93,3.93,566.22,952.94,数字左下方0.8 m处(附近没有测量点符号，按常见偏移推),False,False,,,,,,
测量高程点,山大总图 -调整_t6.dwg,图层 地形,4.03,4.03,556.88,960.74,数字左下方0.8 m处(附近没有测量点符号，按常见偏移推),False,False,,,,,,
测量高程点,山大总图 -调整_t6.dwg,图层 地形,3.71,3.71,458.06,874.14,数字左下方0.8 m处(附近没有测量点符号，按常见偏移推),False,False,,,,,,
测量高程点,山大总图 -调整_t6.dwg,图层 地形,3.70,3.7,483.5,868.19,数字左下方0.8 m处(附近没有测量点符号，按常见偏移推),False,False,,,,,,
测量高程点,山大总图 -调整_t6.dwg,图层 地形,3.68,3.68,516.82,863.32,数字左下方0.8 m处(附近没有测量点符号，按常见偏移推),False,False,,,,,,
测量高程点,山大总图 -调整_t6.dwg,图层 地形,3.68,3.68,541.11,866.56,数字左下方0.8 m处(附近没有测量点符号，按常见偏移推),False,False,,,,,,
测量高程点,山大总图 -调整_t6.dwg,图层 地形,3.70,3.7,543.9,885.9,数字左下方0.8 m处(附近没有测量点符号，按常见偏移推),False,False,,,,,,
测量高程点,山大总图 -调整_t6.dwg,图层 地形,3.72,3.72,545.86,903.6,数字左下方0.8 m处(附近没有测量点符号，按常见偏移推),False,False,,,,,,
测量高程点,山大总图 -调整_t6.dwg,图层 地形,3.78,3.78,483.0,893.3,数字左下方0.8 m处(附近没有测量点符号，按常见偏移推),False,False,,,,,,
测量高程点,山大总图 -调整_t6.dwg,图层 地形,3.77,3.77,452.85,902.93,数字左下方0.8 m处(附近没有测量点符号，按常见偏移推),False,False,,,,,,
测量高程点,山大总图 -调整_t6.dwg,图层 地形,3.74,3.74,482.73,904.21,数字左下方0.8 m处(附近没有测量点符号，按常见偏移推),False,False,,,,,,
测量高程点,山大总图 -调整_t6.dwg,图层 地形,3.78,3.78,496.06,903.83,数字左下方0.8 m处(附近没有测量点符号，按常见偏移推),False,False,,,,,,
测量高程点,山大总图 -调整_t6.dwg,图层 地形,3.75,3.75,528.42,896.8,数字左下方0.8 m处(附近没有测量点符号，按常见偏移推),False,False,,,,,,
测量高程点,山大总图 -调整_t6.dwg,图层 地形,3.70,3.7,556.33,890.85,数字左下方0.8 m处(附近没有测量点符号，按常见偏移推),False,False,,,,,,
测量高程点,山大总图 -调整_t6.dwg,图层 地形,3.37,3.37,477.55,852.84,数字左下方0.8 m处(附近没有测量点符号，按常见偏移推),False,False,,,,,,
测量高程点,山大总图 -调整_t6.dwg,图层 地形,3.33,3.33,507.11,848.35,数字左下方0.8 m处(附近没有测量点符号，按常见偏移推),False,False,,,,,,
测量高程点,山大总图 -调整_t6.dwg,图层 地形,3.30,3.3,530.02,845.06,数字左下方0.8 m处(附近没有测量点符号，按常见偏移推),False,False,,,,,,
测量高程点,山大总图 -调整_t6.dwg,图层 地形,3.27,3.27,550.19,841.51,数字左下方0.8 m处(附近没有测量点符号，按常见偏移推),False,False,,,,,,
测量高程点,山大总图 -调整_t6.dwg,图层 地形,2.85,2.85,462.91,790.25,数字左下方0.8 m处(附近没有测量点符号，按常见偏移推),False,False,3.2,3.2,3.2,-0.37,-0.37,-0.35
测量高程点,山大总图 -调整_t6.dwg,图层 地形,2.85,2.85,459.17,802.23,数字左下方0.8 m处(附近没有测量点符号，按常见偏移推),False,False,3.2,3.2,3.2,-0.36,-0.36,-0.34
测量高程点,山大总图 -调整_t6.dwg,图层 地形,2.99,2.99,453.85,741.22,数字左下方0.8 m处(附近没有测量点符号，按常见偏移推),False,False,3.24,3.24,3.24,-0.26,-0.26,-0.24
测量高程点,山大总图 -调整_t6.dwg,图层 地形,2.98,2.98,481.96,735.84,数字左下方0.8 m处(附近没有测量点符号，按常见偏移推),False,False,3.24,3.24,3.24,-0.27,-0.27,-0.25
测量高程点,山大总图 -调整_t6.dwg,图层 地形,2.98,2.98,510.32,731.54,数字左下方0.8 m处(附近没有测量点符号，按常见偏移推),False,False,3.24,3.24,3.24,-0.27,-0.27,-0.26
测量高程点,山大总图 -调整_t6.dwg,图层 地形,4.01,4.01,603.51,948.07,数字左下方0.8 m处(附近没有测量点符号，按常见偏移推),False,False,,,,,,
测量高程点,山大总图 -调整_t6.dwg,图层 地形,4.12,4.12,612.59,946.22,数字左下方0.8 m处(附近没有测量点符号，按常见偏移推),False,False,,,,,,
测量高程点,山大总图 -调整_t6.dwg,图层 地形,4.13,4.13,635.68,943.0,数字左下方0.8 m处(附近没有测量点符号，按常见偏移推),False,False,,,,,,
测量高程点,山大总图 -调整_t6.dwg,图层 地形,4.30,4.3,618.09,960.82,数字左下方0.8 m处(附近没有测量点符号，按常见偏移推),False,False,,,,,,
测量高程点,山大总图 -调整_t6.dwg,图层 地形,3.90,3.9,599.91,923.46,数字左下方0.8 m处(附近没有测量点符号，按常见偏移推),False,False,,,,,,
测量高程点,山大总图 -调整_t6.dwg,图层 地形,3.69,3.69,596.87,894.73,数字左下方0.8 m处(附近没有测量点符号，按常见偏移推),False,False,,,,,,
测量高程点,山大总图 -调整_t6.dwg,图层 地形,4.09,4.09,610.77,891.37,数字左下方0.8 m处(附近没有测量点符号，按常见偏移推),False,False,,,,,,
测量高程点,山大总图 -调整_t6.dwg,图层 地形,4.14,4.14,637.66,887.07,数字左下方0.8 m处(附近没有测量点符号，按常见偏移推),False,False,,,,,,
测量高程点,山大总图 -调整_t6.dwg,图层 地形,3.97,3.97,584.51,810.98,数字左下方0.8 m处(附近没有测量点符号，按常见偏移推),False,False,3.22,3.22,3.22,0.74,0.74,0.75
测量高程点,山大总图 -调整_t6.dwg,图层 地形,3.90,3.9,590.71,849.77,数字左下方0.8 m处(附近没有测量点符号，按常见偏移推),False,False,,,,,,
测量高程点,山大总图 -调整_t6.dwg,图层 地形,3.86,3.86,596.99,884.97,数字左下方0.8 m处(附近没有测量点符号，按常见偏移推),False,False,,,,,,
测量高程点,山大总图 -调整_t6.dwg,图层 地形,3.47,3.47,585.02,859.21,数字左下方0.8 m处(附近没有测量点符号，按常见偏移推),False,False,,,,,,
测量高程点,山大总图 -调整_t6.dwg,图层 地形,3.28,3.28,578.11,803.97,数字左下方0.8 m处(附近没有测量点符号，按常见偏移推),False,False,3.22,3.22,3.22,0.05,0.05,0.07
测量高程点,山大总图 -调整_t6.dwg,图层 地形,3.67,3.67,592.84,801.06,数字左下方0.8 m处(附近没有测量点符号，按常见偏移推),False,False,3.22,3.22,3.22,0.43,0.43,0.45
测量高程点,山大总图 -调整_t6.dwg,图层 地形,3.70,3.7,610.79,797.08,数字左下方0.8 m处(附近没有测量点符号，按常见偏移推),False,False,,,,,,
测量高程点,山大总图 -调整_t6.dwg,图层 地形,3.74,3.74,623.93,797.52,数字左下方0.8 m处(附近没有测量点符号，按常见偏移推),False,False,,,,,,
测量高程点,山大总图 -调整_t6.dwg,图层 地形,4.06,4.06,627.91,823.52,数字左下方0.8 m处(附近没有测量点符号，按常见偏移推),False,False,,,,,,
测量高程点,山大总图 -调整_t6.dwg,图层 地形,4.12,4.12,631.46,853.52,数字左下方0.8 m处(附近没有测量点符号，按常见偏移推),False,False,,,,,,
测量高程点,山大总图 -调整_t6.dwg,图层 地形,4.13,4.13,632.21,873.05,数字左下方0.8 m处(附近没有测量点符号，按常见偏移推),False,False,,,,,,
测量高程点,山大总图 -调整_t6.dwg,图层 地形,3.63,3.63,571.43,927.11,数字左下方0.8 m处(附近没有测量点符号，按常见偏移推),False,False,,,,,,
测量高程点,山大总图 -调整_t6.dwg,图层 地形,3.51,3.51,567.05,897.33,数字左下方0.8 m处(附近没有测量点符号，按常见偏移推),False,False,,,,,,
测量高程点,山大总图 -调整_t6.dwg,图层 地形,3.90,3.9,586.83,951.74,数字左下方0.8 m处(附近没有测量点符号，按常见偏移推),False,False,,,,,,
测量高程点,山大总图 -调整_t6.dwg,图层 地形,3.80,3.8,585.63,940.45,数字左下方0.8 m处(附近没有测量点符号，按常见偏移推),False,False,,,,,,
测量高程点,山大总图 -调整_t6.dwg,图层 地形,3.76,3.76,583.86,926.56,数字左下方0.8 m处(附近没有测量点符号，按常见偏移推),False,False,,,,,,
测量高程点,山大总图 -调整_t6.dwg,图层 地形,3.73,3.73,580.63,913.88,数字左下方0.8 m处(附近没有测量点符号，按常见偏移推),False,False,,,,,,
测量高程点,山大总图 -调整_t6.dwg,图层 地形,3.60,3.6,578.22,895.48,数字左下方0.8 m处(附近没有测量点符号，按常见偏移推),False,False,,,,,,
测量高程点,山大总图 -调整_t6.dwg,图层 地形,3.48,3.48,574.29,875.57,数字左下方0.8 m处(附近没有测量点符号，按常见偏移推),False,False,,,,,,
测量高程点,山大总图 -调整_t6.dwg,图层 地形,3.42,3.42,568.65,853.05,数字左下方0.8 m处(附近没有测量点符号，按常见偏移推),False,False,,,,,,
测量高程点,山大总图 -调整_t6.dwg,图层 地形,3.30,3.3,560.27,855.72,数字左下方0.8 m处(附近没有测量点符号，按常见偏移推),False,False,,,,,,
测量高程点,山大总图 -调整_t6.dwg,图层 地形,3.76,3.76,596.01,948.13,数字左下方0.8 m处(附近没有测量点符号，按常见偏移推),False,False,,,,,,
测量高程点,山大总图 -调整_t6.dwg,图层 地形,3.60,3.6,590.96,918.76,数字左下方0.8 m处(附近没有测量点符号，按常见偏移推),False,False,,,,,,
测量高程点,山大总图 -调整_t6.dwg,图层 地形,3.50,3.5,586.56,896.17,数字左下方0.8 m处(附近没有测量点符号，按常见偏移推),False,False,,,,,,
测量高程点,山大总图 -调整_t6.dwg,图层 地形,3.33,3.33,581.24,856.89,数字左下方0.8 m处(附近没有测量点符号，按常见偏移推),False,False,,,,,,
测量高程点,山大总图 -调整_t6.dwg,图层 地形,3.36,3.36,566.37,838.41,数字左下方0.8 m处(附近没有测量点符号，按常见偏移推),False,False,,,,,,
测量高程点,山大总图 -调整_t6.dwg,图层 地形,3.10,3.1,552.29,807.46,数字左下方0.8 m处(附近没有测量点符号，按常见偏移推),False,False,3.21,3.21,3.21,-0.12,-0.12,-0.1
测量高程点,山大总图 -调整_t6.dwg,图层 地形,2.99,2.99,546.74,781.65,数字左下方0.8 m处(附近没有测量点符号，按常见偏移推),False,False,3.21,3.21,3.21,-0.23,-0.23,-0.21
测量高程点,山大总图 -调整_t6.dwg,图层 地形,2.88,2.88,542.71,753.05,数字左下方0.8 m处(附近没有测量点符号，按常见偏移推),False,False,3.22,3.22,3.22,-0.35,-0.35,-0.34
测量高程点,山大总图 -调整_t6.dwg,图层 地形,3.18,3.18,563.33,806.44,数字左下方0.8 m处(附近没有测量点符号，按常见偏移推),False,False,3.21,3.21,3.21,-0.04,-0.04,-0.03
测量高程点,山大总图 -调整_t6.dwg,图层 地形,3.08,3.08,559.28,784.12,数字左下方0.8 m处(附近没有测量点符号，按常见偏移推),False,False,3.21,3.21,3.21,-0.14,-0.14,-0.12
测量高程点,山大总图 -调整_t6.dwg,图层 地形,2.95,2.95,553.39,751.21,数字左下方0.8 m处(附近没有测量点符号，按常见偏移推),False,False,3.22,3.22,3.22,-0.28,-0.28,-0.27
测量高程点,山大总图 -调整_t6.dwg,图层 地形,3.20,3.2,574.43,819.26,数字左下方0.8 m处(附近没有测量点符号，按常见偏移推),False,False,3.22,3.22,3.22,-0.03,-0.03,-0.01
测量高程点,山大总图 -调整_t6.dwg,图层 地形,3.05,3.05,568.77,781.02,数字左下方0.8 m处(附近没有测量点符号，按常见偏移推),False,False,3.21,3.21,3.21,-0.17,-0.17,-0.16
测量高程点,山大总图 -调整_t6.dwg,图层 地形,2.89,2.89,562.84,749.82,数字左下方0.8 m处(附近没有测量点符号，按常见偏移推),False,False,3.22,3.22,3.22,-0.35,-0.34,-0.33
测量高程点,山大总图 -调整_t6.dwg,图层 地形,3.10,3.1,569.38,757.36,数字左下方0.8 m处(附近没有测量点符号，按常见偏移推),False,False,3.22,3.22,3.22,-0.13,-0.13,-0.11
测量高程点,山大总图 -调整_t6.dwg,图层 地形,3.43,3.43,584.99,742.53,数字左下方0.8 m处(附近没有测量点符号，按常见偏移推),False,False,3.24,3.24,3.24,0.18,0.18,0.2
测量高程点,山大总图 -调整_t6.dwg,图层 地形,3.34,3.34,624.01,732.71,数字左下方0.8 m处(附近没有测量点符号，按常见偏移推),False,False,,,,,,
测量高程点,山大总图 -调整_t6.dwg,图层 地形,3.35,3.35,606.18,735.31,数字左下方0.8 m处(附近没有测量点符号，按常见偏移推),False,False,,,,,,
测量高程点,山大总图 -调整_t6.dwg,图层 地形,2.92,2.92,611.76,714.19,数字左下方0.8 m处(附近没有测量点符号，按常见偏移推),False,False,,,,,,
测量高程点,山大总图 -调整_t6.dwg,图层 地形,3.18,3.18,606.18,722.3,数字左下方0.8 m处(附近没有测量点符号，按常见偏移推),False,False,,,,,,
测量高程点,山大总图 -调整_t6.dwg,图层 地形,2.80,2.8,595.21,714.72,测量点符号(gc200)的位置,False,False,,,,,,
测量高程点,山大总图 -调整_t6.dwg,图层 地形,2.86,2.86,578.9,722.55,数字左下方0.8 m处(附近没有测量点符号，按常见偏移推),False,False,3.25,3.25,3.25,-0.4,-0.4,-0.38
测量高程点,山大总图 -调整_t6.dwg,图层 地形,3.01,3.01,594.07,721.09,数字左下方0.8 m处(附近没有测量点符号，按常见偏移推),False,False,3.25,3.25,3.25,-0.26,-0.26,-0.24
测量高程点,山大总图 -调整_t6.dwg,图层 地形,3.12,3.12,572.58,736.75,数字左下方0.8 m处(附近没有测量点符号，按常见偏移推),False,False,3.24,3.24,3.24,-0.13,-0.13,-0.11
测量高程点,山大总图 -调整_t6.dwg,图层 地形,3.20,3.2,572.48,747.27,数字左下方0.8 m处(附近没有测量点符号，按常见偏移推),False,False,3.23,3.23,3.23,-0.04,-0.04,-0.02
测量高程点,山大总图 -调整_t6.dwg,图层 地形,2.91,2.91,550.92,733.57,数字左下方0.8 m处(附近没有测量点符号，按常见偏移推),False,False,3.24,3.24,3.24,-0.34,-0.34,-0.32
测量高程点,山大总图 -调整_t6.dwg,图层 地形,2.74,2.74,568.5,714.43,数字左下方0.8 m处(附近没有测量点符号，按常见偏移推),False,False,3.26,3.26,3.26,-0.53,-0.53,-0.51
测量高程点,山大总图 -调整_t6.dwg,图层 地形,2.87,2.87,545.28,719.88,数字左下方0.8 m处(附近没有测量点符号，按常见偏移推),False,False,3.25,3.25,3.25,-0.39,-0.39,-0.37
测量高程点,山大总图 -调整_t6.dwg,图层 地形,2.75,2.75,532.96,730.03,数字左下方0.8 m处(附近没有测量点符号，按常见偏移推),False,False,3.24,3.24,3.24,-0.5,-0.5,-0.48
测量高程点,山大总图 -调整_t6.dwg,图层 地形,2.86,2.86,525.68,719.12,数字左下方0.8 m处(附近没有测量点符号，按常见偏移推),False,False,3.25,3.25,3.25,-0.41,-0.41,-0.39
测量高程点,山大总图 -调整_t6.dwg,图层 地形,2.80,2.8,506.14,726.9,数字左下方0.8 m处(附近没有测量点符号，按常见偏移推),False,False,3.25,3.25,3.25,-0.46,-0.46,-0.44
测量高程点,山大总图 -调整_t6.dwg,图层 地形,2.84,2.84,480.06,731.78,数字左下方0.8 m处(附近没有测量点符号，按常见偏移推),False,False,3.24,3.24,3.24,-0.42,-0.41,-0.4
测量高程点,山大总图 -调整_t6.dwg,图层 地形,2.88,2.88,453.16,736.08,数字左下方0.8 m处(附近没有测量点符号，按常见偏移推),False,False,3.25,3.25,3.25,-0.38,-0.38,-0.36
测量高程点,山大总图 -调整_t6.dwg,图层 地形,3.19,3.19,453.16,718.27,数字左下方0.8 m处(附近没有测量点符号，按常见偏移推),False,False,3.26,3.27,3.26,-0.09,-0.09,-0.07
测量高程点,山大总图 -调整_t6.dwg,图层 地形,3.17,3.17,480.06,713.77,数字左下方0.8 m处(附近没有测量点符号，按常见偏移推),False,False,3.26,3.27,3.26,-0.11,-0.11,-0.09
测量高程点,山大总图 -调整_t6.dwg,图层 地形,3.09,3.09,454.24,713.83,数字左下方0.8 m处(附近没有测量点符号，按常见偏移推),False,False,3.27,3.29,3.27,-0.19,-0.21,-0.17
测量高程点,山大总图 -调整_t6.dwg,图层 地形,3.78,3.78,489.19,919.66,数字左下方0.8 m处(附近没有测量点符号，按常见偏移推),False,False,,,,,,
测量高程点,山大总图 -调整_t6.dwg,图层 地形,4.47,4.47,609.37,965.59,数字左下方0.8 m处(附近没有测量点符号，按常见偏移推),False,False,,,,,,
测量高程点,山大总图 -调整_t6.dwg,图层 地形,4.31,4.31,464.1,971.3,数字左下方0.8 m处(附近没有测量点符号，按常见偏移推),False,False,,,,,,
测量高程点,山大总图 -调整_t6.dwg,图层 地形,4.56,4.56,569.4,965.11,数字左下方0.8 m处(附近没有测量点符号，按常见偏移推),False,False,,,,,,
测量高程点,山大总图 -调整_t6.dwg,图层 地形,4.59,4.59,458.02,963.12,数字左下方0.8 m处(附近没有测量点符号，按常见偏移推),False,False,,,,,,
测量高程点,山大总图 -调整_t6.dwg,图层 地形,4.50,4.5,614.27,967.33,数字左下方0.8 m处(附近没有测量点符号，按常见偏移推),False,False,,,,,,
测量高程点,山大总图 -调整_t6.dwg,图层 地形,3.94,3.94,532.38,971.23,数字左下方0.8 m处(附近没有测量点符号，按常见偏移推),False,False,,,,,,
测量高程点,山大总图 -调整_t6.dwg,图层 地形,3.97,3.97,551.66,968.76,数字左下方0.8 m处(附近没有测量点符号，按常见偏移推),False,False,,,,,,
测量高程点,山大总图 -调整_t6.dwg,图层 地形,4.01,4.01,562.31,966.54,数字左下方0.8 m处(附近没有测量点符号，按常见偏移推),False,False,,,,,,
测量高程点,山大总图 -调整_t6.dwg,图层 地形,3.93,3.93,588.88,962.68,数字左下方0.8 m处(附近没有测量点符号，按常见偏移推),False,False,,,,,,
测量高程点,山大总图 -调整_t6.dwg,图层 地形,4.19,4.19,492.94,964.21,数字左下方0.8 m处(附近没有测量点符号，按常见偏移推),False,False,,,,,,
测量高程点,山大总图 -调整_t6.dwg,图层 地形,3.29,3.29,630.29,421.06,数字左下方0.8 m处(附近没有测量点符号，按常见偏移推),False,False,,,,,,
测量高程点,山大总图 -调整_t6.dwg,图层 地形,3.94,3.94,537.28,453.85,数字左下方0.8 m处(附近没有测量点符号，按常见偏移推),False,False,3.52,3.57,3.52,0.41,0.36,0.42
测量高程点,山大总图 -调整_t6.dwg,图层 地形,3.17,3.17,617.23,376.69,数字左下方0.8 m处(附近没有测量点符号，按常见偏移推),False,False,,,,,,
测量高程点,山大总图 -调整_t6.dwg,图层 地形,4.06,4.06,612.61,460.24,数字左下方0.8 m处(附近没有测量点符号，按常见偏移推),False,False,,,,,,
测量高程点,山大总图 -调整_t6.dwg,图层 地形,3.79,3.79,622.13,449.59,数字左下方0.8 m处(附近没有测量点符号，按常见偏移推),False,False,,,,,,
测量高程点,山大总图 -调整_t6.dwg,图层 地形,3.89,3.89,567.82,451.79,数字左下方0.8 m处(附近没有测量点符号，按常见偏移推),False,False,3.59,3.58,3.59,0.29,0.29,0.31
测量高程点,山大总图 -调整_t6.dwg,图层 地形,3.58,3.58,589.54,381.35,数字左下方0.8 m处(附近没有测量点符号，按常见偏移推),False,False,3.5,3.5,3.5,0.07,0.07,0.09
测量高程点,山大总图 -调整_t6.dwg,图层 地形,3.87,3.87,531.04,381.9,数字左下方0.8 m处(附近没有测量点符号，按常见偏移推),False,False,3.41,3.39,3.41,0.44,0.47,0.46
测量高程点,山大总图 -调整_t6.dwg,图层 地形,3.79,3.79,562.7,385.46,数字左下方0.8 m处(附近没有测量点符号，按常见偏移推),False,False,3.46,3.43,3.46,0.32,0.34,0.34
测量高程点,山大总图 -调整_t6.dwg,图层 地形,3.68,3.68,558.2,362.56,数字左下方0.8 m处(附近没有测量点符号，按常见偏移推),False,False,3.4,3.4,3.4,0.26,0.27,0.28
测量高程点,山大总图 -调整_t6.dwg,图层 地形,2.90,2.9,611.77,333.97,数字左下方0.8 m处(附近没有测量点符号，按常见偏移推),False,False,,,,,,
测量高程点,山大总图 -调整_t6.dwg,图层 地形,3.27,3.27,623.81,357.95,数字左下方0.8 m处(附近没有测量点符号，按常见偏移推),False,False,,,,,,
测量高程点,山大总图 -调整_t6.dwg,图层 地形,3.01,3.01,615.88,357.0,数字左下方0.8 m处(附近没有测量点符号，按常见偏移推),False,False,,,,,,
测量高程点,山大总图 -调整_t6.dwg,图层 地形,4.09,4.09,567.51,413.11,数字左下方0.8 m处(附近没有测量点符号，按常见偏移推),False,False,3.53,3.53,3.53,0.55,0.55,0.57
测量高程点,山大总图 -调整_t6.dwg,图层 地形,3.61,3.61,605.84,406.71,数字左下方0.8 m处(附近没有测量点符号，按常见偏移推),False,False,,,,,,
测量高程点,山大总图 -调整_t6.dwg,图层 地形,3.30,3.3,619.79,406.4,数字左下方0.8 m处(附近没有测量点符号，按常见偏移推),False,False,,,,,,
测量高程点,山大总图 -调整_t6.dwg,图层 地形,3.36,3.36,621.57,425.56,数字左下方0.8 m处(附近没有测量点符号，按常见偏移推),False,False,,,,,,
测量高程点,山大总图 -调整_t6.dwg,图层 地形,3.52,3.52,580.36,337.46,数字左下方0.8 m处(附近没有测量点符号，按常见偏移推),False,False,3.41,3.41,3.41,0.1,0.1,0.11
测量高程点,山大总图 -调整_t6.dwg,图层 地形,3.59,3.59,555.16,341.07,数字左下方0.8 m处(附近没有测量点符号，按常见偏移推),False,False,3.37,3.37,3.37,0.21,0.21,0.23
测量高程点,山大总图 -调整_t6.dwg,图层 地形,3.50,3.5,524.17,428.95,数字左下方0.8 m处(附近没有测量点符号，按常见偏移推),True,False,3.51,3.55,3.51,-0.02,-0.07,-0.0
测量高程点,山大总图 -调整_t6.dwg,图层 地形,4.00,4.0,614.1,434.29,数字左下方0.8 m处(附近没有测量点符号，按常见偏移推),False,False,,,,,,
测量高程点,山大总图 -调整_t6.dwg,图层 地形,4.49,4.49,571.56,416.33,数字左下方0.8 m处(附近没有测量点符号，按常见偏移推),False,False,3.54,3.54,3.54,0.93,0.93,0.95
测量高程点,山大总图 -调整_t6.dwg,图层 地形,3.91,3.91,599.84,383.46,数字左下方0.8 m处(附近没有测量点符号，按常见偏移推),False,False,,,,,,
测量高程点,山大总图 -调整_t6.dwg,图层 地形,3.87,3.87,581.66,339.97,数字左下方0.8 m处(附近没有测量点符号，按常见偏移推),False,False,3.42,3.42,3.42,0.44,0.44,0.46
测量高程点,山大总图 -调整_t6.dwg,图层 地形,4.14,4.14,637.36,455.31,数字左下方0.8 m处(附近没有测量点符号，按常见偏移推),False,False,,,,,,
测量高程点,山大总图 -调整_t6.dwg,图层 地形,4.20,4.2,592.84,459.3,数字左下方0.8 m处(附近没有测量点符号，按常见偏移推),False,False,3.59,3.58,3.59,0.59,0.61,0.61
测量高程点,山大总图 -调整_t6.dwg,图层 地形,4.20,4.2,551.66,382.14,数字左下方0.8 m处(附近没有测量点符号，按常见偏移推),False,False,3.43,3.4,3.43,0.75,0.79,0.77
测量高程点,山大总图 -调整_t6.dwg,图层 地形,3.93,3.93,546.39,345.87,数字左下方0.8 m处(附近没有测量点符号，按常见偏移推),False,False,3.37,3.38,3.37,0.55,0.54,0.57
测量高程点,山大总图 -调整_t6.dwg,图层 地形,3.77,3.77,632.99,428.22,数字左下方0.8 m处(附近没有测量点符号，按常见偏移推),False,False,,,,,,
测量高程点,山大总图 -调整_t6.dwg,图层 地形,3.85,3.85,632.84,417.99,数字左下方0.8 m处(附近没有测量点符号，按常见偏移推),False,False,,,,,,
测量高程点,山大总图 -调整_t6.dwg,图层 地形,4.37,4.37,636.01,385.94,数字左下方0.8 m处(附近没有测量点符号，按常见偏移推),False,False,,,,,,
测量高程点,山大总图 -调整_t6.dwg,图层 地形,4.14,4.14,641.12,377.21,数字左下方0.8 m处(附近没有测量点符号，按常见偏移推),False,False,,,,,,
测量高程点,山大总图 -调整_t6.dwg,图层 地形,3.53,3.53,632.11,405.56,数字左下方0.8 m处(附近没有测量点符号，按常见偏移推),False,False,,,,,,
测量高程点,山大总图 -调整_t6.dwg,图层 地形,3.51,3.51,623.76,401.62,数字左下方0.8 m处(附近没有测量点符号，按常见偏移推),False,False,,,,,,
测量高程点,山大总图 -调整_t6.dwg,图层 地形,3.38,3.38,624.89,389.47,数字左下方0.8 m处(附近没有测量点符号，按常见偏移推),False,False,,,,,,
测量高程点,山大总图 -调整_t6.dwg,图层 地形,3.38,3.38,624.17,376.39,数字左下方0.8 m处(附近没有测量点符号，按常见偏移推),False,False,,,,,,
测量高程点,山大总图 -调整_t6.dwg,图层 地形,3.56,3.56,621.59,366.06,数字左下方0.8 m处(附近没有测量点符号，按常见偏移推),False,False,,,,,,
测量高程点,山大总图 -调整_t6.dwg,图层 地形,3.51,3.51,641.33,352.92,数字左下方0.8 m处(附近没有测量点符号，按常见偏移推),False,False,,,,,,
测量高程点,山大总图 -调整_t6.dwg,图层 地形,3.51,3.51,622.72,353.39,数字左下方0.8 m处(附近没有测量点符号，按常见偏移推),False,False,,,,,,
测量高程点,山大总图 -调整_t6.dwg,图层 地形,3.61,3.61,630.43,347.76,数字左下方0.8 m处(附近没有测量点符号，按常见偏移推),False,False,,,,,,
测量高程点,山大总图 -调整_t6.dwg,图层 地形,3.25,3.25,621.4,338.96,数字左下方0.8 m处(附近没有测量点符号，按常见偏移推),False,False,,,,,,
测量高程点,山大总图 -调整_t6.dwg,图层 地形,2.86,2.86,621.8,325.85,数字左下方0.8 m处(附近没有测量点符号，按常见偏移推),False,False,,,,,,
测量高程点,山大总图 -调整_t6.dwg,图层 地形,3.96,3.96,610.28,431.58,数字左下方0.8 m处(附近没有测量点符号，按常见偏移推),False,False,,,,,,
测量高程点,山大总图 -调整_t6.dwg,图层 地形,3.81,3.81,622.06,438.6,数字左下方0.8 m处(附近没有测量点符号，按常见偏移推),False,False,,,,,,
测量高程点,山大总图 -调整_t6.dwg,图层 地形,3.97,3.97,632.05,444.75,数字左下方0.8 m处(附近没有测量点符号，按常见偏移推),False,False,,,,,,
测量高程点,山大总图 -调整_t6.dwg,图层 地形,4.01,4.01,635.41,452.44,数字左下方0.8 m处(附近没有测量点符号，按常见偏移推),False,False,,,,,,
测量高程点,山大总图 -调整_t6.dwg,图层 地形,4.10,4.1,624.96,454.39,数字左下方0.8 m处(附近没有测量点符号，按常见偏移推),False,False,,,,,,
测量高程点,山大总图 -调整_t6.dwg,图层 地形,4.13,4.13,581.96,457.35,数字左下方0.8 m处(附近没有测量点符号，按常见偏移推),False,False,3.59,3.58,3.59,0.53,0.53,0.55
测量高程点,山大总图 -调整_t6.dwg,图层 地形,4.14,4.14,592.07,453.29,数字左下方0.8 m处(附近没有测量点符号，按常见偏移推),False,False,3.59,3.59,3.59,0.54,0.54,0.56
测量高程点,山大总图 -调整_t6.dwg,图层 地形,3.90,3.9,595.48,445.24,数字左下方0.8 m处(附近没有测量点符号，按常见偏移推),False,False,,,,,,
测量高程点,山大总图 -调整_t6.dwg,图层 地形,4.06,4.06,579.91,446.32,数字左下方0.8 m处(附近没有测量点符号，按常见偏移推),False,False,3.58,3.58,3.58,0.47,0.47,0.48
测量高程点,山大总图 -调整_t6.dwg,图层 地形,4.10,4.1,564.11,445.78,数字左下方0.8 m处(附近没有测量点符号，按常见偏移推),False,False,3.58,3.57,3.58,0.51,0.51,0.53
测量高程点,山大总图 -调整_t6.dwg,图层 地形,4.13,4.13,549.12,448.98,数字左下方0.8 m处(附近没有测量点符号，按常见偏移推),False,False,3.54,3.55,3.54,0.57,0.57,0.59
测量高程点,山大总图 -调整_t6.dwg,图层 地形,4.02,4.02,535.06,450.17,数字左下方0.8 m处(附近没有测量点符号，按常见偏移推),False,False,3.51,3.57,3.51,0.49,0.44,0.51
测量高程点,山大总图 -调整_t6.dwg,图层 地形,4.05,4.05,547.07,439.54,数字左下方0.8 m处(附近没有测量点符号，按常见偏移推),False,False,3.52,3.57,3.52,0.51,0.47,0.53
测量高程点,山大总图 -调整_t6.dwg,图层 地形,4.15,4.15,559.71,436.2,数字左下方0.8 m处(附近没有测量点符号，按常见偏移推),False,False,3.55,3.57,3.55,0.58,0.57,0.6
测量高程点,山大总图 -调整_t6.dwg,图层 地形,4.10,4.1,572.29,434.44,数字左下方0.8 m处(附近没有测量点符号，按常见偏移推),False,False,3.57,3.57,3.57,0.52,0.52,0.54
测量高程点,山大总图 -调整_t6.dwg,图层 地形,4.20,4.2,583.44,438.02,数字左下方0.8 m处(附近没有测量点符号，按常见偏移推),False,False,3.57,3.57,3.57,0.61,0.62,0.63
测量高程点,山大总图 -调整_t6.dwg,图层 地形,3.94,3.94,596.49,436.4,数字左下方0.8 m处(附近没有测量点符号，按常见偏移推),False,False,,,,,,
测量高程点,山大总图 -调整_t6.dwg,图层 地形,3.95,3.95,601.57,426.4,数字左下方0.8 m处(附近没有测量点符号，按常见偏移推),False,False,,,,,,
测量高程点,山大总图 -调整_t6.dwg,图层 地形,4.04,4.04,586.78,427.7,数字左下方0.8 m处(附近没有测量点符号，按常见偏移推),False,False,3.57,3.57,3.57,0.45,0.46,0.47
测量高程点,山大总图 -调整_t6.dwg,图层 地形,4.20,4.2,580.37,416.17,数字左下方0.8 m处(附近没有测量点符号，按常见偏移推),False,False,3.56,3.56,3.56,0.63,0.63,0.65
测量高程点,山大总图 -调整_t6.dwg,图层 地形,4.01,4.01,592.41,413.91,数字左下方0.8 m处(附近没有测量点符号，按常见偏移推),False,False,3.58,3.58,3.58,0.42,0.42,0.44
测量高程点,山大总图 -调整_t6.dwg,图层 地形,3.86,3.86,602.79,418.81,数字左下方0.8 m处(附近没有测量点符号，按常见偏移推),False,False,,,,,,
测量高程点,山大总图 -调整_t6.dwg,图层 地形,3.97,3.97,611.62,421.47,数字左下方0.8 m处(附近没有测量点符号，按常见偏移推),False,False,,,,,,
测量高程点,山大总图 -调整_t6.dwg,图层 地形,3.96,3.96,610.21,411.49,数字左下方0.8 m处(附近没有测量点符号，按常见偏移推),False,False,,,,,,
测量高程点,山大总图 -调整_t6.dwg,图层 地形,3.86,3.86,604.62,401.4,数字左下方0.8 m处(附近没有测量点符号，按常见偏移推),False,False,,,,,,
测量高程点,山大总图 -调整_t6.dwg,图层 地形,3.80,3.8,607.87,394.33,数字左下方0.8 m处(附近没有测量点符号，按常见偏移推),False,False,,,,,,
测量高程点,山大总图 -调整_t6.dwg,图层 地形,3.78,3.78,607.05,383.81,数字左下方0.8 m处(附近没有测量点符号，按常见偏移推),False,False,,,,,,
测量高程点,山大总图 -调整_t6.dwg,图层 地形,4.28,4.28,580.26,406.54,数字左下方0.8 m处(附近没有测量点符号，按常见偏移推),False,False,3.55,3.55,3.55,0.72,0.72,0.74
测量高程点,山大总图 -调整_t6.dwg,图层 地形,4.21,4.21,569.75,400.83,数字左下方0.8 m处(附近没有测量点符号，按常见偏移推),False,False,3.51,3.51,3.51,0.69,0.69,0.71
测量高程点,山大总图 -调整_t6.dwg,图层 地形,4.04,4.04,577.56,397.24,数字左下方0.8 m处(附近没有测量点符号，按常见偏移推),False,False,3.52,3.52,3.52,0.5,0.51,0.52
测量高程点,山大总图 -调整_t6.dwg,图层 地形,4.18,4.18,567.55,388.1,数字左下方0.8 m处(附近没有测量点符号，按常见偏移推),False,False,3.47,3.47,3.47,0.69,0.7,0.71
测量高程点,山大总图 -调整_t6.dwg,图层 地形,4.34,4.34,537.66,414.81,数字左下方0.8 m处(附近没有测量点符号，按常见偏移推),False,False,3.48,3.48,3.48,0.85,0.85,0.87
测量高程点,山大总图 -调整_t6.dwg,图层 地形,4.34,4.34,549.1,410.12,数字左下方0.8 m处(附近没有测量点符号，按常见偏移推),False,False,3.48,3.48,3.48,0.84,0.85,0.86
测量高程点,山大总图 -调整_t6.dwg,图层 地形,4.33,4.33,561.24,407.2,数字左下方0.8 m处(附近没有测量点符号，按常见偏移推),False,False,3.5,3.49,3.5,0.82,0.83,0.84
测量高程点,山大总图 -调整_t6.dwg,图层 地形,4.15,4.15,551.65,399.74,数字左下方0.8 m处(附近没有测量点符号，按常见偏移推),False,False,3.47,3.38,3.47,0.67,0.75,0.69
测量高程点,山大总图 -调整_t6.dwg,图层 地形,4.17,4.17,537.85,402.33,数字左下方0.8 m处(附近没有测量点符号，按常见偏移推),False,False,3.46,3.38,3.46,0.7,0.77,0.72
测量高程点,山大总图 -调整_t6.dwg,图层 地形,4.14,4.14,548.16,372.91,数字左下方0.8 m处(附近没有测量点符号，按常见偏移推),False,False,3.41,3.41,3.41,0.72,0.72,0.74
测量高程点,山大总图 -调整_t6.dwg,图层 地形,4.20,4.2,535.15,374.84,数字左下方0.8 m处(附近没有测量点符号，按常见偏移推),False,False,3.4,3.4,3.4,0.78,0.79,0.8
测量高程点,山大总图 -调整_t6.dwg,图层 地形,3.99,3.99,529.88,365.56,数字左下方0.8 m处(附近没有测量点符号，按常见偏移推),False,False,3.39,3.38,3.39,0.59,0.6,0.61
测量高程点,山大总图 -调整_t6.dwg,图层 地形,4.01,4.01,541.41,363.55,数字左下方0.8 m处(附近没有测量点符号，按常见偏移推),False,False,3.39,3.38,3.39,0.61,0.62,0.63
测量高程点,山大总图 -调整_t6.dwg,图层 地形,4.03,4.03,551.98,362.53,数字左下方0.8 m处(附近没有测量点符号，按常见偏移推),False,False,3.4,3.38,3.4,0.62,0.63,0.64
测量高程点,山大总图 -调整_t6.dwg,图层 地形,4.03,4.03,566.76,380.68,数字左下方0.8 m处(附近没有测量点符号，按常见偏移推),False,False,3.45,3.45,3.45,0.56,0.57,0.58
测量高程点,山大总图 -调整_t6.dwg,图层 地形,3.92,3.92,577.97,378.91,数字左下方0.8 m处(附近没有测量点符号，按常见偏移推),False,False,3.47,3.47,3.47,0.44,0.44,0.46
测量高程点,山大总图 -调整_t6.dwg,图层 地形,3.95,3.95,590.72,377.18,数字左下方0.8 m处(附近没有测量点符号，按常见偏移推),False,False,3.49,3.49,3.49,0.45,0.45,0.47
测量高程点,山大总图 -调整_t6.dwg,图层 地形,3.84,3.84,594.81,366.09,数字左下方0.8 m处(附近没有测量点符号，按常见偏移推),False,False,,,,,,
测量高程点,山大总图 -调整_t6.dwg,图层 地形,3.96,3.96,580.6,367.64,数字左下方0.8 m处(附近没有测量点符号，按常见偏移推),False,False,3.45,3.45,3.45,0.5,0.5,0.52
测量高程点,山大总图 -调整_t6.dwg,图层 地形,3.94,3.94,568.3,370.04,数字左下方0.8 m处(附近没有测量点符号，按常见偏移推),False,False,3.43,3.43,3.43,0.49,0.5,0.51
测量高程点,山大总图 -调整_t6.dwg,图层 地形,3.76,3.76,564.64,359.71,数字左下方0.8 m处(附近没有测量点符号，按常见偏移推),False,False,3.41,3.41,3.41,0.34,0.34,0.36
测量高程点,山大总图 -调整_t6.dwg,图层 地形,3.70,3.7,576.35,357.59,数字左下方0.8 m处(附近没有测量点符号，按常见偏移推),False,False,3.42,3.42,3.42,0.26,0.26,0.28
测量高程点,山大总图 -调整_t6.dwg,图层 地形,3.59,3.59,587.34,356.29,数字左下方0.8 m处(附近没有测量点符号，按常见偏移推),False,False,3.44,3.44,3.44,0.13,0.13,0.15
测量高程点,山大总图 -调整_t6.dwg,图层 地形,3.56,3.56,610.08,372.47,数字左下方0.8 m处(附近没有测量点符号，按常见偏移推),False,False,,,,,,
测量高程点,山大总图 -调整_t6.dwg,图层 地形,3.36,3.36,609.29,363.68,数字左下方0.8 m处(附近没有测量点符号，按常见偏移推),False,False,,,,,,
测量高程点,山大总图 -调整_t6.dwg,图层 地形,3.49,3.49,608.24,349.58,数字左下方0.8 m处(附近没有测量点符号，按常见偏移推),False,False,,,,,,
测量高程点,山大总图 -调整_t6.dwg,图层 地形,3.71,3.71,596.1,353.38,数字左下方0.8 m处(附近没有测量点符号，按常见偏移推),False,False,,,,,,
测量高程点,山大总图 -调整_t6.dwg,图层 地形,3.23,3.23,612.89,341.38,数字左下方0.8 m处(附近没有测量点符号，按常见偏移推),False,False,,,,,,
测量高程点,山大总图 -调整_t6.dwg,图层 地形,3.57,3.57,525.74,461.54,数字左下方0.8 m处(附近没有测量点符号，按常见偏移推),True,False,3.52,3.55,3.51,0.03,0.01,0.06
测量高程点,山大总图 -调整_t6.dwg,图层 地形,3.01,3.01,547.82,227.53,测量点符号(gc200)的位置,False,False,3.28,3.28,3.28,-0.28,-0.28,-0.27
测量高程点,山大总图 -调整_t6.dwg,图层 地形,3.21,3.21,471.07,294.69,数字左下方0.8 m处(附近没有测量点符号，按常见偏移推),True,False,3.35,3.34,3.34,-0.15,-0.14,-0.12
测量高程点,山大总图 -调整_t6.dwg,图层 地形,3.10,3.1,472.06,310.7,测量点符号(gc200)的位置,True,False,3.34,3.34,3.34,-0.25,-0.25,-0.23
测量高程点,山大总图 -调整_t6.dwg,图层 地形,3.31,3.31,455.99,307.55,测量点符号(gc200)的位置,True,False,3.35,3.35,3.33,-0.05,-0.05,-0.01
测量高程点,山大总图 -调整_t6.dwg,图层 地形,3.55,3.55,464.9,288.15,测量点符号(gc200)的位置,True,False,3.36,3.35,3.35,0.18,0.19,0.2
测量高程点,山大总图 -调整_t6.dwg,图层 地形,3.23,3.23,469.03,275.84,数字左下方0.8 m处(附近没有测量点符号，按常见偏移推),True,False,3.36,3.35,3.35,-0.15,-0.13,-0.12
测量高程点,山大总图 -调整_t6.dwg,图层 地形,3.75,3.75,548.22,289.29,测量点符号(gc200)的位置,False,False,3.31,3.32,3.31,0.42,0.42,0.44
测量高程点,山大总图 -调整_t6.dwg,图层 地形,3.68,3.68,549.79,267.99,测量点符号(gc200)的位置,False,False,3.3,3.3,3.3,0.37,0.37,0.39
测量高程点,山大总图 -调整_t6.dwg,图层 地形,3.12,3.12,541.49,312.24,测量点符号(gc200)的位置,False,False,3.33,3.37,3.33,-0.23,-0.27,-0.21
测量高程点,山大总图 -调整_t6.dwg,图层 地形,3.77,3.77,533.53,267.05,测量点符号(gc200)的位置,False,False,3.3,3.3,3.3,0.46,0.46,0.48
测量高程点,山大总图 -调整_t6.dwg,图层 地形,3.67,3.67,531.11,286.71,测量点符号(gc200)的位置,False,False,3.31,3.31,3.31,0.35,0.35,0.37
测量高程点,山大总图 -调整_t6.dwg,图层 地形,3.66,3.66,596.07,310.1,测量点符号(gc200)的位置,False,False,,,,,,
测量高程点,山大总图 -调整_t6.dwg,图层 地形,3.65,3.65,512.75,319.77,测量点符号(gc200)的位置,False,False,3.32,3.38,3.32,0.31,0.26,0.33
测量高程点,山大总图 -调整_t6.dwg,图层 地形,3.87,3.87,509.75,287.11,测量点符号(gc200)的位置,False,False,3.31,3.31,3.31,0.54,0.54,0.56
测量高程点,山大总图 -调整_t6.dwg,图层 地形,3.45,3.45,514.48,300.71,测量点符号(gc200)的位置,False,False,3.32,3.32,3.32,0.12,0.12,0.14
测量高程点,山大总图 -调整_t6.dwg,图层 地形,3.82,3.82,486.28,247.49,测量点符号(gc200)的位置,True,False,3.35,3.37,3.36,0.45,0.44,0.47
测量高程点,山大总图 -调整_t6.dwg,图层 地形,3.01,3.01,482.99,290.46,测量点符号(gc200)的位置,True,False,3.33,3.34,3.34,-0.34,-0.34,-0.33
测量高程点,山大总图 -调整_t6.dwg,图层 地形,3.38,3.38,491.56,289.19,测量点符号(gc200)的位置,True,False,3.32,3.32,3.32,0.05,0.05,0.06
测量高程点,山大总图 -调整_t6.dwg,图层 地形,3.28,3.28,502.2,258.5,数字左下方0.8 m处(附近没有测量点符号，按常见偏移推),True,False,3.32,3.32,3.32,-0.06,-0.05,-0.03
测量高程点,山大总图 -调整_t6.dwg,图层 地形,3.21,3.21,502.8,245.21,测量点符号(gc200)的位置,True,False,3.33,3.33,3.33,-0.13,-0.13,-0.11
测量高程点,山大总图 -调整_t6.dwg,图层 地形,3.00,3.0,520.6,230.16,测量点符号(gc200)的位置,False,False,3.31,3.31,3.31,-0.33,-0.32,-0.31
测量高程点,山大总图 -调整_t6.dwg,图层 地形,3.02,3.02,531.62,256.24,测量点符号(gc200)的位置,False,False,3.3,3.3,3.3,-0.29,-0.29,-0.27
测量高程点,山大总图 -调整_t6.dwg,图层 地形,3.43,3.43,452.61,242.42,测量点符号(gc200)的位置,True,False,3.44,3.44,3.39,-0.03,-0.02,0.05
测量高程点,山大总图 -调整_t6.dwg,图层 地形,3.64,3.64,454.36,218.71,测量点符号(gc200)的位置,True,False,3.49,3.5,3.5,0.14,0.12,0.15
测量高程点,山大总图 -调整_t6.dwg,图层 地形,3.59,3.59,472.75,223.45,测量点符号(gc200)的位置,True,False,3.42,3.4,3.47,0.15,0.17,0.13
测量高程点,山大总图 -调整_t6.dwg,图层 地形,3.49,3.49,476.38,223.94,测量点符号(gc200)的位置,True,False,3.41,3.39,3.39,0.06,0.09,0.11
测量高程点,山大总图 -调整_t6.dwg,图层 地形,3.37,3.37,454.52,239.52,测量点符号(gc200)的位置,True,False,3.44,3.44,3.39,-0.08,-0.08,-0.01
测量高程点,山大总图 -调整_t6.dwg,图层 地形,3.37,3.37,452.44,252.73,测量点符号(gc200)的位置,True,False,3.43,3.43,3.42,-0.08,-0.07,-0.05
测量高程点,山大总图 -调整_t6.dwg,图层 地形,3.00,3.0,451.54,262.1,数字左下方0.8 m处(附近没有测量点符号，按常见偏移推),True,False,3.42,3.42,3.42,-0.43,-0.43,-0.42
测量高程点,山大总图 -调整_t6.dwg,图层 地形,3.31,3.31,472.77,217.51,数字左下方0.8 m处(附近没有测量点符号，按常见偏移推),True,False,3.44,3.43,3.49,-0.14,-0.13,-0.17
测量高程点,山大总图 -调整_t6.dwg,图层 地形,3.51,3.51,456.12,398.36,数字左下方0.8 m处(附近没有测量点符号，按常见偏移推),True,False,3.4,3.41,3.56,0.09,0.09,-0.04
测量高程点,山大总图 -调整_t6.dwg,图层 地形,3.51,3.51,454.91,404.04,测量点符号(gc200)的位置,True,False,3.41,3.41,3.56,0.08,0.09,-0.04
测量高程点,山大总图 -调整_t6.dwg,图层 地形,3.30,3.3,455.29,336.63,测量点符号(gc200)的位置,True,False,3.34,3.35,3.5,-0.06,-0.06,-0.19
测量高程点,山大总图 -调整_t6.dwg,图层 地形,3.66,3.66,456.73,347.54,测量点符号(gc200)的位置,True,False,3.35,3.35,3.5,0.3,0.3,0.17
测量高程点,山大总图 -调整_t6.dwg,图层 地形,3.73,3.73,451.4,365.33,数字左下方0.8 m处(附近没有测量点符号，按常见偏移推),True,False,3.36,3.36,3.34,0.36,0.36,0.4
测量高程点,山大总图 -调整_t6.dwg,图层 地形,3.64,3.64,454.68,377.95,测量点符号(gc200)的位置,True,False,3.37,3.37,3.35,0.25,0.26,0.3
测量高程点,山大总图 -调整_t6.dwg,图层 地形,3.62,3.62,508.95,439.11,测量点符号(gc200)的位置,True,False,3.53,3.52,3.52,0.08,0.09,0.11
测量高程点,山大总图 -调整_t6.dwg,图层 地形,3.55,3.55,497.23,441.28,测量点符号(gc200)的位置,True,False,3.55,3.54,3.54,-0.01,-0.01,0.01
测量高程点,山大总图 -调整_t6.dwg,图层 地形,3.15,3.15,496.33,362.8,测量点符号(gc200)的位置,True,False,3.37,3.37,3.37,-0.24,-0.23,-0.22
测量高程点,山大总图 -调整_t6.dwg,图层 地形,3.70,3.7,471.21,424.56,数字左下方0.8 m处(附近没有测量点符号，按常见偏移推),True,False,3.53,3.47,3.48,0.16,0.22,0.23
测量高程点,山大总图 -调整_t6.dwg,图层 地形,3.66,3.66,474.6,416.79,测量点符号(gc200)的位置,True,False,3.5,3.48,3.46,0.15,0.17,0.21
测量高程点,山大总图 -调整_t6.dwg,图层 地形,3.64,3.64,473.14,407.45,测量点符号(gc200)的位置,True,False,3.45,3.43,3.41,0.17,0.2,0.23
测量高程点,山大总图 -调整_t6.dwg,图层 地形,3.56,3.56,456.63,408.24,数字左下方0.8 m处(附近没有测量点符号，按常见偏移推),True,False,3.43,3.41,3.56,0.12,0.14,0.01
测量高程点,山大总图 -调整_t6.dwg,图层 地形,3.47,3.47,454.24,420.85,数字左下方0.8 m处(附近没有测量点符号，按常见偏移推),True,False,3.45,3.44,3.37,0.0,0.01,0.11
测量高程点,山大总图 -调整_t6.dwg,图层 地形,3.85,3.85,461.35,423.55,数字左下方0.8 m处(附近没有测量点符号，按常见偏移推),True,False,3.5,3.45,3.6,0.34,0.39,0.26
测量高程点,山大总图 -调整_t6.dwg,图层 地形,2.89,2.89,474.43,345.71,测量点符号(gc200)的位置,True,False,3.35,3.35,3.35,-0.47,-0.47,-0.45
测量高程点,山大总图 -调整_t6.dwg,图层 地形,3.14,3.14,471.51,355.05,数字左下方0.8 m处(附近没有测量点符号，按常见偏移推),True,False,3.36,3.36,3.36,-0.23,-0.23,-0.21
测量高程点,山大总图 -调整_t6.dwg,图层 地形,3.04,3.04,478.87,351.8,数字左下方0.8 m处(附近没有测量点符号，按常见偏移推),True,False,3.35,3.35,3.35,-0.33,-0.33,-0.31
测量高程点,山大总图 -调整_t6.dwg,图层 地形,3.73,3.73,472.64,391.99,测量点符号(gc200)的位置,True,False,3.4,3.4,3.37,0.32,0.31,0.37
测量高程点,山大总图 -调整_t6.dwg,图层 地形,4.73,4.73,469.99,389.04,测量点符号(gc200)的位置,True,False,3.39,3.4,3.35,1.32,1.32,1.38
测量高程点,山大总图 -调整_t6.dwg,图层 地形,3.58,3.58,467.85,376.5,测量点符号(gc200)的位置,True,False,3.38,3.38,3.35,0.19,0.19,0.24
测量高程点,山大总图 -调整_t6.dwg,图层 地形,3.61,3.61,465.69,363.47,测量点符号(gc200)的位置,True,False,3.36,3.36,3.33,0.23,0.24,0.28
测量高程点,山大总图 -调整_t6.dwg,图层 地形,3.54,3.54,465.41,347.47,测量点符号(gc200)的位置,True,False,3.35,3.35,3.32,0.18,0.18,0.22
测量高程点,山大总图 -调整_t6.dwg,图层 地形,3.27,3.27,465.4,344.3,数字左下方0.8 m处(附近没有测量点符号，按常见偏移推),True,False,3.34,3.35,3.32,-0.09,-0.09,-0.05
测量高程点,山大总图 -调整_t6.dwg,图层 地形,3.38,3.38,463.19,324.82,测量点符号(gc200)的位置,True,False,3.34,3.34,3.32,0.03,0.03,0.07
测量高程点,山大总图 -调整_t6.dwg,图层 地形,3.26,3.26,464.62,335.87,测量点符号(gc200)的位置,True,False,3.34,3.34,3.32,-0.09,-0.09,-0.05
测量高程点,山大总图 -调整_t6.dwg,图层 地形,3.37,3.37,461.89,339.37,测量点符号(gc200)的位置,True,False,3.34,3.35,3.32,0.01,0.01,0.05
测量高程点,山大总图 -调整_t6.dwg,图层 地形,2.98,2.98,485.1,345.85,测量点符号(gc200)的位置,True,False,3.35,3.35,3.35,-0.38,-0.38,-0.36
测量高程点,山大总图 -调整_t6.dwg,图层 地形,3.01,3.01,495.11,346.49,测量点符号(gc200)的位置,True,False,3.35,3.35,3.35,-0.35,-0.35,-0.34
测量高程点,山大总图 -调整_t6.dwg,图层 地形,3.46,3.46,502.33,349.42,测量点符号(gc200)的位置,True,False,3.35,3.36,3.36,0.09,0.09,0.11
测量高程点,山大总图 -调整_t6.dwg,图层 地形,3.63,3.63,476.64,453.86,数字左下方0.8 m处(附近没有测量点符号，按常见偏移推),True,False,3.55,3.5,3.52,0.07,0.11,0.11
测量高程点,山大总图 -调整_t6.dwg,图层 地形,3.69,3.69,488.52,455.42,数字左下方0.8 m处(附近没有测量点符号，按常见偏移推),True,False,3.56,3.56,3.56,0.12,0.12,0.14
测量高程点,山大总图 -调整_t6.dwg,图层 地形,2.86,2.86,469.51,303.71,测量点符号(gc200)的位置,True,False,3.34,3.34,3.34,-0.5,-0.49,-0.48
测量高程点,山大总图 -调整_t6.dwg,图层 地形,3.56,3.56,496.23,459.81,测量点符号(gc200)的位置,True,False,3.56,3.56,3.56,-0.01,-0.01,0.01
测量高程点,山大总图 -调整_t6.dwg,图层 地形,3.12,3.12,603.32,320.0,测量点符号(gc200)的位置,False,False,,,,,,
测量高程点,山大总图 -调整_t6.dwg,图层 地形,3.14,3.14,622.23,318.65,测量点符号(gc200)的位置,False,False,,,,,,
测量高程点,山大总图 -调整_t6.dwg,图层 地形,3.14,3.14,598.55,325.28,数字左下方0.8 m处(附近没有测量点符号，按常见偏移推),False,False,,,,,,
测量高程点,山大总图 -调整_t6.dwg,图层 地形,3.63,3.63,566.28,332.79,测量点符号(gc200)的位置,False,False,3.37,3.37,3.37,0.25,0.25,0.26
测量高程点,山大总图 -调整_t6.dwg,图层 地形,3.60,3.6,589.46,329.08,测量点符号(gc200)的位置,False,False,3.42,3.42,3.42,0.17,0.17,0.19
测量高程点,山大总图 -调整_t6.dwg,图层 地形,3.58,3.58,588.91,334.14,测量点符号(gc200)的位置,False,False,3.43,3.43,3.43,0.14,0.14,0.16
测量高程点,山大总图 -调整_t6.dwg,图层 地形,2.90,2.9,614.85,328.34,测量点符号(gc200)的位置,False,False,,,,,,
测量高程点,山大总图 -调整_t6.dwg,图层 地形,3.06,3.06,612.17,347.41,测量点符号(gc200)的位置,False,False,,,,,,
测量高程点,山大总图 -调整_t6.dwg,图层 地形,3.22,3.22,613.56,250.93,测量点符号(gc200)的位置,False,False,,,,,,
测量高程点,山大总图 -调整_t6.dwg,图层 地形,3.22,3.22,629.08,219.43,测量点符号(gc200)的位置,False,False,,,,,,
测量高程点,山大总图 -调整_t6.dwg,图层 地形,3.23,3.23,616.51,220.86,测量点符号(gc200)的位置,False,False,,,,,,
测量高程点,山大总图 -调整_t6.dwg,图层 地形,3.27,3.27,619.57,215.44,数字左下方0.8 m处(附近没有测量点符号，按常见偏移推),False,False,,,,,,
测量高程点,山大总图 -调整_t6.dwg,图层 地形,3.19,3.19,630.82,214.23,测量点符号(gc200)的位置,False,False,,,,,,
测量高程点,山大总图 -调整_t6.dwg,图层 地形,3.20,3.2,632.93,223.04,测量点符号(gc200)的位置,False,False,,,,,,
测量高程点,山大总图 -调整_t6.dwg,图层 地形,3.28,3.28,614.36,224.11,数字左下方0.8 m处(附近没有测量点符号，按常见偏移推),False,False,,,,,,
测量高程点,山大总图 -调整_t6.dwg,图层 地形,2.96,2.96,576.45,219.44,测量点符号(gc200)的位置,False,False,3.25,3.25,3.25,-0.31,-0.31,-0.29
测量高程点,山大总图 -调整_t6.dwg,图层 地形,2.91,2.91,600.06,219.45,测量点符号(gc200)的位置,False,False,,,,,,
测量高程点,山大总图 -调整_t6.dwg,图层 地形,3.04,3.04,606.45,231.83,数字左下方0.8 m处(附近没有测量点符号，按常见偏移推),False,False,,,,,,
测量高程点,山大总图 -调整_t6.dwg,图层 地形,3.08,3.08,607.99,245.68,测量点符号(gc200)的位置,False,False,,,,,,
测量高程点,山大总图 -调整_t6.dwg,图层 地形,3.25,3.25,610.9,296.55,测量点符号(gc200)的位置,False,False,,,,,,
测量高程点,山大总图 -调整_t6.dwg,图层 地形,3.13,3.13,608.92,314.11,测量点符号(gc200)的位置,False,False,,,,,,
测量高程点,山大总图 -调整_t6.dwg,图层 地形,3.15,3.15,618.18,312.43,测量点符号(gc200)的位置,False,False,,,,,,
测量高程点,山大总图 -调整_t6.dwg,图层 地形,3.02,3.02,577.3,322.35,测量点符号(gc200)的位置,False,False,3.38,3.38,3.38,-0.37,-0.37,-0.36
测量高程点,山大总图 -调整_t6.dwg,图层 地形,4.35,4.35,593.5,261.09,测量点符号(gc200)的位置,False,False,3.32,3.32,3.32,1.01,1.02,1.03
测量高程点,山大总图 -调整_t6.dwg,图层 地形,5.95,5.95,580.36,288.81,测量点符号(gc200)的位置,False,False,3.34,3.34,3.34,2.6,2.6,2.62
测量高程点,山大总图 -调整_t6.dwg,图层 地形,5.50,5.5,567.99,311.41,测量点符号(gc200)的位置,False,False,3.35,3.35,3.35,2.13,2.13,2.15
测量高程点,山大总图 -调整_t6.dwg,图层 地形,2.99,2.99,568.13,247.93,测量点符号(gc200)的位置,False,False,3.29,3.29,3.29,-0.31,-0.31,-0.3
测量高程点,山大总图 -调整_t6.dwg,图层 地形,2.97,2.97,591.09,249.02,测量点符号(gc200)的位置,False,False,3.3,3.3,3.3,-0.34,-0.34,-0.33
测量高程点,山大总图 -调整_t6.dwg,图层 地形,3.33,3.33,615.93,284.03,测量点符号(gc200)的位置,False,False,,,,,,
测量高程点,山大总图 -调整_t6.dwg,图层 地形,3.53,3.53,624.17,276.94,测量点符号(gc200)的位置,False,False,,,,,,
测量高程点,山大总图 -调整_t6.dwg,图层 地形,3.48,3.48,638.23,274.86,测量点符号(gc200)的位置,False,False,,,,,,
测量高程点,山大总图 -调整_t6.dwg,图层 地形,3.42,3.42,616.69,280.24,测量点符号(gc200)的位置,False,False,,,,,,
测量高程点,山大总图 -调整_t6.dwg,图层 地形,3.41,3.41,636.28,286.11,测量点符号(gc200)的位置,False,False,,,,,,
测量高程点,山大总图 -调整_t6.dwg,图层 地形,3.41,3.41,617.73,302.74,测量点符号(gc200)的位置,False,False,,,,,,
测量高程点,山大总图 -调整_t6.dwg,图层 地形,3.39,3.39,616.89,291.45,测量点符号(gc200)的位置,False,False,,,,,,
测量高程点,山大总图 -调整_t6.dwg,图层 地形,3.25,3.25,615.45,271.39,测量点符号(gc200)的位置,False,False,,,,,,
测量高程点,山大总图 -调整_t6.dwg,图层 地形,3.24,3.24,614.64,260.03,测量点符号(gc200)的位置,False,False,,,,,,
测量高程点,山大总图 -调整_t6.dwg,图层 地形,3.04,3.04,599.0,243.24,数字左下方0.8 m处(附近没有测量点符号，按常见偏移推),False,False,,,,,,
测量高程点,山大总图 -调整_t6.dwg,图层 地形,3.16,3.16,597.99,231.69,数字左下方0.8 m处(附近没有测量点符号，按常见偏移推),False,False,,,,,,
测量高程点,山大总图 -调整_t6.dwg,图层 地形,3.07,3.07,586.88,228.14,测量点符号(gc200)的位置,False,False,3.26,3.26,3.26,-0.2,-0.2,-0.19
测量高程点,山大总图 -调整_t6.dwg,图层 地形,2.94,2.94,594.06,215.2,测量点符号(gc200)的位置,False,False,3.25,3.25,3.25,-0.32,-0.33,-0.31
测量高程点,山大总图 -调整_t6.dwg,图层 地形,3.72,3.72,522.18,446.67,测量点符号(gc200)的位置,True,False,3.51,3.53,3.51,0.2,0.18,0.22
测量高程点,山大总图 -调整_t6.dwg,图层 地形,3.80,3.8,503.56,441.74,测量点符号(gc200)的位置,True,False,3.54,3.53,3.52,0.25,0.26,0.28
测量高程点,山大总图 -调整_t6.dwg,图层 地形,3.76,3.76,505.25,461.93,测量点符号(gc200)的位置,True,False,3.55,3.55,3.55,0.2,0.2,0.22
测量高程点,山大总图 -调整_t6.dwg,图层 地形,3.55,3.55,515.91,458.11,测量点符号(gc200)的位置,True,False,3.52,3.54,3.54,0.01,-0.0,0.02
测量高程点,山大总图 -调整_t6.dwg,图层 地形,3.01,3.01,534.59,330.32,测量点符号(gc200)的位置,False,False,3.34,3.37,3.34,-0.35,-0.38,-0.33
测量高程点,山大总图 -调整_t6.dwg,图层 地形,3.54,3.54,520.09,339.07,测量点符号(gc200)的位置,False,False,3.34,3.38,3.34,0.18,0.15,0.2
测量高程点,山大总图 -调整_t6.dwg,图层 地形,3.61,3.61,543.16,338.78,测量点符号(gc200)的位置,False,False,3.36,3.36,3.36,0.24,0.24,0.26
测量高程点,山大总图 -调整_t6.dwg,图层 地形,2.98,2.98,542.28,220.01,测量点符号(gc200)的位置,False,False,3.28,3.28,3.28,-0.32,-0.31,-0.3
测量高程点,山大总图 -调整_t6.dwg,图层 地形,2.97,2.97,551.56,220.33,测量点符号(gc200)的位置,False,False,3.28,3.27,3.28,-0.32,-0.32,-0.3
测量高程点,山大总图 -调整_t6.dwg,图层 地形,2.98,2.98,540.23,325.07,测量点符号(gc200)的位置,False,False,3.34,3.38,3.34,-0.38,-0.41,-0.36
测量高程点,山大总图 -调整_t6.dwg,图层 地形,2.96,2.96,512.45,326.7,测量点符号(gc200)的位置,False,False,3.33,3.38,3.33,-0.38,-0.43,-0.36
测量高程点,山大总图 -调整_t6.dwg,图层 地形,2.86,2.86,486.18,330.22,测量点符号(gc200)的位置,True,False,3.33,3.33,3.33,-0.49,-0.49,-0.47
测量高程点,山大总图 -调整_t6.dwg,图层 地形,3.09,3.09,495.75,301.06,测量点符号(gc200)的位置,True,False,3.32,3.32,3.32,-0.24,-0.24,-0.22
测量高程点,山大总图 -调整_t6.dwg,图层 地形,4.04,4.04,515.25,267.64,测量点符号(gc200)的位置,False,False,3.31,3.31,3.31,0.71,0.72,0.73
测量高程点,山大总图 -调整_t6.dwg,图层 地形,3.36,3.36,497.14,271.26,测量点符号(gc200)的位置,True,False,3.32,3.32,3.32,0.03,0.03,0.05
测量高程点,山大总图 -调整_t6.dwg,图层 地形,3.02,3.02,483.26,282.88,测量点符号(gc200)的位置,True,False,3.33,3.35,3.35,-0.33,-0.34,-0.32
测量高程点,山大总图 -调整_t6.dwg,图层 地形,2.94,2.94,482.57,308.99,测量点符号(gc200)的位置,True,False,3.33,3.33,3.32,-0.4,-0.4,-0.38
测量高程点,山大总图 -调整_t6.dwg,图层 地形,3.03,3.03,489.96,312.14,测量点符号(gc200)的位置,True,False,3.32,3.33,3.33,-0.31,-0.31,-0.29
测量高程点,山大总图 -调整_t6.dwg,图层 地形,3.14,3.14,509.34,227.58,测量点符号(gc200)的位置,True,False,3.33,3.33,3.33,-0.21,-0.21,-0.19
测量高程点,山大总图 -调整_t6.dwg,图层 地形,3.21,3.21,492.14,253.86,测量点符号(gc200)的位置,True,False,3.34,3.34,3.34,-0.14,-0.14,-0.12
测量高程点,山大总图 -调整_t6.dwg,图层 地形,2.87,2.87,527.9,247.62,测量点符号(gc200)的位置,False,False,3.3,3.3,3.3,-0.45,-0.44,-0.43
测量高程点,山大总图 -调整_t6.dwg,图层 地形,2.96,2.96,532.56,213.95,测量点符号(gc200)的位置,False,False,3.3,3.26,3.3,-0.35,-0.31,-0.33
测量高程点,山大总图 -调整_t6.dwg,图层 地形,2.88,2.88,528.75,226.38,测量点符号(gc200)的位置,False,False,3.3,3.3,3.3,-0.43,-0.43,-0.41
测量高程点,山大总图 -调整_t6.dwg,图层 地形,2.91,2.91,533.21,232.12,测量点符号(gc200)的位置,False,False,3.29,3.29,3.29,-0.4,-0.4,-0.38
测量高程点,山大总图 -调整_t6.dwg,图层 地形,2.93,2.93,534.12,243.49,测量点符号(gc200)的位置,False,False,3.29,3.29,3.29,-0.38,-0.38,-0.36
测量高程点,山大总图 -调整_t6.dwg,图层 地形,3.58,3.58,505.79,341.0,测量点符号(gc200)的位置,True,False,3.34,3.36,3.33,0.22,0.21,0.26
测量高程点,山大总图 -调整_t6.dwg,图层 地形,3.60,3.6,508.09,355.79,测量点符号(gc200)的位置,True,False,3.36,3.37,3.35,0.22,0.22,0.25
测量高程点,山大总图 -调整_t6.dwg,图层 地形,3.62,3.62,510.38,370.59,测量点符号(gc200)的位置,True,False,3.39,3.38,3.38,0.22,0.22,0.25
测量高程点,山大总图 -调整_t6.dwg,图层 地形,3.64,3.64,512.67,385.38,测量点符号(gc200)的位置,True,False,3.41,3.4,3.4,0.22,0.23,0.25
测量高程点,山大总图 -调整_t6.dwg,图层 地形,3.66,3.66,514.97,400.18,测量点符号(gc200)的位置,True,False,3.44,3.43,3.43,0.21,0.22,0.24
测量高程点,山大总图 -调整_t6.dwg,图层 地形,3.68,3.68,517.26,414.97,测量点符号(gc200)的位置,True,False,3.48,3.47,3.48,0.18,0.2,0.2
测量高程点,山大总图 -调整_t6.dwg,图层 地形,3.69,3.69,519.56,429.76,测量点符号(gc200)的位置,True,False,3.52,3.52,3.51,0.16,0.16,0.18
测量高程点,山大总图 -调整_t6.dwg,图层 地形,3.20,3.2,613.18,240.07,测量点符号(gc200)的位置,False,False,,,,,,
测量高程点,山大总图 -调整_t6.dwg,图层 地形,3.10,3.1,473.59,268.9,测量点符号(gc200)的位置,True,False,3.36,3.36,3.36,-0.27,-0.27,-0.25
测量高程点,山大总图 -调整_t6.dwg,图层 地形,3.11,3.11,484.1,268.22,数字左下方0.8 m处(附近没有测量点符号，按常见偏移推),True,False,3.34,3.35,3.35,-0.24,-0.26,-0.23
测量高程点,山大总图 -调整_t6.dwg,图层 地形,4.12,4.12,578.71,263.42,测量点符号(gc200)的位置,False,False,3.31,3.31,3.31,0.8,0.8,0.82
测量高程点,山大总图 -调整_t6.dwg,图层 地形,3.90,3.9,563.93,265.76,测量点符号(gc200)的位置,False,False,3.3,3.3,3.3,0.58,0.58,0.6
测量高程点,山大总图 -调整_t6.dwg,图层 地形,3.11,3.11,608.98,275.59,测量点符号(gc200)的位置,False,False,,,,,,
测量高程点,山大总图 -调整_t6.dwg,图层 地形,3.02,3.02,481.89,371.28,测量点符号(gc200)的位置,True,False,3.38,3.38,3.38,-0.37,-0.37,-0.35
测量高程点,山大总图 -调整_t6.dwg,图层 地形,3.11,3.11,487.64,407.27,测量点符号(gc200)的位置,True,False,3.44,3.45,3.45,-0.35,-0.35,-0.33
测量高程点,山大总图 -调整_t6.dwg,图层 地形,3.25,3.25,492.05,432.77,测量点符号(gc200)的位置,True,False,3.53,3.53,3.53,-0.3,-0.29,-0.27
测量高程点,山大总图 -调整_t6.dwg,图层 地形,3.23,3.23,503.07,389.95,测量点符号(gc200)的位置,True,False,3.41,3.41,3.41,-0.19,-0.19,-0.17
测量高程点,山大总图 -调整_t6.dwg,图层 地形,3.48,3.48,387.94,266.31,测量点符号(gc200)的位置,True,False,3.58,3.8,3.95,-0.11,-0.33,-0.46
测量高程点,山大总图 -调整_t6.dwg,图层 地形,3.18,3.18,387.69,302.7,测量点符号(gc200)的位置,True,False,3.48,3.47,3.5,-0.31,-0.3,-0.32
测量高程点,山大总图 -调整_t6.dwg,图层 地形,4.20,4.2,381.47,231.4,测量点符号(gc200)的位置,True,False,3.69,4.14,4.29,0.5,0.04,-0.09
测量高程点,山大总图 -调整_t6.dwg,图层 地形,3.38,3.38,344.81,243.84,测量点符号(gc200)的位置,True,False,4.67,4.39,4.86,-1.3,-1.02,-1.47
测量高程点,山大总图 -调整_t6.dwg,图层 地形,4.09,4.09,346.59,234.74,测量点符号(gc200)的位置,True,False,4.98,4.15,4.29,-0.9,-0.07,-0.2
测量高程点,山大总图 -调整_t6.dwg,图层 地形,4.19,4.19,339.51,236.56,测量点符号(gc200)的位置,True,False,4.82,4.19,4.25,-0.64,-0.01,-0.05
测量高程点,山大总图 -调整_t6.dwg,图层 地形,5.16,5.16,336.57,213.58,数字左下方0.8 m处(附近没有测量点符号，按常见偏移推),True,False,5.42,5.16,5.74,-0.27,-0.01,-0.58
测量高程点,山大总图 -调整_t6.dwg,图层 地形,4.61,4.61,329.71,226.96,测量点符号(gc200)的位置,True,False,4.89,4.73,5.06,-0.29,-0.14,-0.45
测量高程点,山大总图 -调整_t6.dwg,图层 地形,3.42,3.42,332.84,280.74,测量点符号(gc200)的位置,True,False,3.99,3.99,4.0,-0.59,-0.58,-0.58
测量高程点,山大总图 -调整_t6.dwg,图层 地形,4.26,4.26,344.34,217.59,数字左下方0.8 m处(附近没有测量点符号，按常见偏移推),True,False,5.47,4.62,5.23,-1.22,-0.37,-0.96
测量高程点,山大总图 -调整_t6.dwg,图层 地形,4.14,4.14,375.11,235.75,测量点符号(gc200)的位置,True,False,3.78,4.14,4.29,0.34,-0.01,-0.15
测量高程点,山大总图 -调整_t6.dwg,图层 地形,3.59,3.59,388.38,243.61,测量点符号(gc200)的位置,True,False,3.64,3.91,3.47,-0.06,-0.33,0.12
测量高程点,山大总图 -调整_t6.dwg,图层 地形,3.50,3.5,375.15,249.58,测量点符号(gc200)的位置,True,False,3.77,3.8,3.7,-0.29,-0.32,-0.19
测量高程点,山大总图 -调整_t6.dwg,图层 地形,3.56,3.56,373.45,252.53,测量点符号(gc200)的位置,True,False,3.8,3.8,3.71,-0.25,-0.25,-0.15
测量高程点,山大总图 -调整_t6.dwg,图层 地形,3.54,3.54,355.97,251.6,数字左下方0.8 m处(附近没有测量点符号，按常见偏移推),True,False,4.31,4.28,4.39,-0.78,-0.75,-0.85
测量高程点,山大总图 -调整_t6.dwg,图层 地形,3.47,3.47,352.65,249.43,测量点符号(gc200)的位置,True,False,4.44,4.4,4.59,-0.98,-0.94,-1.11
测量高程点,山大总图 -调整_t6.dwg,图层 地形,3.65,3.65,340.16,266.1,数字左下方0.8 m处(附近没有测量点符号，按常见偏移推),True,False,4.16,3.81,3.95,-0.52,-0.17,-0.29
测量高程点,山大总图 -调整_t6.dwg,图层 地形,3.16,3.16,346.18,271.27,测量点符号(gc200)的位置,True,False,4.05,3.8,3.95,-0.91,-0.65,-0.78
测量高程点,山大总图 -调整_t6.dwg,图层 地形,3.47,3.47,357.0,267.42,数字左下方0.8 m处(附近没有测量点符号，按常见偏移推),True,False,3.98,3.8,3.95,-0.53,-0.34,-0.47
测量高程点,山大总图 -调整_t6.dwg,图层 地形,3.23,3.23,383.26,288.54,数字左下方0.8 m处(附近没有测量点符号，按常见偏移推),True,False,3.52,3.52,3.43,-0.31,-0.3,-0.2
测量高程点,山大总图 -调整_t6.dwg,图层 地形,3.25,3.25,373.6,278.97,测量点符号(gc200)的位置,True,False,3.61,3.67,3.57,-0.37,-0.43,-0.32
测量高程点,山大总图 -调整_t6.dwg,图层 地形,3.19,3.19,362.25,287.88,测量点符号(gc200)的位置,True,False,3.64,3.64,3.61,-0.47,-0.47,-0.42
测量高程点,山大总图 -调整_t6.dwg,图层 地形,3.24,3.24,355.51,279.52,数字左下方0.8 m处(附近没有测量点符号，按常见偏移推),True,False,3.81,3.8,3.79,-0.59,-0.58,-0.54
测量高程点,山大总图 -调整_t6.dwg,图层 地形,3.18,3.18,346.88,290.73,测量点符号(gc200)的位置,True,False,3.74,3.74,3.76,-0.57,-0.57,-0.57
测量高程点,山大总图 -调整_t6.dwg,图层 地形,3.16,3.16,363.33,307.98,测量点符号(gc200)的位置,True,False,3.51,3.51,3.51,-0.36,-0.36,-0.34
测量高程点,山大总图 -调整_t6.dwg,图层 地形,3.39,3.39,343.46,328.73,测量点符号(gc200)的位置,True,False,3.49,3.49,3.48,-0.11,-0.11,-0.09
测量高程点,山大总图 -调整_t6.dwg,图层 地形,2.89,2.89,345.78,307.82,测量点符号(gc200)的位置,True,False,3.56,3.55,3.56,-0.68,-0.67,-0.66
测量高程点,山大总图 -调整_t6.dwg,图层 地形,3.28,3.28,339.77,302.66,数字左下方0.8 m处(附近没有测量点符号，按常见偏移推),True,False,3.63,3.62,3.63,-0.37,-0.36,-0.34
测量高程点,山大总图 -调整_t6.dwg,图层 地形,3.12,3.12,331.06,296.81,测量点符号(gc200)的位置,True,False,3.76,3.76,3.76,-0.65,-0.65,-0.64
测量高程点,山大总图 -调整_t6.dwg,图层 地形,2.54,2.54,329.11,215.46,测量点符号(gc200)的位置,True,False,5.23,5.19,5.51,-2.7,-2.67,-2.96
测量高程点,山大总图 -调整_t6.dwg,图层 地形,4.51,4.51,339.1,228.94,数字左下方0.8 m处(附近没有测量点符号，按常见偏移推),True,False,5.06,4.2,4.32,-0.57,0.3,0.19
测量高程点,山大总图 -调整_t6.dwg,图层 地形,4.26,4.26,360.38,232.05,数字左下方0.8 m处(附近没有测量点符号，按常见偏移推),True,False,4.53,4.14,4.29,-0.29,0.1,-0.03
测量高程点,山大总图 -调整_t6.dwg,图层 地形,4.90,4.9,343.68,213.54,测量点符号(gc200)的位置,True,False,5.52,5.14,5.74,-0.64,-0.25,-0.84
测量高程点,山大总图 -调整_t6.dwg,图层 地形,3.07,3.07,399.43,309.47,数字左下方0.8 m处(附近没有测量点符号，按常见偏移推),True,False,3.44,3.45,3.46,-0.38,-0.39,-0.39
测量高程点,山大总图 -调整_t6.dwg,图层 地形,2.83,2.83,411.6,315.08,测量点符号(gc200)的位置,True,False,3.4,3.41,3.41,-0.59,-0.59,-0.57
测量高程点,山大总图 -调整_t6.dwg,图层 地形,2.86,2.86,404.87,310.79,测量点符号(gc200)的位置,True,False,3.42,3.43,3.44,-0.58,-0.58,-0.58
测量高程点,山大总图 -调整_t6.dwg,图层 地形,3.66,3.66,416.02,214.3,数字左下方0.8 m处(附近没有测量点符号，按常见偏移推),True,False,3.74,3.63,3.78,-0.09,0.02,-0.11
测量高程点,山大总图 -调整_t6.dwg,图层 地形,3.58,3.58,443.19,221.99,数字左下方0.8 m处(附近没有测量点符号，按常见偏移推),True,False,3.51,3.53,3.78,0.06,0.03,-0.19
测量高程点,山大总图 -调整_t6.dwg,图层 地形,3.56,3.56,420.91,224.93,数字左下方0.8 m处(附近没有测量点符号，按常见偏移推),True,False,3.64,3.63,3.65,-0.09,-0.08,-0.09
测量高程点,山大总图 -调整_t6.dwg,图层 地形,3.46,3.46,438.0,230.79,测量点符号(gc200)的位置,True,False,3.51,3.51,3.53,-0.06,-0.06,-0.06
测量高程点,山大总图 -调整_t6.dwg,图层 地形,3.37,3.37,428.45,238.03,测量点符号(gc200)的位置,True,False,3.53,3.53,3.55,-0.18,-0.17,-0.17
测量高程点,山大总图 -调整_t6.dwg,图层 地形,3.58,3.58,400.89,254.66,测量点符号(gc200)的位置,True,False,3.57,3.58,3.58,-0.0,-0.01,0.01
测量高程点,山大总图 -调整_t6.dwg,图层 地形,4.25,4.25,399.19,218.68,数字左下方0.8 m处(附近没有测量点符号，按常见偏移推),True,False,3.83,3.84,3.79,0.41,0.4,0.47
测量高程点,山大总图 -调整_t6.dwg,图层 地形,4.17,4.17,404.9,222.59,测量点符号(gc200)的位置,True,False,3.78,3.77,3.63,0.38,0.38,0.54
测量高程点,山大总图 -调整_t6.dwg,图层 地形,3.41,3.41,415.68,232.1,数字左下方0.8 m处(附近没有测量点符号，按常见偏移推),True,False,3.64,3.64,3.63,-0.24,-0.24,-0.22
测量高程点,山大总图 -调整_t6.dwg,图层 地形,3.38,3.38,418.95,241.65,测量点符号(gc200)的位置,True,False,3.57,3.57,3.5,-0.2,-0.2,-0.11
测量高程点,山大总图 -调整_t6.dwg,图层 地形,3.75,3.75,407.78,240.69,数字左下方0.8 m处(附近没有测量点符号，按常见偏移推),True,False,3.62,3.63,3.46,0.11,0.1,0.29
测量高程点,山大总图 -调整_t6.dwg,图层 地形,3.62,3.62,413.68,248.32,测量点符号(gc200)的位置,True,False,3.55,3.56,3.41,0.05,0.05,0.21
测量高程点,山大总图 -调整_t6.dwg,图层 地形,3.37,3.37,416.84,253.88,测量点符号(gc200)的位置,True,False,3.52,3.52,3.46,-0.17,-0.16,-0.08
测量高程点,山大总图 -调整_t6.dwg,图层 地形,3.34,3.34,426.63,255.66,数字左下方0.8 m处(附近没有测量点符号，按常见偏移推),True,False,3.49,3.49,3.49,-0.17,-0.17,-0.15
测量高程点,山大总图 -调整_t6.dwg,图层 地形,3.28,3.28,443.24,258.93,数字左下方0.8 m处(附近没有测量点符号，按常见偏移推),True,False,3.44,3.44,3.47,-0.18,-0.18,-0.18
测量高程点,山大总图 -调整_t6.dwg,图层 地形,3.34,3.34,408.71,267.24,测量点符号(gc200)的位置,True,False,3.51,3.51,3.51,-0.18,-0.18,-0.16
测量高程点,山大总图 -调整_t6.dwg,图层 地形,3.28,3.28,411.31,275.64,测量点符号(gc200)的位置,True,False,3.48,3.48,3.48,-0.22,-0.21,-0.2
测量高程点,山大总图 -调整_t6.dwg,图层 地形,3.10,3.1,411.11,302.02,测量点符号(gc200)的位置,True,False,3.43,3.43,3.45,-0.34,-0.34,-0.34
测量高程点,山大总图 -调整_t6.dwg,图层 地形,3.21,3.21,400.45,291.26,测量点符号(gc200)的位置,True,False,3.47,3.47,3.47,-0.28,-0.28,-0.26
测量高程点,山大总图 -调整_t6.dwg,图层 地形,3.18,3.18,405.08,290.32,测量点符号(gc200)的位置,True,False,3.47,3.47,3.47,-0.3,-0.3,-0.28
测量高程点,山大总图 -调整_t6.dwg,图层 地形,3.10,3.1,405.03,300.83,测量点符号(gc200)的位置,True,False,3.44,3.45,3.45,-0.36,-0.36,-0.35
测量高程点,山大总图 -调整_t6.dwg,图层 地形,4.27,4.27,398.92,226.62,数字左下方0.8 m处(附近没有测量点符号，按常见偏移推),True,False,3.76,3.8,3.7,0.5,0.46,0.58
测量高程点,山大总图 -调整_t6.dwg,图层 地形,4.14,4.14,391.85,235.43,数字左下方0.8 m处(附近没有测量点符号，按常见偏移推),True,False,3.67,4.12,4.29,0.46,0.01,-0.15
测量高程点,山大总图 -调整_t6.dwg,图层 地形,3.50,3.5,397.14,249.92,测量点符号(gc200)的位置,True,False,3.6,3.61,3.44,-0.11,-0.12,0.07
测量高程点,山大总图 -调整_t6.dwg,图层 地形,3.41,3.41,395.57,271.79,测量点符号(gc200)的位置,True,False,3.53,3.67,3.68,-0.14,-0.27,-0.27
测量高程点,山大总图 -调整_t6.dwg,图层 地形,3.08,3.08,397.57,281.76,数字左下方0.8 m处(附近没有测量点符号，按常见偏移推),True,False,3.5,3.5,3.44,-0.44,-0.44,-0.36
测量高程点,山大总图 -调整_t6.dwg,图层 地形,3.03,3.03,391.58,318.88,测量点符号(gc200)的位置,True,False,3.44,3.44,3.45,-0.42,-0.42,-0.42
测量高程点,山大总图 -调整_t6.dwg,图层 地形,3.99,3.99,402.91,213.02,数字左下方0.8 m处(附近没有测量点符号，按常见偏移推),True,False,3.86,3.86,3.86,0.11,0.12,0.13
测量高程点,山大总图 -调整_t6.dwg,图层 地形,3.79,3.79,408.07,229.17,测量点符号(gc200)的位置,True,False,3.71,3.71,3.64,0.06,0.07,0.15
测量高程点,山大总图 -调整_t6.dwg,图层 地形,2.72,2.72,374.67,325.85,数字左下方0.8 m处(附近没有测量点符号，按常见偏移推),True,False,3.45,3.45,3.45,-0.74,-0.74,-0.72
测量高程点,山大总图 -调整_t6.dwg,图层 地形,2.77,2.77,392.31,325.28,数字左下方0.8 m处(附近没有测量点符号，按常见偏移推),True,False,3.42,3.42,3.43,-0.67,-0.67,-0.65
测量高程点,山大总图 -调整_t6.dwg,图层 地形,2.85,2.85,397.12,398.14,测量点符号(gc200)的位置,True,False,3.37,3.37,3.34,-0.53,-0.53,-0.48
测量高程点,山大总图 -调整_t6.dwg,图层 地形,2.76,2.76,401.61,385.92,测量点符号(gc200)的位置,True,False,3.36,3.36,3.34,-0.62,-0.62,-0.58
测量高程点,山大总图 -调整_t6.dwg,图层 地形,2.87,2.87,407.46,370.21,测量点符号(gc200)的位置,True,False,3.36,3.36,3.35,-0.5,-0.5,-0.48
测量高程点,山大总图 -调整_t6.dwg,图层 地形,2.95,2.95,412.19,357.39,测量点符号(gc200)的位置,True,False,3.36,3.36,3.35,-0.43,-0.43,-0.4
测量高程点,山大总图 -调整_t6.dwg,图层 地形,2.65,2.65,431.12,323.03,测量点符号(gc200)的位置,True,False,3.37,3.37,3.34,-0.73,-0.73,-0.69
测量高程点,山大总图 -调整_t6.dwg,图层 地形,2.74,2.74,400.04,339.41,数字左下方0.8 m处(附近没有测量点符号，按常见偏移推),True,False,3.39,3.39,3.39,-0.67,-0.67,-0.65
测量高程点,山大总图 -调整_t6.dwg,图层 地形,2.74,2.74,397.03,352.37,数字左下方0.8 m处(附近没有测量点符号，按常见偏移推),True,False,3.38,3.38,3.36,-0.65,-0.65,-0.62
测量高程点,山大总图 -调整_t6.dwg,图层 地形,3.51,3.51,435.77,378.6,测量点符号(gc200)的位置,True,False,3.37,3.37,3.35,0.13,0.13,0.17
测量高程点,山大总图 -调整_t6.dwg,图层 地形,3.38,3.38,439.38,388.82,测量点符号(gc200)的位置,True,False,3.38,3.38,3.35,-0.01,-0.01,0.03
测量高程点,山大总图 -调整_t6.dwg,图层 地形,3.39,3.39,439.38,388.82,测量点符号(gc200)的位置,True,False,3.38,3.38,3.35,0.0,0.0,0.04
测量高程点,山大总图 -调整_t6.dwg,图层 地形,3.51,3.51,447.84,386.39,测量点符号(gc200)的位置,True,False,3.38,3.38,3.35,0.12,0.12,0.16
测量高程点,山大总图 -调整_t6.dwg,图层 地形,3.48,3.48,447.8,396.6,数字左下方0.8 m处(附近没有测量点符号，按常见偏移推),True,False,3.39,3.4,3.38,0.07,0.06,0.11
测量高程点,山大总图 -调整_t6.dwg,图层 地形,3.43,3.43,434.03,404.36,测量点符号(gc200)的位置,True,False,3.38,3.38,3.36,0.04,0.04,0.08
测量高程点,山大总图 -调整_t6.dwg,图层 地形,3.38,3.38,410.06,402.7,测量点符号(gc200)的位置,True,False,3.37,3.37,3.38,-0.01,-0.01,0.0
测量高程点,山大总图 -调整_t6.dwg,图层 地形,3.39,3.39,406.7,398.47,测量点符号(gc200)的位置,True,False,3.37,3.37,3.35,0.01,0.01,0.05
测量高程点,山大总图 -调整_t6.dwg,图层 地形,3.49,3.49,418.82,396.35,测量点符号(gc200)的位置,True,False,3.37,3.37,3.36,0.11,0.11,0.14
测量高程点,山大总图 -调整_t6.dwg,图层 地形,3.48,3.48,422.26,399.09,数字左下方0.8 m处(附近没有测量点符号，按常见偏移推),True,False,3.37,3.37,3.36,0.1,0.1,0.13
测量高程点,山大总图 -调整_t6.dwg,图层 地形,3.51,3.51,431.89,399.01,测量点符号(gc200)的位置,True,False,3.38,3.37,3.36,0.12,0.13,0.16
测量高程点,山大总图 -调整_t6.dwg,图层 地形,3.39,3.39,441.66,330.03,测量点符号(gc200)的位置,True,False,3.35,3.35,3.33,0.02,0.02,0.06
测量高程点,山大总图 -调整_t6.dwg,图层 地形,3.24,3.24,431.9,332.25,测量点符号(gc200)的位置,True,False,3.36,3.36,3.34,-0.14,-0.14,-0.09
测量高程点,山大总图 -调整_t6.dwg,图层 地形,3.34,3.34,431.29,341.05,测量点符号(gc200)的位置,True,False,3.36,3.36,3.51,-0.03,-0.03,-0.17
测量高程点,山大总图 -调整_t6.dwg,图层 地形,3.28,3.28,434.39,338.08,测量点符号(gc200)的位置,True,False,3.36,3.36,3.34,-0.09,-0.09,-0.05
测量高程点,山大总图 -调整_t6.dwg,图层 地形,3.33,3.33,440.87,338.23,测量点符号(gc200)的位置,True,False,3.35,3.35,3.34,-0.04,-0.04,-0.0
测量高程点,山大总图 -调整_t6.dwg,图层 地形,3.28,3.28,447.65,339.12,数字左下方0.8 m处(附近没有测量点符号，按常见偏移推),True,False,3.35,3.35,3.33,-0.08,-0.08,-0.05
测量高程点,山大总图 -调整_t6.dwg,图层 地形,3.47,3.47,446.91,344.63,数字左下方0.8 m处(附近没有测量点符号，按常见偏移推),True,False,3.35,3.35,3.33,0.11,0.11,0.14
测量高程点,山大总图 -调整_t6.dwg,图层 地形,3.63,3.63,447.96,360.01,数字左下方0.8 m处(附近没有测量点符号，按常见偏移推),True,False,3.35,3.35,3.33,0.26,0.27,0.3
测量高程点,山大总图 -调整_t6.dwg,图层 地形,3.65,3.65,442.87,368.64,数字左下方0.8 m处(附近没有测量点符号，按常见偏移推),True,False,3.36,3.36,3.34,0.28,0.28,0.32
测量高程点,山大总图 -调整_t6.dwg,图层 地形,3.45,3.45,443.42,353.04,测量点符号(gc200)的位置,True,False,3.35,3.35,3.33,0.08,0.09,0.12
测量高程点,山大总图 -调整_t6.dwg,图层 地形,3.46,3.46,437.77,350.54,数字左下方0.8 m处(附近没有测量点符号，按常见偏移推),True,False,3.35,3.35,3.34,0.09,0.09,0.13
测量高程点,山大总图 -调整_t6.dwg,图层 地形,3.46,3.46,432.19,355.14,测量点符号(gc200)的位置,True,False,3.36,3.36,3.34,0.09,0.09,0.13
测量高程点,山大总图 -调整_t6.dwg,图层 地形,3.33,3.33,431.75,358.55,测量点符号(gc200)的位置,True,False,3.36,3.36,3.34,-0.04,-0.04,-0.0
测量高程点,山大总图 -调整_t6.dwg,图层 地形,3.35,3.35,423.46,354.69,数字左下方0.8 m处(附近没有测量点符号，按常见偏移推),True,False,3.36,3.36,3.34,-0.03,-0.02,0.01
测量高程点,山大总图 -调整_t6.dwg,图层 地形,3.36,3.36,425.75,362.37,数字左下方0.8 m处(附近没有测量点符号，按常见偏移推),True,False,3.36,3.36,3.34,-0.01,-0.01,0.02
测量高程点,山大总图 -调整_t6.dwg,图层 地形,3.30,3.3,420.44,367.96,数字左下方0.8 m处(附近没有测量点符号，按常见偏移推),True,False,3.36,3.36,3.35,-0.07,-0.08,-0.04
测量高程点,山大总图 -调整_t6.dwg,图层 地形,3.31,3.31,427.79,381.2,测量点符号(gc200)的位置,True,False,3.36,3.36,3.35,-0.07,-0.07,-0.03
测量高程点,山大总图 -调整_t6.dwg,图层 地形,3.74,3.74,429.51,393.28,测量点符号(gc200)的位置,True,False,3.37,3.36,3.36,0.35,0.36,0.39
测量高程点,山大总图 -调整_t6.dwg,图层 地形,3.73,3.73,428.7,388.59,测量点符号(gc200)的位置,True,False,3.37,3.36,3.48,0.35,0.35,0.25
测量高程点,山大总图 -调整_t6.dwg,图层 地形,3.19,3.19,397.25,404.4,数字左下方0.8 m处(附近没有测量点符号，按常见偏移推),True,False,3.37,3.37,3.34,-0.2,-0.19,-0.14
测量高程点,山大总图 -调整_t6.dwg,图层 地形,3.22,3.22,401.86,392.25,数字左下方0.8 m处(附近没有测量点符号，按常见偏移推),True,False,3.37,3.37,3.34,-0.16,-0.16,-0.12
测量高程点,山大总图 -调整_t6.dwg,图层 地形,3.15,3.15,408.39,383.92,测量点符号(gc200)的位置,True,False,3.36,3.36,3.35,-0.23,-0.22,-0.2
测量高程点,山大总图 -调整_t6.dwg,图层 地形,3.42,3.42,403.7,381.09,测量点符号(gc200)的位置,True,False,3.36,3.36,3.35,0.05,0.04,0.08
测量高程点,山大总图 -调整_t6.dwg,图层 地形,3.26,3.26,411.88,369.91,数字左下方0.8 m处(附近没有测量点符号，按常见偏移推),True,False,3.36,3.36,3.35,-0.11,-0.11,-0.09
测量高程点,山大总图 -调整_t6.dwg,图层 地形,3.27,3.27,426.02,343.94,测量点符号(gc200)的位置,True,False,3.36,3.36,3.34,-0.11,-0.11,-0.07
测量高程点,山大总图 -调整_t6.dwg,图层 地形,3.01,3.01,423.95,339.02,测量点符号(gc200)的位置,True,False,3.37,3.36,3.51,-0.37,-0.37,-0.5
测量高程点,山大总图 -调整_t6.dwg,图层 地形,2.82,2.82,419.63,339.53,测量点符号(gc200)的位置,True,False,3.37,3.36,3.36,-0.56,-0.56,-0.53
测量高程点,山大总图 -调整_t6.dwg,图层 地形,3.17,3.17,412.23,323.63,数字左下方0.8 m处(附近没有测量点符号，按常见偏移推),True,False,3.39,3.39,3.38,-0.24,-0.24,-0.21
测量高程点,山大总图 -调整_t6.dwg,图层 地形,2.83,2.83,406.8,327.97,数字左下方0.8 m处(附近没有测量点符号，按常见偏移推),True,False,3.4,3.4,3.39,-0.58,-0.58,-0.55
测量高程点,山大总图 -调整_t6.dwg,图层 地形,2.76,2.76,401.37,333.62,测量点符号(gc200)的位置,True,False,3.4,3.4,3.39,-0.65,-0.65,-0.63
测量高程点,山大总图 -调整_t6.dwg,图层 地形,2.79,2.79,400.83,327.74,数字左下方0.8 m处(附近没有测量点符号，按常见偏移推),True,False,3.41,3.41,3.4,-0.63,-0.63,-0.6
测量高程点,山大总图 -调整_t6.dwg,图层 地形,2.84,2.84,397.85,331.65,数字左下方0.8 m处(附近没有测量点符号，按常见偏移推),True,False,3.41,3.41,3.4,-0.58,-0.58,-0.56
测量高程点,山大总图 -调整_t6.dwg,图层 地形,2.89,2.89,406.65,323.65,测量点符号(gc200)的位置,True,False,3.4,3.4,3.4,-0.53,-0.53,-0.5
测量高程点,山大总图 -调整_t6.dwg,图层 地形,3.43,3.43,438.99,409.53,测量点符号(gc200)的位置,True,False,3.39,3.4,3.36,0.03,0.02,0.08
测量高程点,山大总图 -调整_t6.dwg,图层 地形,3.68,3.68,450.27,425.18,测量点符号(gc200)的位置,True,False,3.44,3.44,3.37,0.22,0.23,0.32
测量高程点,山大总图 -调整_t6.dwg,图层 地形,3.44,3.44,440.81,428.76,数字左下方0.8 m处(附近没有测量点符号，按常见偏移推),True,False,3.41,3.41,3.37,0.02,0.02,0.08
测量高程点,山大总图 -调整_t6.dwg,图层 地形,3.45,3.45,443.67,441.74,测量点符号(gc200)的位置,True,False,3.44,3.43,3.38,-0.01,0.01,0.07
测量高程点,山大总图 -调整_t6.dwg,图层 地形,3.41,3.41,439.81,438.24,测量点符号(gc200)的位置,True,False,3.42,3.42,3.38,-0.03,-0.02,0.04
测量高程点,山大总图 -调整_t6.dwg,图层 地形,3.42,3.42,439.07,434.3,测量点符号(gc200)的位置,True,False,3.41,3.41,3.37,-0.01,-0.01,0.05
测量高程点,山大总图 -调整_t6.dwg,图层 地形,3.54,3.54,407.38,429.93,测量点符号(gc200)的位置,True,False,3.39,3.39,3.35,0.14,0.14,0.2
测量高程点,山大总图 -调整_t6.dwg,图层 地形,3.38,3.38,428.22,440.52,数字左下方0.8 m处(附近没有测量点符号，按常见偏移推),True,False,3.41,3.41,3.56,-0.05,-0.05,-0.18
测量高程点,山大总图 -调整_t6.dwg,图层 地形,3.14,3.14,418.04,439.49,测量点符号(gc200)的位置,True,False,3.41,3.41,3.56,-0.28,-0.29,-0.42
测量高程点,山大总图 -调整_t6.dwg,图层 地形,2.81,2.81,383.3,442.54,测量点符号(gc200)的位置,True,False,3.36,3.37,3.52,-0.56,-0.57,-0.7
测量高程点,山大总图 -调整_t6.dwg,图层 地形,2.79,2.79,387.45,427.73,测量点符号(gc200)的位置,True,False,3.36,3.36,3.33,-0.58,-0.58,-0.54
测量高程点,山大总图 -调整_t6.dwg,图层 地形,2.84,2.84,392.01,412.07,测量点符号(gc200)的位置,True,False,3.37,3.37,3.52,-0.54,-0.55,-0.68
测量高程点,山大总图 -调整_t6.dwg,图层 地形,3.12,3.12,392.18,432.26,测量点符号(gc200)的位置,True,False,3.37,3.37,3.33,-0.26,-0.26,-0.21
测量高程点,山大总图 -调整_t6.dwg,图层 地形,3.41,3.41,417.57,414.69,测量点符号(gc200)的位置,True,False,3.38,3.38,3.36,0.01,0.02,0.06
测量高程点,山大总图 -调整_t6.dwg,图层 地形,3.64,3.64,426.34,426.8,测量点符号(gc200)的位置,True,False,3.39,3.4,3.37,0.23,0.23,0.28
测量高程点,山大总图 -调整_t6.dwg,图层 地形,3.43,3.43,438.04,426.22,数字左下方0.8 m处(附近没有测量点符号，按常见偏移推),True,False,3.4,3.4,3.37,0.02,0.01,0.07
测量高程点,山大总图 -调整_t6.dwg,图层 地形,3.45,3.45,437.05,421.79,测量点符号(gc200)的位置,True,False,3.39,3.39,3.36,0.04,0.04,0.09
测量高程点,山大总图 -调整_t6.dwg,图层 地形,3.44,3.44,435.77,414.47,测量点符号(gc200)的位置,True,False,3.39,3.39,3.36,0.04,0.04,0.08
测量高程点,山大总图 -调整_t6.dwg,图层 地形,3.43,3.43,405.78,416.78,测量点符号(gc200)的位置,True,False,3.38,3.38,3.35,0.03,0.04,0.09
测量高程点,山大总图 -调整_t6.dwg,图层 地形,2.64,2.64,378.28,459.81,测量点符号(gc200)的位置,True,False,3.36,3.36,3.32,-0.73,-0.74,-0.68
测量高程点,山大总图 -调整_t6.dwg,图层 地形,3.12,3.12,397.6,458.58,测量点符号(gc200)的位置,True,False,3.38,3.38,3.34,-0.28,-0.28,-0.21
测量高程点,山大总图 -调整_t6.dwg,图层 地形,3.35,3.35,424.72,455.97,测量点符号(gc200)的位置,True,False,3.43,3.42,3.37,-0.1,-0.09,-0.02
测量高程点,山大总图 -调整_t6.dwg,图层 地形,3.47,3.47,447.62,457.06,测量点符号(gc200)的位置,True,False,3.49,3.45,3.39,-0.03,0.0,0.08
测量高程点,山大总图 -调整_t6.dwg,图层 地形,3.46,3.46,443.27,459.02,测量点符号(gc200)的位置,True,False,3.48,3.45,3.4,-0.04,-0.0,0.07
测量高程点,山大总图 -调整_t6.dwg,图层 地形,7.08,7.08,202.52,226.99,数字左下方0.8 m处(附近没有测量点符号，按常见偏移推),True,False,7.67,7.58,7.66,-0.61,-0.51,-0.58
测量高程点,山大总图 -调整_t6.dwg,图层 地形,3.38,3.38,207.02,355.78,测量点符号(gc200)的位置,True,False,3.94,3.96,3.95,-0.58,-0.6,-0.56
测量高程点,山大总图 -调整_t6.dwg,图层 地形,3.07,3.07,211.4,448.64,测量点符号(gc200)的位置,True,False,3.38,3.39,3.33,-0.33,-0.33,-0.25
测量高程点,山大总图 -调整_t6.dwg,图层 地形,3.00,3.0,218.22,446.5,测量点符号(gc200)的位置,True,False,3.4,3.48,3.3,-0.41,-0.49,-0.3
测量高程点,山大总图 -调整_t6.dwg,图层 地形,3.11,3.11,218.56,405.53,测量点符号(gc200)的位置,True,False,3.57,3.52,3.63,-0.48,-0.42,-0.52
测量高程点,山大总图 -调整_t6.dwg,图层 地形,3.19,3.19,210.32,401.7,数字左下方0.8 m处(附近没有测量点符号，按常见偏移推),True,False,3.56,3.56,3.58,-0.39,-0.38,-0.39
测量高程点,山大总图 -调整_t6.dwg,图层 地形,3.06,3.06,218.93,380.27,测量点符号(gc200)的位置,True,False,3.64,3.53,3.7,-0.6,-0.49,-0.64
测量高程点,山大总图 -调整_t6.dwg,图层 地形,3.34,3.34,212.55,376.24,测量点符号(gc200)的位置,True,False,3.71,3.69,3.73,-0.38,-0.37,-0.39
测量高程点,山大总图 -调整_t6.dwg,图层 地形,2.99,2.99,223.81,405.46,测量点符号(gc200)的位置,True,False,3.6,3.51,3.54,-0.62,-0.53,-0.55
测量高程点,山大总图 -调整_t6.dwg,图层 地形,3.12,3.12,240.28,448.7,测量点符号(gc200)的位置,True,False,3.36,3.51,3.54,-0.25,-0.4,-0.42
测量高程点,山大总图 -调整_t6.dwg,图层 地形,3.39,3.39,267.17,448.18,测量点符号(gc200)的位置,True,False,3.33,3.51,3.54,0.04,-0.13,-0.15
测量高程点,山大总图 -调整_t6.dwg,图层 地形,3.39,3.39,268.24,429.32,测量点符号(gc200)的位置,True,False,3.38,3.51,3.54,-0.0,-0.13,-0.15
测量高程点,山大总图 -调整_t6.dwg,图层 地形,3.36,3.36,267.29,410.92,测量点符号(gc200)的位置,True,False,3.44,3.51,3.54,-0.1,-0.16,-0.18
测量高程点,山大总图 -调整_t6.dwg,图层 地形,3.49,3.49,299.31,435.73,测量点符号(gc200)的位置,True,False,3.33,3.38,3.3,0.15,0.1,0.19
测量高程点,山大总图 -调整_t6.dwg,图层 地形,3.29,3.29,267.49,394.21,测量点符号(gc200)的位置,True,False,3.49,3.51,3.54,-0.21,-0.23,-0.25
测量高程点,山大总图 -调整_t6.dwg,图层 地形,3.31,3.31,233.77,368.24,测量点符号(gc200)的位置,True,False,3.59,3.51,3.54,-0.3,-0.21,-0.23
测量高程点,山大总图 -调整_t6.dwg,图层 地形,2.84,2.84,318.89,451.6,测量点符号(gc200)的位置,True,False,3.32,3.32,3.29,-0.49,-0.49,-0.44
测量高程点,山大总图 -调整_t6.dwg,图层 地形,2.93,2.93,319.51,393.42,测量点符号(gc200)的位置,True,False,3.38,3.38,3.37,-0.47,-0.47,-0.44
测量高程点,山大总图 -调整_t6.dwg,图层 地形,3.11,3.11,322.46,351.42,测量点符号(gc200)的位置,True,False,3.48,3.48,3.48,-0.38,-0.38,-0.36
测量高程点,山大总图 -调整_t6.dwg,图层 地形,2.50,2.5,347.62,460.93,数字左下方0.8 m处(附近没有测量点符号，按常见偏移推),True,False,3.32,3.32,3.29,-0.84,-0.84,-0.79
测量高程点,山大总图 -调整_t6.dwg,图层 地形,2.62,2.62,353.44,445.7,测量点符号(gc200)的位置,True,False,3.33,3.33,3.33,-0.72,-0.72,-0.7
测量高程点,山大总图 -调整_t6.dwg,图层 地形,2.60,2.6,337.19,432.37,测量点符号(gc200)的位置,True,False,3.33,3.33,3.34,-0.74,-0.74,-0.73
测量高程点,山大总图 -调整_t6.dwg,图层 地形,2.50,2.5,342.76,413.88,测量点符号(gc200)的位置,True,False,3.34,3.34,3.34,-0.86,-0.86,-0.84
测量高程点,山大总图 -调整_t6.dwg,图层 地形,2.62,2.62,360.22,416.24,测量点符号(gc200)的位置,True,False,3.34,3.34,3.34,-0.73,-0.73,-0.71
测量高程点,山大总图 -调整_t6.dwg,图层 地形,2.49,2.49,345.84,391.26,测量点符号(gc200)的位置,True,False,3.37,3.37,3.37,-0.89,-0.89,-0.87
测量高程点,山大总图 -调整_t6.dwg,图层 地形,2.56,2.56,360.61,405.75,测量点符号(gc200)的位置,True,False,3.35,3.35,3.36,-0.8,-0.8,-0.79
测量高程点,山大总图 -调整_t6.dwg,图层 地形,3.25,3.25,268.62,354.2,测量点符号(gc200)的位置,True,False,3.61,3.51,3.54,-0.37,-0.27,-0.29
测量高程点,山大总图 -调整_t6.dwg,图层 地形,3.31,3.31,242.05,356.64,测量点符号(gc200)的位置,True,False,3.61,3.51,3.54,-0.31,-0.21,-0.23
测量高程点,山大总图 -调整_t6.dwg,图层 地形,3.40,3.4,215.5,360.75,测量点符号(gc200)的位置,True,False,3.76,3.68,3.83,-0.37,-0.29,-0.43
测量高程点,山大总图 -调整_t6.dwg,图层 地形,3.33,3.33,328.97,446.15,测量点符号(gc200)的位置,True,False,3.32,3.32,3.34,-0.0,-0.0,-0.01
测量高程点,山大总图 -调整_t6.dwg,图层 地形,3.32,3.32,328.36,409.16,测量点符号(gc200)的位置,True,False,3.35,3.35,3.38,-0.05,-0.04,-0.06
测量高程点,山大总图 -调整_t6.dwg,图层 地形,3.43,3.43,327.61,378.11,测量点符号(gc200)的位置,True,False,3.4,3.4,3.42,0.02,0.02,0.01
测量高程点,山大总图 -调整_t6.dwg,图层 地形,2.39,2.39,339.38,381.82,测量点符号(gc200)的位置,True,False,3.38,3.38,3.38,-1.01,-1.01,-0.99
测量高程点,山大总图 -调整_t6.dwg,图层 地形,2.72,2.72,354.79,359.89,测量点符号(gc200)的位置,True,False,3.41,3.41,3.41,-0.7,-0.7,-0.69
测量高程点,山大总图 -调整_t6.dwg,图层 地形,2.66,2.66,368.4,385.89,测量点符号(gc200)的位置,True,False,3.36,3.36,3.34,-0.72,-0.71,-0.67
测量高程点,山大总图 -调整_t6.dwg,图层 地形,2.81,2.81,392.55,355.46,测量点符号(gc200)的位置,True,False,3.37,3.37,3.37,-0.58,-0.58,-0.56
测量高程点,山大总图 -调整_t6.dwg,图层 地形,2.77,2.77,392.16,362.43,测量点符号(gc200)的位置,True,False,3.37,3.37,3.36,-0.61,-0.61,-0.59
测量高程点,山大总图 -调整_t6.dwg,图层 地形,2.92,2.92,384.56,385.06,测量点符号(gc200)的位置,True,False,3.36,3.36,3.34,-0.46,-0.46,-0.41
测量高程点,山大总图 -调整_t6.dwg,图层 地形,3.04,3.04,372.1,415.97,数字左下方0.8 m处(附近没有测量点符号，按常见偏移推),True,False,3.34,3.34,3.32,-0.32,-0.32,-0.28
测量高程点,山大总图 -调整_t6.dwg,图层 地形,3.18,3.18,363.91,451.23,测量点符号(gc200)的位置,True,False,3.34,3.34,3.31,-0.17,-0.17,-0.12
测量高程点,山大总图 -调整_t6.dwg,图层 地形,2.62,2.62,351.78,384.84,测量点符号(gc200)的位置,True,False,3.37,3.37,3.37,-0.77,-0.76,-0.75
测量高程点,山大总图 -调整_t6.dwg,图层 地形,2.60,2.6,364.34,433.56,测量点符号(gc200)的位置,True,False,3.34,3.34,3.32,-0.75,-0.75,-0.72
测量高程点,山大总图 -调整_t6.dwg,图层 地形,2.70,2.7,336.69,356.32,测量点符号(gc200)的位置,True,False,3.44,3.44,3.44,-0.76,-0.75,-0.74
测量高程点,山大总图 -调整_t6.dwg,图层 地形,3.00,3.0,375.01,344.92,测量点符号(gc200)的位置,True,False,3.41,3.41,3.41,-0.43,-0.42,-0.41
测量高程点,山大总图 -调整_t6.dwg,图层 地形,3.07,3.07,340.81,348.13,测量点符号(gc200)的位置,True,False,3.46,3.46,3.46,-0.4,-0.4,-0.38
测量高程点,山大总图 -调整_t6.dwg,图层 地形,2.79,2.79,358.1,357.23,测量点符号(gc200)的位置,True,False,3.41,3.41,3.42,-0.64,-0.63,-0.62
测量高程点,山大总图 -调整_t6.dwg,图层 地形,2.76,2.76,349.85,357.97,测量点符号(gc200)的位置,True,False,3.42,3.42,3.42,-0.67,-0.67,-0.66
测量高程点,山大总图 -调整_t6.dwg,图层 地形,2.92,2.92,331.57,368.43,测量点符号(gc200)的位置,True,False,3.41,3.41,3.42,-0.51,-0.51,-0.5
测量高程点,山大总图 -调整_t6.dwg,图层 地形,2.84,2.84,418.11,334.15,测量点符号(gc200)的位置,True,False,3.37,3.37,3.36,-0.55,-0.54,-0.52
测量高程点,山大总图 -调整_t6.dwg,图层 地形,3.72,3.72,216.71,332.03,测量点符号(gc200)的位置,True,False,4.01,3.88,4.05,-0.3,-0.18,-0.32
测量高程点,山大总图 -调整_t6.dwg,图层 地形,4.23,4.23,216.61,311.38,测量点符号(gc200)的位置,True,False,4.47,4.47,4.47,-0.25,-0.25,-0.23
测量高程点,山大总图 -调整_t6.dwg,图层 地形,3.50,3.5,219.74,337.02,测量点符号(gc200)的位置,True,False,3.87,3.56,3.62,-0.39,-0.08,-0.11
测量高程点,山大总图 -调整_t6.dwg,图层 地形,3.50,3.5,233.89,341.56,测量点符号(gc200)的位置,True,False,3.69,3.51,3.54,-0.2,-0.02,-0.04
测量高程点,山大总图 -调整_t6.dwg,图层 地形,3.52,3.52,247.31,339.31,测量点符号(gc200)的位置,True,False,3.71,3.51,3.54,-0.2,0.0,-0.02
测量高程点,山大总图 -调整_t6.dwg,图层 地形,3.27,3.27,246.08,350.9,测量点符号(gc200)的位置,True,False,3.65,3.51,3.54,-0.39,-0.25,-0.27
测量高程点,山大总图 -调整_t6.dwg,图层 地形,3.20,3.2,270.65,348.68,测量点符号(gc200)的位置,True,False,3.63,3.51,3.54,-0.44,-0.32,-0.34
测量高程点,山大总图 -调整_t6.dwg,图层 地形,3.13,3.13,294.95,346.54,测量点符号(gc200)的位置,True,False,3.55,3.51,3.57,-0.44,-0.4,-0.44
测量高程点,山大总图 -调整_t6.dwg,图层 地形,3.06,3.06,320.6,344.4,测量点符号(gc200)的位置,True,False,3.5,3.5,3.5,-0.46,-0.46,-0.43
测量高程点,山大总图 -调整_t6.dwg,图层 地形,3.03,3.03,321.05,328.82,测量点符号(gc200)的位置,True,False,3.54,3.55,3.54,-0.53,-0.53,-0.5
测量高程点,山大总图 -调整_t6.dwg,图层 地形,3.59,3.59,321.67,265.98,测量点符号(gc200)的位置,True,False,4.31,4.37,4.32,-0.73,-0.79,-0.72
测量高程点,山大总图 -调整_t6.dwg,图层 地形,3.68,3.68,206.12,332.78,测量点符号(gc200)的位置,True,False,4.19,4.24,4.21,-0.53,-0.57,-0.52
测量高程点,山大总图 -调整_t6.dwg,图层 地形,4.67,4.67,207.52,297.25,测量点符号(gc200)的位置,True,False,5.1,5.13,5.1,-0.44,-0.47,-0.42
测量高程点,山大总图 -调整_t6.dwg,图层 地形,3.35,3.35,290.98,334.16,测量点符号(gc200)的位置,True,False,3.61,3.53,3.65,-0.28,-0.19,-0.29
测量高程点,山大总图 -调整_t6.dwg,图层 地形,3.49,3.49,250.34,332.85,测量点符号(gc200)的位置,True,False,3.73,3.58,3.88,-0.25,-0.1,-0.39
测量高程点,山大总图 -调整_t6.dwg,图层 地形,3.43,3.43,304.8,328.4,测量点符号(gc200)的位置,True,False,3.59,3.59,3.6,-0.17,-0.17,-0.17
测量高程点,山大总图 -调整_t6.dwg,图层 地形,3.63,3.63,305.52,272.07,测量点符号(gc200)的位置,True,False,4.62,4.61,4.59,-1.0,-0.99,-0.95
测量高程点,山大总图 -调整_t6.dwg,图层 地形,4.20,4.2,307.39,263.74,测量点符号(gc200)的位置,True,False,4.99,4.93,4.94,-0.8,-0.75,-0.73
测量高程点,山大总图 -调整_t6.dwg,图层 地形,4.63,4.63,303.84,257.18,测量点符号(gc200)的位置,True,False,5.59,5.58,5.54,-0.98,-0.96,-0.91
测量高程点,山大总图 -调整_t6.dwg,图层 地形,3.93,3.93,321.81,247.34,测量点符号(gc200)的位置,True,False,4.6,4.7,4.82,-0.68,-0.79,-0.88
测量高程点,山大总图 -调整_t6.dwg,图层 地形,4.36,4.36,322.15,227.59,测量点符号(gc200)的位置,True,False,4.96,5.06,5.02,-0.61,-0.71,-0.66
测量高程点,山大总图 -调整_t6.dwg,图层 地形,6.58,6.58,208.25,236.52,测量点符号(gc200)的位置,True,False,7.41,7.39,7.74,-0.84,-0.82,-1.15
测量高程点,山大总图 -调整_t6.dwg,图层 地形,5.45,5.45,206.78,278.7,测量点符号(gc200)的位置,True,False,5.94,5.95,5.97,-0.5,-0.51,-0.51
测量高程点,山大总图 -调整_t6.dwg,图层 地形,5.86,5.86,245.84,214.43,测量点符号(gc200)的位置,True,False,7.47,7.01,7.16,-1.62,-1.17,-1.3
测量高程点,山大总图 -调整_t6.dwg,图层 地形,5.63,5.63,267.94,214.67,测量点符号(gc200)的位置,True,False,6.79,7.01,7.16,-1.18,-1.4,-1.53
测量高程点,山大总图 -调整_t6.dwg,图层 地形,5.10,5.1,281.88,222.85,测量点符号(gc200)的位置,True,False,6.8,7.01,7.04,-1.71,-1.92,-1.94
测量高程点,山大总图 -调整_t6.dwg,图层 地形,5.08,5.08,296.52,222.42,测量点符号(gc200)的位置,True,False,6.8,7.01,7.16,-1.73,-1.94,-2.08
测量高程点,山大总图 -调整_t6.dwg,图层 地形,5.16,5.16,306.6,214.9,测量点符号(gc200)的位置,True,False,6.31,6.69,6.11,-1.17,-1.54,-0.94
测量高程点,山大总图 -调整_t6.dwg,图层 地形,3.47,3.47,266.33,297.92,测量点符号(gc200)的位置,True,False,4.49,4.49,4.46,-1.04,-1.04,-0.98
测量高程点,山大总图 -调整_t6.dwg,图层 地形,3.46,3.46,266.7,303.57,测量点符号(gc200)的位置,True,False,4.19,4.2,4.14,-0.75,-0.75,-0.67
测量高程点,山大总图 -调整_t6.dwg,图层 地形,3.56,3.56,222.91,299.38,测量点符号(gc200)的位置,True,False,4.75,4.75,4.72,-1.2,-1.2,-1.15
测量高程点,山大总图 -调整_t6.dwg,图层 地形,5.26,5.26,213.51,280.51,测量点符号(gc200)的位置,True,False,5.63,5.64,5.66,-0.39,-0.39,-0.4
测量高程点,山大总图 -调整_t6.dwg,图层 地形,4.95,4.95,298.75,231.21,测量点符号(gc200)的位置,True,False,6.8,6.88,6.5,-1.86,-1.94,-1.54
测量高程点,山大总图 -调整_t6.dwg,图层 地形,4.97,4.97,288.05,231.95,测量点符号(gc200)的位置,True,False,6.8,6.88,6.95,-1.84,-1.92,-1.97
测量高程点,山大总图 -调整_t6.dwg,图层 地形,4.94,4.94,274.94,231.16,测量点符号(gc200)的位置,True,False,6.7,6.89,6.95,-1.78,-1.97,-2.0
测量高程点,山大总图 -调整_t6.dwg,图层 地形,4.99,4.99,236.82,230.99,测量点符号(gc200)的位置,True,False,7.05,7.02,7.66,-2.08,-2.04,-2.66
测量高程点,山大总图 -调整_t6.dwg,图层 地形,5.09,5.09,223.6,257.9,测量点符号(gc200)的位置,True,False,6.58,6.58,6.42,-1.5,-1.5,-1.32
测量高程点,山大总图 -调整_t6.dwg,图层 地形,6.17,6.17,216.89,253.98,测量点符号(gc200)的位置,True,False,6.81,6.8,6.67,-0.65,-0.65,-0.5
测量高程点,山大总图 -调整_t6.dwg,图层 地形,6.13,6.13,213.63,254.47,测量点符号(gc200)的位置,True,False,6.76,6.76,6.64,-0.65,-0.65,-0.5
测量高程点,山大总图 -调整_t6.dwg,图层 地形,3.51,3.51,231.08,275.36,测量点符号(gc200)的位置,True,False,5.78,5.79,5.82,-2.29,-2.29,-2.3
测量高程点,山大总图 -调整_t6.dwg,图层 地形,5.16,5.16,260.21,272.88,测量点符号(gc200)的位置,True,False,6.11,6.09,6.15,-0.96,-0.95,-0.98
测量高程点,山大总图 -调整_t6.dwg,图层 地形,3.49,3.49,262.6,276.69,测量点符号(gc200)的位置,True,False,5.89,5.89,5.94,-2.42,-2.41,-2.44
测量高程点,山大总图 -调整_t6.dwg,图层 地形,4.47,4.47,277.69,269.78,测量点符号(gc200)的位置,True,False,5.68,5.68,5.74,-1.23,-1.23,-1.27
测量高程点,山大总图 -调整_t6.dwg,图层 地形,4.81,4.81,267.07,265.14,测量点符号(gc200)的位置,True,False,6.13,6.12,6.13,-1.33,-1.33,-1.32
测量高程点,山大总图 -调整_t6.dwg,图层 地形,4.93,4.93,246.23,263.3,数字左下方0.8 m处(附近没有测量点符号，按常见偏移推),True,False,6.25,6.24,6.21,-1.33,-1.33,-1.28
测量高程点,山大总图 -调整_t6.dwg,图层 地形,4.94,4.94,241.94,269.59,测量点符号(gc200)的位置,True,False,6.22,6.21,6.25,-1.29,-1.28,-1.3
测量高程点,山大总图 -调整_t6.dwg,图层 地形,5.34,5.34,219.64,266.5,测量点符号(gc200)的位置,True,False,6.15,6.16,6.11,-0.83,-0.83,-0.77
测量高程点,山大总图 -调整_t6.dwg,图层 地形,3.01,3.01,349.89,336.92,测量点符号(gc200)的位置,True,False,3.46,3.46,3.46,-0.47,-0.47,-0.45
测量高程点,山大总图 -调整_t6.dwg,图层 地形,2.99,2.99,340.72,342.59,测量点符号(gc200)的位置,True,False,3.47,3.47,3.47,-0.5,-0.49,-0.47
测量高程点,山大总图 -调整_t6.dwg,图层 地形,2.89,2.89,380.26,339.04,测量点符号(gc200)的位置,True,False,3.42,3.42,3.42,-0.54,-0.54,-0.52
测量高程点,山大总图 -调整_t6.dwg,图层 地形,3.11,3.11,357.76,317.39,测量点符号(gc200)的位置,True,False,3.49,3.49,3.49,-0.39,-0.39,-0.38
测量高程点,山大总图 -调整_t6.dwg,图层 地形,3.23,3.23,337.55,328.36,测量点符号(gc200)的位置,True,False,3.5,3.5,3.5,-0.29,-0.28,-0.26
测量高程点,山大总图 -调整_t6.dwg,图层 地形,3.37,3.37,266.27,458.87,测量点符号(gc200)的位置,True,False,3.31,3.51,3.54,0.04,-0.15,-0.17
测量高程点,山大总图 -调整_t6.dwg,图层 地形,3.24,3.24,252.2,448.47,测量点符号(gc200)的位置,True,False,3.34,3.51,3.54,-0.12,-0.28,-0.3
测量高程点,山大总图 -调整_t6.dwg,图层 地形,3.23,3.23,243.14,460.67,测量点符号(gc200)的位置,True,False,3.33,3.51,3.54,-0.12,-0.29,-0.31
测量高程点,山大总图 -调整_t6.dwg,图层 地形,3.32,3.32,248.69,367.09,测量点符号(gc200)的位置,True,False,3.59,3.51,3.54,-0.28,-0.2,-0.22
测量高程点,山大总图 -调整_t6.dwg,图层 地形,3.33,3.33,263.62,365.94,测量点符号(gc200)的位置,True,False,3.56,3.51,3.54,-0.25,-0.19,-0.21
测量高程点,山大总图 -调整_t6.dwg,图层 地形,3.34,3.34,278.55,364.79,测量点符号(gc200)的位置,True,False,3.53,3.51,3.54,-0.2,-0.18,-0.2
测量高程点,山大总图 -调整_t6.dwg,图层 地形,3.35,3.35,293.47,363.64,测量点符号(gc200)的位置,True,False,3.5,3.51,3.54,-0.16,-0.17,-0.19
测量高程点,山大总图 -调整_t6.dwg,图层 地形,3.36,3.36,304.08,361.52,测量点符号(gc200)的位置,True,False,3.48,3.48,3.47,-0.14,-0.14,-0.11
测量高程点,山大总图 -调整_t6.dwg,图层 地形,3.15,3.15,239.07,433.78,测量点符号(gc200)的位置,True,False,3.43,3.51,3.54,-0.29,-0.37,-0.39
测量高程点,山大总图 -调整_t6.dwg,图层 地形,3.19,3.19,237.86,418.86,测量点符号(gc200)的位置,True,False,3.54,3.51,3.54,-0.37,-0.33,-0.35
测量高程点,山大总图 -调整_t6.dwg,图层 地形,3.22,3.22,236.66,403.93,测量点符号(gc200)的位置,True,False,3.65,3.51,3.54,-0.44,-0.3,-0.32
测量高程点,山大总图 -调整_t6.dwg,图层 地形,3.26,3.26,235.45,389.01,测量点符号(gc200)的位置,True,False,3.66,3.51,3.54,-0.41,-0.26,-0.28
测量高程点,山大总图 -调整_t6.dwg,图层 地形,3.25,3.25,250.93,399.43,测量点符号(gc200)的位置,True,False,3.64,3.51,3.54,-0.4,-0.27,-0.29
测量高程点,山大总图 -调整_t6.dwg,图层 地形,3.31,3.31,265.46,379.37,测量点符号(gc200)的位置,True,False,3.52,3.51,3.54,-0.23,-0.21,-0.23
测量高程点,山大总图 -调整_t6.dwg,图层 地形,3.28,3.28,249.7,384.43,测量点符号(gc200)的位置,True,False,3.63,3.51,3.54,-0.36,-0.24,-0.26
测量高程点,山大总图 -调整_t6.dwg,图层 地形,3.46,3.46,298.1,420.81,测量点符号(gc200)的位置,True,False,3.35,3.42,3.32,0.09,0.03,0.15
测量高程点,山大总图 -调整_t6.dwg,图层 地形,3.43,3.43,303.48,407.97,测量点符号(gc200)的位置,True,False,3.37,3.38,3.32,0.04,0.04,0.11
测量高程点,山大总图 -调整_t6.dwg,图层 地形,3.40,3.4,300.99,391.77,测量点符号(gc200)的位置,True,False,3.41,3.42,3.34,-0.03,-0.04,0.07
测量高程点,山大总图 -调整_t6.dwg,图层 地形,3.37,3.37,301.06,377.81,测量点符号(gc200)的位置,True,False,3.45,3.45,3.37,-0.09,-0.09,0.01
测量高程点,山大总图 -调整_t6.dwg,图层 地形,3.34,3.34,284.62,377.83,测量点符号(gc200)的位置,True,False,3.46,3.51,3.54,-0.14,-0.18,-0.2
测量高程点,山大总图 -调整_t6.dwg,图层 地形,3.34,3.34,282.42,393.12,测量点符号(gc200)的位置,True,False,3.42,3.51,3.54,-0.09,-0.18,-0.2
测量高程点,山大总图 -调整_t6.dwg,图层 地形,3.39,3.39,282.21,409.71,测量点符号(gc200)的位置,True,False,3.38,3.51,3.54,-0.0,-0.13,-0.15
测量高程点,山大总图 -调整_t6.dwg,图层 地形,3.27,3.27,253.45,431.58,测量点符号(gc200)的位置,True,False,3.4,3.51,3.54,-0.14,-0.25,-0.27
测量高程点,山大总图 -调整_t6.dwg,图层 地形,3.29,3.29,226.74,454.56,测量点符号(gc200)的位置,True,False,3.36,3.51,3.54,-0.08,-0.23,-0.25
测量高程点,山大总图 -调整_t6.dwg,图层 地形,3.29,3.29,227.1,441.06,测量点符号(gc200)的位置,True,False,3.42,3.51,3.54,-0.14,-0.23,-0.25
测量高程点,山大总图 -调整_t6.dwg,图层 地形,3.29,3.29,225.82,425.92,测量点符号(gc200)的位置,True,False,3.51,3.51,3.54,-0.23,-0.23,-0.25
测量高程点,山大总图 -调整_t6.dwg,图层 地形,3.30,3.3,226.74,411.6,测量点符号(gc200)的位置,True,False,3.58,3.51,3.54,-0.3,-0.22,-0.24
测量高程点,山大总图 -调整_t6.dwg,图层 地形,3.45,3.45,285.35,441.14,测量点符号(gc200)的位置,True,False,3.33,3.51,3.54,0.1,-0.07,-0.09
测量高程点,山大总图 -调整_t6.dwg,图层 地形,3.43,3.43,289.52,460.61,测量点符号(gc200)的位置,True,False,3.31,3.51,3.54,0.11,-0.09,-0.11
测量高程点,山大总图 -调整_t6.dwg,图层 地形,3.46,3.46,302.86,455.0,测量点符号(gc200)的位置,True,False,3.31,3.32,3.28,0.13,0.13,0.18
测量高程点,山大总图 -调整_t6.dwg,图层 地形,3.42,3.42,282.64,425.21,测量点符号(gc200)的位置,True,False,3.36,3.51,3.54,0.05,-0.1,-0.12
测量高程点,山大总图 -调整_t6.dwg,图层 地形,2.50,2.5,336.67,397.54,测量点符号(gc200)的位置,True,False,3.36,3.36,3.37,-0.88,-0.88,-0.86
测量高程点,山大总图 -调整_t6.dwg,图层 地形,2.52,2.52,348.92,402.2,测量点符号(gc200)的位置,True,False,3.36,3.36,3.36,-0.85,-0.85,-0.84
测量高程点,山大总图 -调整_t6.dwg,图层 地形,2.60,2.6,352.14,433.03,测量点符号(gc200)的位置,True,False,3.33,3.33,3.33,-0.74,-0.74,-0.73
测量高程点,山大总图 -调整_t6.dwg,图层 地形,2.55,2.55,340.54,450.56,测量点符号(gc200)的位置,True,False,3.32,3.32,3.33,-0.78,-0.78,-0.77
测量高程点,山大总图 -调整_t6.dwg,图层 地形,2.56,2.56,355.37,393.03,测量点符号(gc200)的位置,True,False,3.36,3.36,3.37,-0.81,-0.81,-0.81
测量高程点,山大总图 -调整_t6.dwg,图层 地形,2.59,2.59,373.07,399.09,测量点符号(gc200)的位置,True,False,3.35,3.35,3.33,-0.78,-0.77,-0.74
测量高程点,山大总图 -调整_t6.dwg,图层 地形,2.98,2.98,376.52,401.86,数字左下方0.8 m处(附近没有测量点符号，按常见偏移推),True,False,3.35,3.35,3.33,-0.39,-0.39,-0.34
测量高程点,山大总图 -调整_t6.dwg,图层 地形,3.07,3.07,369.13,425.65,数字左下方0.8 m处(附近没有测量点符号，按常见偏移推),True,False,3.34,3.34,3.32,-0.28,-0.28,-0.24
测量高程点,山大总图 -调整_t6.dwg,图层 地形,2.76,2.76,387.03,363.34,测量点符号(gc200)的位置,True,False,3.37,3.37,3.37,-0.62,-0.62,-0.6
测量高程点,山大总图 -调整_t6.dwg,图层 地形,2.77,2.77,376.84,353.99,测量点符号(gc200)的位置,True,False,3.39,3.39,3.39,-0.64,-0.64,-0.62
测量高程点,山大总图 -调整_t6.dwg,图层 地形,2.87,2.87,395.14,337.4,测量点符号(gc200)的位置,True,False,3.4,3.4,3.4,-0.55,-0.54,-0.53
测量高程点,山大总图 -调整_t6.dwg,图层 地形,2.85,2.85,410.02,335.76,测量点符号(gc200)的位置,True,False,3.38,3.38,3.38,-0.55,-0.55,-0.52
测量高程点,山大总图 -调整_t6.dwg,图层 地形,3.33,3.33,221.87,353.92,测量点符号(gc200)的位置,True,False,3.69,3.51,3.54,-0.37,-0.19,-0.21
测量高程点,山大总图 -调整_t6.dwg,图层 地形,7.06,7.06,208.41,221.55,测量点符号(gc200)的位置,True,False,8.06,7.7,8.43,-1.01,-0.66,-1.36
测量高程点,山大总图 -调整_t6.dwg,图层 地形,6.10,6.1,208.01,251.49,测量点符号(gc200)的位置,True,False,6.8,6.81,6.76,-0.72,-0.72,-0.66
测量高程点,山大总图 -调整_t6.dwg,图层 地形,5.63,5.63,207.76,266.46,测量点符号(gc200)的位置,True,False,6.34,6.35,6.32,-0.73,-0.73,-0.68
测量高程点,山大总图 -调整_t6.dwg,图层 地形,4.25,4.25,207.6,312.22,测量点符号(gc200)的位置,True,False,4.57,4.6,4.56,-0.33,-0.36,-0.31
测量高程点,山大总图 -调整_t6.dwg,图层 地形,6.60,6.6,220.29,224.86,测量点符号(gc200)的位置,True,False,8.01,7.07,7.19,-1.43,-0.48,-0.58
测量高程点,山大总图 -调整_t6.dwg,图层 地形,6.65,6.65,220.36,218.43,测量点符号(gc200)的位置,True,False,8.15,7.02,7.16,-1.51,-0.38,-0.51
测量高程点,山大总图 -调整_t6.dwg,图层 地形,5.60,5.6,280.19,213.77,测量点符号(gc200)的位置,True,False,6.83,7.01,7.16,-1.24,-1.43,-1.56
测量高程点,山大总图 -调整_t6.dwg,图层 地形,4.72,4.72,301.7,217.74,测量点符号(gc200)的位置,True,False,6.66,7.0,7.13,-1.95,-2.3,-2.4
测量高程点,山大总图 -调整_t6.dwg,图层 地形,4.44,4.44,308.14,220.95,数字左下方0.8 m处(附近没有测量点符号，按常见偏移推),True,False,6.16,6.4,5.97,-1.73,-1.97,-1.53
测量高程点,山大总图 -调整_t6.dwg,图层 地形,2.86,2.86,319.05,436.63,测量点符号(gc200)的位置,True,False,3.32,3.33,3.3,-0.48,-0.48,-0.44
测量高程点,山大总图 -调整_t6.dwg,图层 地形,2.89,2.89,319.21,421.67,测量点符号(gc200)的位置,True,False,3.34,3.34,3.32,-0.46,-0.46,-0.42
测量高程点,山大总图 -调整_t6.dwg,图层 地形,2.91,2.91,319.37,406.7,测量点符号(gc200)的位置,True,False,3.36,3.36,3.34,-0.46,-0.47,-0.42
测量高程点,山大总图 -调整_t6.dwg,图层 地形,3.00,3.0,320.56,378.49,测量点符号(gc200)的位置,True,False,3.41,3.41,3.41,-0.42,-0.42,-0.41
测量高程点,山大总图 -调整_t6.dwg,图层 地形,3.06,3.06,321.61,363.55,测量点符号(gc200)的位置,True,False,3.44,3.44,3.45,-0.4,-0.4,-0.38
测量高程点,山大总图 -调整_t6.dwg,图层 地形,2.95,2.95,355.63,341.26,测量点符号(gc200)的位置,True,False,3.45,3.45,3.45,-0.51,-0.51,-0.49
测量高程点,山大总图 -调整_t6.dwg,图层 地形,2.91,2.91,370.54,339.92,测量点符号(gc200)的位置,True,False,3.43,3.43,3.42,-0.53,-0.53,-0.51
测量高程点,山大总图 -调整_t6.dwg,图层 地形,3.60,3.6,305.69,279.64,数字左下方0.8 m处(附近没有测量点符号，按常见偏移推),True,False,4.27,4.27,4.24,-0.69,-0.69,-0.64
测量高程点,山大总图 -调整_t6.dwg,图层 地形,3.60,3.6,228.06,277.87,测量点符号(gc200)的位置,True,False,5.61,5.61,5.64,-2.02,-2.03,-2.04
测量高程点,山大总图 -调整_t6.dwg,图层 地形,3.57,3.57,215.91,287.42,数字左下方0.8 m处(附近没有测量点符号，按常见偏移推),True,False,5.28,5.28,5.3,-1.72,-1.73,-1.72
测量高程点,山大总图 -调整_t6.dwg,图层 地形,3.97,3.97,225.08,292.68,测量点符号(gc200)的位置,True,False,4.96,4.97,4.96,-1.01,-1.01,-0.99
测量高程点,山大总图 -调整_t6.dwg,图层 地形,3.99,3.99,227.65,307.28,测量点符号(gc200)的位置,True,False,4.44,4.44,4.4,-0.46,-0.46,-0.41
测量高程点,山大总图 -调整_t6.dwg,图层 地形,3.44,3.44,236.86,325.12,测量点符号(gc200)的位置,True,False,3.85,3.91,3.97,-0.43,-0.48,-0.53
测量高程点,山大总图 -调整_t6.dwg,图层 地形,3.57,3.57,224.88,314.88,测量点符号(gc200)的位置,True,False,4.25,4.21,4.28,-0.7,-0.66,-0.7
测量高程点,山大总图 -调整_t6.dwg,图层 地形,3.56,3.56,264.78,322.79,测量点符号(gc200)的位置,True,False,3.74,3.77,3.83,-0.19,-0.22,-0.27
测量高程点,山大总图 -调整_t6.dwg,图层 地形,3.55,3.55,235.74,331.73,测量点符号(gc200)的位置,True,False,3.77,3.64,3.91,-0.24,-0.1,-0.36
测量高程点,山大总图 -调整_t6.dwg,图层 地形,3.60,3.6,301.12,321.6,测量点符号(gc200)的位置,True,False,3.63,3.64,3.64,-0.04,-0.05,-0.04
测量高程点,山大总图 -调整_t6.dwg,图层 地形,3.55,3.55,311.04,315.91,测量点符号(gc200)的位置,True,False,3.63,3.64,3.63,-0.09,-0.11,-0.08
测量高程点,山大总图 -调整_t6.dwg,图层 地形,3.44,3.44,312.94,308.1,测量点符号(gc200)的位置,True,False,3.68,3.7,3.71,-0.25,-0.28,-0.26
测量高程点,山大总图 -调整_t6.dwg,图层 地形,3.04,3.04,217.61,431.67,测量点符号(gc200)的位置,True,False,3.47,3.49,3.37,-0.45,-0.47,-0.32
测量高程点,山大总图 -调整_t6.dwg,图层 地形,3.08,3.08,218.47,416.56,测量点符号(gc200)的位置,True,False,3.54,3.51,3.54,-0.47,-0.44,-0.46
测量高程点,山大总图 -调整_t6.dwg,图层 地形,3.21,3.21,204.65,437.55,测量点符号(gc200)的位置,True,False,3.42,3.42,3.36,-0.23,-0.22,-0.15
测量高程点,山大总图 -调整_t6.dwg,图层 地形,3.17,3.17,204.7,457.01,测量点符号(gc200)的位置,True,False,3.35,3.36,3.31,-0.2,-0.2,-0.13
测量高程点,山大总图 -调整_t6.dwg,图层 地形,3.33,3.33,203.65,377.71,测量点符号(gc200)的位置,True,False,3.77,3.79,3.81,-0.45,-0.48,-0.47
测量高程点,山大总图 -调整_t6.dwg,图层 地形,3.30,3.3,204.99,392.12,测量点符号(gc200)的位置,True,False,3.62,3.64,3.63,-0.33,-0.35,-0.33
测量高程点,山大总图 -调整_t6.dwg,图层 地形,3.27,3.27,204.79,408.42,测量点符号(gc200)的位置,True,False,3.52,3.53,3.54,-0.26,-0.27,-0.26
测量高程点,山大总图 -调整_t6.dwg,图层 地形,3.24,3.24,205.25,422.27,测量点符号(gc200)的位置,True,False,3.47,3.47,3.47,-0.25,-0.24,-0.22
测量高程点,山大总图 -调整_t6.dwg,图层 地形,3.36,3.36,207.07,363.31,测量点符号(gc200)的位置,True,False,3.87,3.89,3.9,-0.53,-0.55,-0.54
测量高程点,山大总图 -调整_t6.dwg,图层 地形,3.43,3.43,239.71,299.46,数字左下方0.8 m处(附近没有测量点符号，按常见偏移推),True,False,4.69,4.69,4.65,-1.28,-1.28,-1.22
测量高程点,山大总图 -调整_t6.dwg,图层 地形,2.85,2.85,249.41,295.78,测量点符号(gc200)的位置,True,False,4.93,4.93,4.9,-2.09,-2.09,-2.05
测量高程点,山大总图 -调整_t6.dwg,图层 地形,3.46,3.46,247.81,300.31,测量点符号(gc200)的位置,True,False,4.61,4.61,4.57,-1.17,-1.17,-1.1
测量高程点,山大总图 -调整_t6.dwg,图层 地形,3.45,3.45,256.25,298.5,测量点符号(gc200)的位置,True,False,4.65,4.65,4.61,-1.21,-1.21,-1.16
测量高程点,山大总图 -调整_t6.dwg,图层 地形,3.50,3.5,256.06,304.55,测量点符号(gc200)的位置,True,False,4.27,4.27,4.2,-0.78,-0.78,-0.7
测量高程点,山大总图 -调整_t6.dwg,图层 地形,3.45,3.45,272.26,293.22,测量点符号(gc200)的位置,True,False,4.59,4.59,4.58,-1.15,-1.15,-1.12
测量高程点,山大总图 -调整_t6.dwg,图层 地形,3.46,3.46,271.41,297.65,数字左下方0.8 m处(附近没有测量点符号，按常见偏移推),True,False,4.39,4.39,4.36,-0.94,-0.94,-0.89
测量高程点,山大总图 -调整_t6.dwg,图层 地形,3.49,3.49,272.83,307.54,测量点符号(gc200)的位置,True,False,3.98,3.97,3.95,-0.5,-0.49,-0.46
测量高程点,山大总图 -调整_t6.dwg,图层 地形,3.71,3.71,278.19,290.14,测量点符号(gc200)的位置,True,False,4.54,4.55,4.55,-0.85,-0.85,-0.83
测量高程点,山大总图 -调整_t6.dwg,图层 地形,3.59,3.59,269.49,308.45,数字左下方0.8 m处(附近没有测量点符号，按常见偏移推),True,False,3.98,3.97,3.96,-0.4,-0.39,-0.36
测量高程点,山大总图 -调整_t6.dwg,图层 地形,3.57,3.57,250.15,307.24,测量点符号(gc200)的位置,True,False,4.18,4.19,4.15,-0.63,-0.63,-0.58
测量高程点,山大总图 -调整_t6.dwg,图层 地形,3.57,3.57,294.33,277.35,测量点符号(gc200)的位置,True,False,4.65,4.66,4.66,-1.1,-1.1,-1.09
测量高程点,山大总图 -调整_t6.dwg,图层 地形,3.69,3.69,298.5,274.13,测量点符号(gc200)的位置,True,False,4.72,4.72,4.72,-1.04,-1.05,-1.03
测量高程点,山大总图 -调整_t6.dwg,图层 地形,4.69,4.69,292.71,257.52,测量点符号(gc200)的位置,True,False,6.15,6.15,6.17,-1.48,-1.47,-1.47
测量高程点,山大总图 -调整_t6.dwg,图层 地形,4.95,4.95,255.22,233.24,测量点符号(gc200)的位置,True,False,6.14,6.37,6.3,-1.2,-1.43,-1.34
测量高程点,山大总图 -调整_t6.dwg,图层 地形,5.02,5.02,245.37,229.62,测量点符号(gc200)的位置,True,False,6.57,6.81,7.17,-1.57,-1.81,-2.14
测量高程点,山大总图 -调整_t6.dwg,图层 地形,5.68,5.68,221.66,231.58,测量点符号(gc200)的位置,True,False,7.8,7.4,8.34,-2.13,-1.73,-2.65
测量高程点,山大总图 -调整_t6.dwg,图层 地形,3.15,3.15,321.19,313.85,测量点符号(gc200)的位置,True,False,3.61,3.62,3.62,-0.47,-0.48,-0.46
测量高程点,山大总图 -调整_t6.dwg,图层 地形,3.27,3.27,321.34,298.88,测量点符号(gc200)的位置,True,False,3.77,3.78,3.77,-0.51,-0.52,-0.49
测量高程点,山大总图 -调整_t6.dwg,图层 地形,3.39,3.39,321.48,283.91,测量点符号(gc200)的位置,True,False,4.01,4.02,4.03,-0.63,-0.64,-0.63
测量高程点,山大总图 -调整_t6.dwg,图层 地形,3.30,3.3,313.94,286.32,测量点符号(gc200)的位置,True,False,4.0,4.05,4.05,-0.71,-0.76,-0.75
测量高程点,山大总图 -调整_t6.dwg,图层 地形,2.76,2.76,354.07,370.13,数字左下方0.8 m处(附近没有测量点符号，按常见偏移推),True,False,3.39,3.39,3.39,-0.64,-0.64,-0.63
测量高程点,山大总图 -调整_t6.dwg,图层 地形,2.77,2.77,360.96,369.63,测量点符号(gc200)的位置,True,False,3.39,3.39,3.39,-0.63,-0.63,-0.62
测量高程点,山大总图 -调整_t6.dwg,图层 地形,2.77,2.77,360.13,380.71,测量点符号(gc200)的位置,True,False,3.37,3.37,3.38,-0.62,-0.61,-0.6
测量高程点,山大总图 -调整_t6.dwg,图层 地形,2.78,2.78,382.56,369.9,测量点符号(gc200)的位置,True,False,3.37,3.37,3.36,-0.6,-0.6,-0.57
测量高程点,山大总图 -调整_t6.dwg,图层 地形,2.77,2.77,383.25,378.5,测量点符号(gc200)的位置,True,False,3.36,3.36,3.34,-0.61,-0.61,-0.57
测量高程点,山大总图 -调整_t6.dwg,图层 地形,3.04,3.04,337.16,315.09,测量点符号(gc200)的位置,True,False,3.54,3.56,3.54,-0.52,-0.53,-0.49
测量高程点,山大总图 -调整_t6.dwg,图层 地形,3.13,3.13,358.39,327.71,测量点符号(gc200)的位置,True,False,3.46,3.46,3.46,-0.35,-0.35,-0.33
测量高程点,山大总图 -调整_t6.dwg,图层 地形,4.97,4.97,227.41,235.73,测量点符号(gc200)的位置,True,False,7.47,7.4,7.88,-2.52,-2.44,-2.91
测量高程点,山大总图 -调整_t6.dwg,图层 地形,4.98,4.98,227.22,253.53,测量点符号(gc200)的位置,True,False,6.74,6.73,6.6,-1.77,-1.77,-1.61
测量高程点,山大总图 -调整_t6.dwg,图层 地形,5.01,5.01,225.82,246.22,测量点符号(gc200)的位置,True,False,7.12,7.1,7.12,-2.12,-2.11,-2.1
测量高程点,山大总图 -调整_t6.dwg,图层 地形,4.99,4.99,306.46,237.74,数字左下方0.8 m处(附近没有测量点符号，按常见偏移推),True,False,6.17,6.09,5.89,-1.2,-1.12,-0.9
测量高程点,山大总图 -调整_t6.dwg,图层 地形,4.98,4.98,288.4,236.48,测量点符号(gc200)的位置,True,False,6.8,6.82,6.95,-1.83,-1.85,-1.96
测量高程点,山大总图 -调整_t6.dwg,图层 地形,4.96,4.96,276.8,235.79,数字左下方0.8 m处(附近没有测量点符号，按常见偏移推),True,False,6.79,6.82,6.95,-1.85,-1.88,-1.98
测量高程点,山大总图 -调整_t6.dwg,图层 地形,5.00,5.0,243.9,234.66,测量点符号(gc200)的位置,True,False,6.43,6.53,6.89,-1.44,-1.54,-1.89
测量高程点,山大总图 -调整_t6.dwg,图层 地形,5.03,5.03,306.84,233.54,测量点符号(gc200)的位置,True,False,6.2,6.2,5.89,-1.18,-1.18,-0.85
测量高程点,山大总图 -调整_t6.dwg,图层 地形,5.01,5.01,295.26,234.39,测量点符号(gc200)的位置,True,False,6.8,6.84,6.5,-1.8,-1.84,-1.48
测量高程点,山大总图 -调整_t6.dwg,图层 地形,6.24,6.24,235.25,224.37,测量点符号(gc200)的位置,True,False,7.43,7.04,7.29,-1.21,-0.81,-1.04
测量高程点,山大总图 -调整_t6.dwg,图层 地形,5.87,5.87,250.22,223.89,测量点符号(gc200)的位置,True,False,6.68,6.99,7.06,-0.82,-1.13,-1.18
测量高程点,山大总图 -调整_t6.dwg,图层 地形,5.51,5.51,265.18,223.4,测量点符号(gc200)的位置,True,False,6.51,6.99,6.94,-1.01,-1.5,-1.42
测量高程点,山大总图 -调整_t6.dwg,图层 地形,4.96,4.96,306.72,253.08,数字左下方0.8 m处(附近没有测量点符号，按常见偏移推),True,False,5.61,5.53,5.54,-0.66,-0.58,-0.58
测量高程点,山大总图 -调整_t6.dwg,图层 地形,4.52,4.52,277.89,260.69,测量点符号(gc200)的位置,True,False,6.2,6.19,6.23,-1.69,-1.68,-1.7
测量高程点,山大总图 -调整_t6.dwg,图层 地形,4.92,4.92,274.4,260.14,测量点符号(gc200)的位置,True,False,6.24,6.23,6.24,-1.33,-1.32,-1.32
测量高程点,山大总图 -调整_t6.dwg,图层 地形,4.92,4.92,256.7,259.52,测量点符号(gc200)的位置,True,False,6.18,6.18,6.09,-1.27,-1.27,-1.16
测量高程点,山大总图 -调整_t6.dwg,图层 地形,4.79,4.79,256.67,271.25,测量点符号(gc200)的位置,True,False,6.22,6.2,6.25,-1.44,-1.43,-1.46
测量高程点,山大总图 -调整_t6.dwg,图层 地形,5.00,5.0,236.06,256.71,测量点符号(gc200)的位置,True,False,6.38,6.38,6.25,-1.4,-1.4,-1.24
测量高程点,山大总图 -调整_t6.dwg,图层 地形,5.01,5.01,288.84,255.05,测量点符号(gc200)的位置,True,False,6.43,6.42,6.47,-1.44,-1.43,-1.45
测量高程点,山大总图 -调整_t6.dwg,图层 地形,3.28,3.28,311.72,359.33,测量点符号(gc200)的位置,True,False,3.47,3.47,3.47,-0.21,-0.21,-0.19
测量高程点,山大总图 -调整_t6.dwg,图层 地形,6.84,6.84,228.32,213.9,测量点符号(gc200)的位置,True,False,8.05,7.01,7.16,-1.23,-0.19,-0.32
测量高程点,山大总图 -调整_t6.dwg,图层 地形,5.86,5.86,256.99,215.05,测量点符号(gc200)的位置,True,False,7.03,7.01,7.16,-1.19,-1.17,-1.3
测量高程点,山大总图 -调整_t6.dwg,图层 地形,3.56,3.56,220.14,310.0,测量点符号(gc200)的位置,True,False,4.46,4.46,4.45,-0.91,-0.91,-0.89
测量高程点,山大总图 -调整_t6.dwg,图层 地形,3.45,3.45,280.55,329.94,数字左下方0.8 m处(附近没有测量点符号，按常见偏移推),True,False,3.67,3.62,3.74,-0.23,-0.18,-0.29
测量高程点,山大总图 -调整_t6.dwg,图层 地形,3.46,3.46,277.76,323.64,测量点符号(gc200)的位置,True,False,3.71,3.72,3.78,-0.26,-0.27,-0.31
测量高程点,山大总图 -调整_t6.dwg,图层 地形,3.47,3.47,265.61,331.92,测量点符号(gc200)的位置,True,False,3.7,3.59,3.82,-0.24,-0.14,-0.34
测量高程点,山大总图 -调整_t6.dwg,图层 地形,3.50,3.5,236.55,335.0,测量点符号(gc200)的位置,True,False,3.74,3.53,3.59,-0.25,-0.05,-0.09
测量高程点,山大总图 -调整_t6.dwg,图层 地形,3.01,3.01,353.56,349.37,测量点符号(gc200)的位置,True,False,3.43,3.43,3.44,-0.44,-0.44,-0.42
测量高程点,山大总图 -调整_t6.dwg,图层 地形,3.33,3.33,380.0,408.58,测量点符号(gc200)的位置,True,False,3.35,3.36,3.34,-0.04,-0.05,-0.0
测量高程点,山大总图 -调整_t6.dwg,图层 地形,3.19,3.19,378.37,436.93,测量点符号(gc200)的位置,True,False,3.35,3.36,3.33,-0.17,-0.18,-0.13
测量高程点,山大总图 -调整_t6.dwg,图层 地形,2.65,2.65,443.57,312.3,测量点符号(gc200)的位置,True,False,3.36,3.35,3.33,-0.72,-0.72,-0.68
测量高程点,山大总图 -调整_t6.dwg,图层 地形,3.14,3.14,367.23,437.68,测量点符号(gc200)的位置,True,False,3.34,3.34,3.33,-0.21,-0.21,-0.19
测量高程点,山大总图 -调整_t6.dwg,图层 地形,4.54,4.54,2.06,376.94,数字左下方0.8 m处(附近没有测量点符号，按常见偏移推),True,False,3.85,3.85,3.82,0.67,0.68,0.72
测量高程点,山大总图 -调整_t6.dwg,图层 地形,5.26,5.26,52.8,335.23,数字左下方0.8 m处(附近没有测量点符号，按常见偏移推),True,False,4.45,4.42,4.52,0.79,0.82,0.75
测量高程点,山大总图 -调整_t6.dwg,图层 地形,6.17,6.17,109.88,350.69,测量点符号(gc200)的位置,True,False,3.83,3.63,3.88,2.33,2.53,2.29
测量高程点,山大总图 -调整_t6.dwg,图层 地形,4.82,4.82,-42.71,360.88,数字左下方0.8 m处(附近没有测量点符号，按常见偏移推),True,False,3.88,3.7,3.86,0.93,1.11,0.96
测量高程点,山大总图 -调整_t6.dwg,图层 地形,4.86,4.86,-44.89,371.37,数字左下方0.8 m处(附近没有测量点符号，按常见偏移推),True,False,3.8,3.64,3.64,1.04,1.21,1.23
测量高程点,山大总图 -调整_t6.dwg,图层 地形,4.43,4.43,61.73,361.04,数字左下方0.8 m处(附近没有测量点符号，按常见偏移推),True,False,3.79,3.83,3.78,0.63,0.58,0.66
测量高程点,山大总图 -调整_t6.dwg,图层 地形,4.57,4.57,43.73,363.51,数字左下方0.8 m处(附近没有测量点符号，按常见偏移推),True,False,3.77,3.77,3.79,0.79,0.79,0.79
测量高程点,山大总图 -调整_t6.dwg,图层 地形,4.67,4.67,-23.58,369.27,数字左下方0.8 m处(附近没有测量点符号，按常见偏移推),True,False,3.78,3.79,3.82,0.87,0.87,0.86
测量高程点,山大总图 -调整_t6.dwg,图层 地形,4.51,4.51,-23.51,356.92,数字左下方0.8 m处(附近没有测量点符号，按常见偏移推),True,False,3.85,3.86,3.87,0.64,0.64,0.65
测量高程点,山大总图 -调整_t6.dwg,图层 地形,4.25,4.25,-10.16,358.55,数字左下方0.8 m处(附近没有测量点符号，按常见偏移推),True,False,3.9,3.88,3.85,0.33,0.35,0.4
测量高程点,山大总图 -调整_t6.dwg,图层 地形,4.57,4.57,10.82,358.13,测量点符号(gc200)的位置,True,False,3.97,4.02,3.99,0.59,0.54,0.58
测量高程点,山大总图 -调整_t6.dwg,图层 地形,4.47,4.47,52.69,351.9,测量点符号(gc200)的位置,True,False,4.01,4.03,4.03,0.44,0.43,0.45
测量高程点,山大总图 -调整_t6.dwg,图层 地形,5.17,5.17,46.54,341.48,测量点符号(gc200)的位置,True,False,4.29,4.29,4.35,0.86,0.87,0.83
测量高程点,山大总图 -调整_t6.dwg,图层 地形,5.44,5.44,46.0,329.33,数字左下方0.8 m处(附近没有测量点符号，按常见偏移推),True,False,4.58,4.57,4.65,0.85,0.86,0.8
测量高程点,山大总图 -调整_t6.dwg,图层 地形,4.71,4.71,0.31,343.05,数字左下方0.8 m处(附近没有测量点符号，按常见偏移推),True,False,3.98,3.98,4.02,0.72,0.71,0.7
测量高程点,山大总图 -调整_t6.dwg,图层 地形,5.38,5.38,22.62,336.72,测量点符号(gc200)的位置,True,False,4.19,4.04,4.04,1.17,1.33,1.35
测量高程点,山大总图 -调整_t6.dwg,图层 地形,5.30,5.3,37.27,338.68,测量点符号(gc200)的位置,True,False,4.3,4.14,4.19,0.98,1.14,1.12
测量高程点,山大总图 -调整_t6.dwg,图层 地形,4.95,4.95,18.09,347.62,数字左下方0.8 m处(附近没有测量点符号，按常见偏移推),True,False,4.03,4.04,4.04,0.91,0.9,0.92
测量高程点,山大总图 -调整_t6.dwg,图层 地形,4.74,4.74,-16.45,372.48,数字左下方0.8 m处(附近没有测量点符号，按常见偏移推),True,False,3.8,3.8,3.79,0.93,0.93,0.96
测量高程点,山大总图 -调整_t6.dwg,图层 地形,4.60,4.6,-8.33,372.48,数字左下方0.8 m处(附近没有测量点符号，按常见偏移推),True,False,3.85,3.83,3.79,0.73,0.76,0.81
测量高程点,山大总图 -调整_t6.dwg,图层 地形,3.73,3.73,144.09,352.91,测量点符号(gc200)的位置,True,False,4.08,3.52,3.67,-0.37,0.2,0.07
测量高程点,山大总图 -调整_t6.dwg,图层 地形,4.46,4.46,45.43,382.38,测量点符号(gc200)的位置,True,False,3.65,3.65,3.65,0.8,0.8,0.81
测量高程点,山大总图 -调整_t6.dwg,图层 地形,4.33,4.33,3.68,420.46,测量点符号(gc200)的位置,True,False,3.5,3.5,3.5,0.82,0.82,0.83
测量高程点,山大总图 -调整_t6.dwg,图层 地形,4.18,4.18,45.99,419.77,测量点符号(gc200)的位置,True,False,3.51,3.51,3.56,0.66,0.66,0.62
测量高程点,山大总图 -调整_t6.dwg,图层 地形,4.12,4.12,91.28,356.38,测量点符号(gc200)的位置,True,False,3.84,3.55,3.65,0.27,0.55,0.48
测量高程点,山大总图 -调整_t6.dwg,图层 地形,4.39,4.39,58.19,363.67,测量点符号(gc200)的位置,True,False,3.74,3.81,3.81,0.64,0.57,0.58
测量高程点,山大总图 -调整_t6.dwg,图层 地形,4.66,4.66,47.97,361.11,测量点符号(gc200)的位置,True,False,3.8,3.81,3.83,0.85,0.84,0.84
测量高程点,山大总图 -调整_t6.dwg,图层 地形,4.66,4.66,33.29,351.85,测量点符号(gc200)的位置,True,False,4.0,4.04,4.04,0.64,0.61,0.63
测量高程点,山大总图 -调整_t6.dwg,图层 地形,4.71,4.71,25.75,354.74,测量点符号(gc200)的位置,True,False,3.96,4.04,4.04,0.74,0.66,0.68
测量高程点,山大总图 -调整_t6.dwg,图层 地形,3.40,3.4,197.83,364.15,测量点符号(gc200)的位置,True,False,3.98,3.96,4.02,-0.59,-0.57,-0.61
测量高程点,山大总图 -调整_t6.dwg,图层 地形,3.52,3.52,183.59,371.73,测量点符号(gc200)的位置,True,False,3.96,3.8,4.24,-0.45,-0.3,-0.71
测量高程点,山大总图 -调整_t6.dwg,图层 地形,3.46,3.46,185.84,394.42,测量点符号(gc200)的位置,True,False,3.64,3.63,3.71,-0.2,-0.19,-0.24
测量高程点,山大总图 -调整_t6.dwg,图层 地形,3.31,3.31,199.32,396.42,测量点符号(gc200)的位置,True,False,3.59,3.61,3.61,-0.3,-0.32,-0.3
测量高程点,山大总图 -调整_t6.dwg,图层 地形,3.54,3.54,180.44,401.68,测量点符号(gc200)的位置,True,False,3.58,3.57,3.63,-0.05,-0.04,-0.09
测量高程点,山大总图 -调整_t6.dwg,图层 地形,3.45,3.45,194.17,410.45,测量点符号(gc200)的位置,True,False,3.5,3.51,3.52,-0.06,-0.07,-0.06
测量高程点,山大总图 -调整_t6.dwg,图层 地形,3.59,3.59,184.53,421.27,测量点符号(gc200)的位置,True,False,3.47,3.47,3.46,0.11,0.11,0.14
测量高程点,山大总图 -调整_t6.dwg,图层 地形,3.60,3.6,176.55,427.38,测量点符号(gc200)的位置,True,False,3.47,3.47,3.4,0.12,0.12,0.21
测量高程点,山大总图 -调整_t6.dwg,图层 地形,3.10,3.1,185.76,431.5,测量点符号(gc200)的位置,True,False,3.44,3.44,3.38,-0.35,-0.35,-0.27
测量高程点,山大总图 -调整_t6.dwg,图层 地形,3.30,3.3,193.48,435.95,测量点符号(gc200)的位置,True,False,3.42,3.42,3.37,-0.13,-0.13,-0.06
测量高程点,山大总图 -调整_t6.dwg,图层 地形,3.24,3.24,201.95,452.95,测量点符号(gc200)的位置,True,False,3.37,3.37,3.37,-0.14,-0.14,-0.13
测量高程点,山大总图 -调整_t6.dwg,图层 地形,3.28,3.28,186.8,452.35,测量点符号(gc200)的位置,True,False,3.37,3.4,3.3,-0.11,-0.13,-0.01
测量高程点,山大总图 -调整_t6.dwg,图层 地形,3.58,3.58,166.41,437.51,测量点符号(gc200)的位置,True,False,3.44,3.46,3.33,0.12,0.1,0.25
测量高程点,山大总图 -调整_t6.dwg,图层 地形,3.70,3.7,166.15,426.51,测量点符号(gc200)的位置,True,False,3.48,3.48,3.41,0.2,0.21,0.29
测量高程点,山大总图 -调整_t6.dwg,图层 地形,3.82,3.82,148.1,433.08,数字左下方0.8 m处(附近没有测量点符号，按常见偏移推),True,False,3.45,3.45,3.34,0.35,0.36,0.49
测量高程点,山大总图 -调整_t6.dwg,图层 地形,3.67,3.67,133.75,439.44,数字左下方0.8 m处(附近没有测量点符号，按常见偏移推),True,False,3.42,3.42,3.32,0.24,0.24,0.35
测量高程点,山大总图 -调整_t6.dwg,图层 地形,3.96,3.96,114.14,437.33,测量点符号(gc200)的位置,True,False,3.41,3.41,3.33,0.53,0.54,0.64
测量高程点,山大总图 -调整_t6.dwg,图层 地形,3.88,3.88,88.66,438.55,数字左下方0.8 m处(附近没有测量点符号，按常见偏移推),True,False,3.4,3.52,3.67,0.46,0.35,0.22
测量高程点,山大总图 -调整_t6.dwg,图层 地形,3.85,3.85,95.37,450.35,测量点符号(gc200)的位置,True,False,3.37,3.52,3.67,0.47,0.32,0.19
测量高程点,山大总图 -调整_t6.dwg,图层 地形,3.76,3.76,113.8,460.62,测量点符号(gc200)的位置,True,False,3.34,3.52,3.67,0.4,0.23,0.1
测量高程点,山大总图 -调整_t6.dwg,图层 地形,3.56,3.56,180.25,455.99,测量点符号(gc200)的位置,True,False,3.37,3.5,3.33,0.18,0.05,0.24
测量高程点,山大总图 -调整_t6.dwg,图层 地形,3.65,3.65,156.61,455.68,测量点符号(gc200)的位置,True,False,3.37,3.52,3.67,0.26,0.12,-0.01
测量高程点,山大总图 -调整_t6.dwg,图层 地形,3.71,3.71,134.76,457.79,测量点符号(gc200)的位置,True,False,3.36,3.52,3.67,0.34,0.18,0.05
测量高程点,山大总图 -调整_t6.dwg,图层 地形,3.69,3.69,130.9,452.08,测量点符号(gc200)的位置,True,False,3.37,3.49,3.29,0.3,0.19,0.4
测量高程点,山大总图 -调整_t6.dwg,图层 地形,3.69,3.69,143.65,408.46,测量点符号(gc200)的位置,True,False,3.54,3.52,3.67,0.13,0.16,0.03
测量高程点,山大总图 -调整_t6.dwg,图层 地形,3.91,3.91,117.07,404.03,测量点符号(gc200)的位置,True,False,3.54,3.54,3.42,0.36,0.36,0.49
测量高程点,山大总图 -调整_t6.dwg,图层 地形,3.97,3.97,103.53,402.48,测量点符号(gc200)的位置,True,False,3.55,3.52,3.42,0.41,0.43,0.55
测量高程点,山大总图 -调整_t6.dwg,图层 地形,3.87,3.87,109.17,424.53,测量点符号(gc200)的位置,True,False,3.45,3.47,3.36,0.4,0.39,0.52
测量高程点,山大总图 -调整_t6.dwg,图层 地形,3.78,3.78,122.4,427.27,测量点符号(gc200)的位置,True,False,3.45,3.45,3.36,0.31,0.32,0.43
测量高程点,山大总图 -调整_t6.dwg,图层 地形,3.85,3.85,126.7,417.6,测量点符号(gc200)的位置,True,False,3.49,3.49,3.51,0.35,0.35,0.34
测量高程点,山大总图 -调整_t6.dwg,图层 地形,3.87,3.87,126.7,413.45,测量点符号(gc200)的位置,True,False,3.5,3.51,3.51,0.35,0.35,0.36
测量高程点,山大总图 -调整_t6.dwg,图层 地形,3.89,3.89,134.85,413.68,测量点符号(gc200)的位置,True,False,3.51,3.51,3.6,0.36,0.37,0.3
测量高程点,山大总图 -调整_t6.dwg,图层 地形,3.93,3.93,143.49,423.7,测量点符号(gc200)的位置,True,False,3.48,3.48,3.51,0.43,0.44,0.43
测量高程点,山大总图 -调整_t6.dwg,图层 地形,3.55,3.55,159.45,362.11,测量点符号(gc200)的位置,True,False,4.03,3.52,3.67,-0.5,0.02,-0.11
测量高程点,山大总图 -调整_t6.dwg,图层 地形,4.05,4.05,151.38,374.47,测量点符号(gc200)的位置,True,False,3.86,3.52,3.67,0.17,0.52,0.39
测量高程点,山大总图 -调整_t6.dwg,图层 地形,3.95,3.95,146.7,370.16,测量点符号(gc200)的位置,True,False,3.88,3.52,3.67,0.05,0.42,0.29
测量高程点,山大总图 -调整_t6.dwg,图层 地形,3.96,3.96,121.27,374.13,测量点符号(gc200)的位置,True,False,3.66,3.52,3.67,0.28,0.43,0.3
测量高程点,山大总图 -调整_t6.dwg,图层 地形,4.18,4.18,106.57,372.62,测量点符号(gc200)的位置,True,False,3.66,3.52,3.67,0.5,0.65,0.52
测量高程点,山大总图 -调整_t6.dwg,图层 地形,4.25,4.25,95.59,374.07,数字左下方0.8 m处(附近没有测量点符号，按常见偏移推),True,False,3.65,3.52,3.67,0.58,0.72,0.59
测量高程点,山大总图 -调整_t6.dwg,图层 地形,3.97,3.97,120.99,355.85,测量点符号(gc200)的位置,True,False,3.77,3.52,3.67,0.19,0.44,0.31
测量高程点,山大总图 -调整_t6.dwg,图层 地形,4.51,4.51,-4.09,391.2,数字左下方0.8 m处(附近没有测量点符号，按常见偏移推),True,False,3.68,3.68,3.66,0.81,0.81,0.85
测量高程点,山大总图 -调整_t6.dwg,图层 地形,4.28,4.28,86.27,394.07,数字左下方0.8 m处(附近没有测量点符号，按常见偏移推),True,False,3.56,3.52,3.67,0.7,0.75,0.62
测量高程点,山大总图 -调整_t6.dwg,图层 地形,4.27,4.27,77.2,381.71,测量点符号(gc200)的位置,True,False,3.59,3.53,3.56,0.67,0.73,0.72
测量高程点,山大总图 -调整_t6.dwg,图层 地形,4.26,4.26,82.03,372.07,测量点符号(gc200)的位置,True,False,3.65,3.52,3.67,0.6,0.73,0.6
测量高程点,山大总图 -调整_t6.dwg,图层 地形,4.21,4.21,72.04,410.7,数字左下方0.8 m处(附近没有测量点符号，按常见偏移推),True,False,3.52,3.52,3.39,0.68,0.68,0.83
测量高程点,山大总图 -调整_t6.dwg,图层 地形,4.27,4.27,79.41,421.85,测量点符号(gc200)的位置,True,False,3.46,3.52,3.67,0.79,0.74,0.61
测量高程点,山大总图 -调整_t6.dwg,图层 地形,3.85,3.85,80.7,433.72,数字左下方0.8 m处(附近没有测量点符号，按常见偏移推),True,False,3.42,3.52,3.67,0.42,0.32,0.19
测量高程点,山大总图 -调整_t6.dwg,图层 地形,3.98,3.98,70.44,437.09,测量点符号(gc200)的位置,True,False,3.4,3.42,3.33,0.56,0.54,0.66
测量高程点,山大总图 -调整_t6.dwg,图层 地形,3.96,3.96,75.58,452.46,测量点符号(gc200)的位置,True,False,3.36,3.48,3.29,0.58,0.47,0.67
测量高程点,山大总图 -调整_t6.dwg,图层 地形,4.11,4.11,76.25,460.49,测量点符号(gc200)的位置,True,False,3.34,3.49,3.28,0.75,0.61,0.84
测量高程点,山大总图 -调整_t6.dwg,图层 地形,4.08,4.08,41.54,449.28,测量点符号(gc200)的位置,True,False,3.37,3.37,3.4,0.7,0.7,0.68
测量高程点,山大总图 -调整_t6.dwg,图层 地形,4.31,4.31,17.13,449.31,测量点符号(gc200)的位置,True,False,3.39,3.39,3.37,0.91,0.91,0.95
测量高程点,山大总图 -调整_t6.dwg,图层 地形,4.49,4.49,23.49,439.46,测量点符号(gc200)的位置,True,False,3.41,3.45,3.46,1.06,1.03,1.04
测量高程点,山大总图 -调整_t6.dwg,图层 地形,4.19,4.19,35.27,455.67,测量点符号(gc200)的位置,True,False,3.36,3.36,3.36,0.82,0.82,0.84
测量高程点,山大总图 -调整_t6.dwg,图层 地形,4.43,4.43,35.64,439.46,测量点符号(gc200)的位置,True,False,3.4,3.41,3.41,1.01,1.01,1.03
测量高程点,山大总图 -调整_t6.dwg,图层 地形,4.62,4.62,35.57,384.76,测量点符号(gc200)的位置,True,False,3.67,3.67,3.65,0.94,0.94,0.98
测量高程点,山大总图 -调整_t6.dwg,图层 地形,4.65,4.65,44.27,372.0,测量点符号(gc200)的位置,True,False,3.68,3.68,3.67,0.96,0.96,0.99
测量高程点,山大总图 -调整_t6.dwg,图层 地形,4.98,4.98,22.88,362.25,测量点符号(gc200)的位置,True,False,3.89,3.97,3.91,1.08,0.99,1.07
测量高程点,山大总图 -调整_t6.dwg,图层 地形,4.71,4.71,14.35,363.6,测量点符号(gc200)的位置,True,False,3.93,3.96,3.95,0.77,0.74,0.76
测量高程点,山大总图 -调整_t6.dwg,图层 地形,4.72,4.72,14.39,374.55,测量点符号(gc200)的位置,True,False,3.84,3.84,3.82,0.87,0.87,0.9
测量高程点,山大总图 -调整_t6.dwg,图层 地形,4.68,4.68,23.18,384.8,测量点符号(gc200)的位置,True,False,3.7,3.7,3.68,0.96,0.97,1.0
测量高程点,山大总图 -调整_t6.dwg,图层 地形,5.14,5.14,25.38,373.64,测量点符号(gc200)的位置,True,False,3.77,3.77,3.74,1.36,1.36,1.4
测量高程点,山大总图 -调整_t6.dwg,图层 地形,4.61,4.61,-3.9,368.27,数字左下方0.8 m处(附近没有测量点符号，按常见偏移推),True,False,3.91,3.9,3.87,0.69,0.69,0.75
测量高程点,山大总图 -调整_t6.dwg,图层 地形,4.53,4.53,-11.64,384.75,数字左下方0.8 m处(附近没有测量点符号，按常见偏移推),True,False,3.73,3.72,3.72,0.79,0.79,0.81
测量高程点,山大总图 -调整_t6.dwg,图层 地形,4.73,4.73,3.36,365.9,测量点符号(gc200)的位置,True,False,3.95,3.94,3.94,0.77,0.77,0.8
测量高程点,山大总图 -调整_t6.dwg,图层 地形,5.42,5.42,29.01,330.7,测量点符号(gc200)的位置,True,False,4.37,4.2,4.3,1.03,1.21,1.13
测量高程点,山大总图 -调整_t6.dwg,图层 地形,4.31,4.31,70.61,359.68,测量点符号(gc200)的位置,True,False,3.81,3.81,3.79,0.49,0.49,0.52
测量高程点,山大总图 -调整_t6.dwg,图层 地形,4.56,4.56,76.6,354.86,测量点符号(gc200)的位置,True,False,3.9,3.89,3.9,0.65,0.66,0.67
测量高程点,山大总图 -调整_t6.dwg,图层 地形,5.34,5.34,0.43,330.21,测量点符号(gc200)的位置,True,False,4.13,4.13,4.22,1.2,1.2,1.12
测量高程点,山大总图 -调整_t6.dwg,图层 地形,5.20,5.2,-8.69,337.73,数字左下方0.8 m处(附近没有测量点符号，按常见偏移推),True,False,3.99,4.03,4.03,1.19,1.16,1.18
测量高程点,山大总图 -调整_t6.dwg,图层 地形,5.87,5.87,-3.04,322.94,测量点符号(gc200)的位置,True,False,4.27,4.29,4.25,1.59,1.57,1.62
测量高程点,山大总图 -调整_t6.dwg,图层 地形,4.53,4.53,-8.62,423.51,测量点符号(gc200)的位置,True,False,3.51,3.52,3.52,1.0,1.0,1.01
测量高程点,山大总图 -调整_t6.dwg,图层 地形,4.06,4.06,62.82,440.6,数字左下方0.8 m处(附近没有测量点符号，按常见偏移推),True,False,3.39,3.4,3.32,0.66,0.65,0.74
测量高程点,山大总图 -调整_t6.dwg,图层 地形,4.27,4.27,62.75,410.04,数字左下方0.8 m处(附近没有测量点符号，按常见偏移推),True,False,3.55,3.55,3.44,0.7,0.71,0.83
测量高程点,山大总图 -调整_t6.dwg,图层 地形,4.33,4.33,61.59,369.72,数字左下方0.8 m处(附近没有测量点符号，按常见偏移推),True,False,3.66,3.71,3.64,0.66,0.6,0.69
测量高程点,山大总图 -调整_t6.dwg,图层 地形,5.36,5.36,2.86,332.02,测量点符号(gc200)的位置,True,False,4.11,4.11,4.23,1.24,1.24,1.13
测量高程点,山大总图 -调整_t6.dwg,图层 地形,4.46,4.46,164.06,299.01,测量点符号(gc200)的位置,True,False,5.51,5.51,5.52,-1.06,-1.06,-1.06
测量高程点,山大总图 -调整_t6.dwg,图层 地形,4.10,4.1,166.16,313.83,测量点符号(gc200)的位置,True,False,4.94,4.94,4.86,-0.86,-0.86,-0.75
测量高程点,山大总图 -调整_t6.dwg,图层 地形,4.81,4.81,161.97,284.18,测量点符号(gc200)的位置,True,False,5.97,5.96,5.98,-1.17,-1.17,-1.16
测量高程点,山大总图 -调整_t6.dwg,图层 地形,4.56,4.56,99.49,341.34,测量点符号(gc200)的位置,True,False,4.05,4.08,4.09,0.49,0.47,0.48
测量高程点,山大总图 -调整_t6.dwg,图层 地形,5.13,5.13,80.68,322.55,测量点符号(gc200)的位置,True,False,4.34,4.35,4.34,0.77,0.77,0.8
测量高程点,山大总图 -调整_t6.dwg,图层 地形,5.78,5.78,69.98,302.8,测量点符号(gc200)的位置,True,False,5.18,5.19,5.14,0.59,0.58,0.64
测量高程点,山大总图 -调整_t6.dwg,图层 地形,5.74,5.74,94.06,301.98,测量点符号(gc200)的位置,True,False,5.42,5.42,5.36,0.31,0.3,0.38
测量高程点,山大总图 -调整_t6.dwg,图层 地形,5.42,5.42,129.4,298.9,测量点符号(gc200)的位置,True,False,5.19,5.19,5.2,0.22,0.22,0.22
测量高程点,山大总图 -调整_t6.dwg,图层 地形,6.43,6.43,122.09,255.21,测量点符号(gc200)的位置,True,False,6.78,6.78,6.76,-0.37,-0.36,-0.32
测量高程点,山大总图 -调整_t6.dwg,图层 地形,7.27,7.27,90.08,258.36,数字左下方0.8 m处(附近没有测量点符号，按常见偏移推),True,False,8.8,8.79,8.68,-1.54,-1.53,-1.4
测量高程点,山大总图 -调整_t6.dwg,图层 地形,7.50,7.5,119.21,236.25,测量点符号(gc200)的位置,True,False,7.58,7.58,7.57,-0.1,-0.1,-0.07
测量高程点,山大总图 -调整_t6.dwg,图层 地形,6.88,6.88,149.15,236.06,测量点符号(gc200)的位置,True,False,7.12,7.13,7.09,-0.25,-0.26,-0.2
测量高程点,山大总图 -调整_t6.dwg,图层 地形,6.57,6.57,164.12,235.97,测量点符号(gc200)的位置,True,False,6.94,6.95,6.93,-0.39,-0.39,-0.36
测量高程点,山大总图 -调整_t6.dwg,图层 地形,3.42,3.42,185.95,320.5,测量点符号(gc200)的位置,True,False,4.59,4.51,4.56,-1.18,-1.1,-1.13
测量高程点,山大总图 -调整_t6.dwg,图层 地形,3.69,3.69,168.55,330.75,测量点符号(gc200)的位置,True,False,4.34,4.42,4.52,-0.66,-0.75,-0.82
测量高程点,山大总图 -调整_t6.dwg,图层 地形,5.01,5.01,184.71,253.67,数字左下方0.8 m处(附近没有测量点符号，按常见偏移推),True,False,6.69,6.69,6.64,-1.69,-1.69,-1.62
测量高程点,山大总图 -调整_t6.dwg,图层 地形,9.71,9.71,-4.03,227.97,测量点符号(gc200)的位置,True,False,6.68,9.74,9.74,3.01,-0.04,-0.02
测量高程点,山大总图 -调整_t6.dwg,图层 地形,9.63,9.63,52.93,225.31,测量点符号(gc200)的位置,True,False,8.71,9.74,9.74,0.9,-0.12,-0.1
测量高程点,山大总图 -调整_t6.dwg,图层 地形,6.09,6.09,-4.22,288.76,测量点符号(gc200)的位置,True,False,5.06,5.29,4.86,1.01,0.79,1.24
测量高程点,山大总图 -调整_t6.dwg,图层 地形,6.05,6.05,63.09,292.81,测量点符号(gc200)的位置,True,False,5.97,5.97,6.08,0.07,0.07,-0.03
测量高程点,山大总图 -调整_t6.dwg,图层 地形,6.07,6.07,62.84,310.07,测量点符号(gc200)的位置,True,False,4.82,4.83,4.74,1.24,1.23,1.33
测量高程点,山大总图 -调整_t6.dwg,图层 地形,5.79,5.79,30.76,312.27,测量点符号(gc200)的位置,True,False,4.76,4.77,4.5,1.01,1.01,1.29
测量高程点,山大总图 -调整_t6.dwg,图层 地形,6.01,6.01,38.01,276.06,测量点符号(gc200)的位置,True,False,5.82,5.65,5.6,0.17,0.35,0.41
测量高程点,山大总图 -调整_t6.dwg,图层 地形,6.02,6.02,52.95,276.87,测量点符号(gc200)的位置,True,False,6.48,6.05,5.99,-0.47,-0.04,0.03
测量高程点,山大总图 -调整_t6.dwg,图层 地形,5.98,5.98,13.64,274.75,测量点符号(gc200)的位置,True,False,5.11,5.65,5.6,0.85,0.32,0.38
测量高程点,山大总图 -调整_t6.dwg,图层 地形,5.95,5.95,12.53,289.68,测量点符号(gc200)的位置,True,False,4.95,5.56,5.6,0.99,0.37,0.35
测量高程点,山大总图 -调整_t6.dwg,图层 地形,9.51,9.51,72.39,235.9,数字左下方0.8 m处(附近没有测量点符号，按常见偏移推),True,False,10.3,10.18,10.18,-0.8,-0.69,-0.67
测量高程点,山大总图 -调整_t6.dwg,图层 地形,6.00,6.0,41.52,263.62,数字左下方0.8 m处(附近没有测量点符号，按常见偏移推),True,False,6.13,5.65,5.6,-0.15,0.34,0.4
测量高程点,山大总图 -调整_t6.dwg,图层 地形,7.49,7.49,57.63,265.01,测量点符号(gc200)的位置,True,False,7.58,7.52,6.93,-0.1,-0.04,0.57
测量高程点,山大总图 -调整_t6.dwg,图层 地形,9.86,9.86,-40.05,249.54,测量点符号(gc200)的位置,True,False,7.36,7.37,6.55,2.48,2.48,3.31
测量高程点,山大总图 -调整_t6.dwg,图层 地形,9.55,9.55,-17.67,236.16,测量点符号(gc200)的位置,True,False,6.63,9.73,9.74,2.91,-0.19,-0.18
测量高程点,山大总图 -调整_t6.dwg,图层 地形,9.75,9.75,-28.27,234.94,数字左下方0.8 m处(附近没有测量点符号，按常见偏移推),True,False,7.16,9.64,9.74,2.58,0.1,0.02
测量高程点,山大总图 -调整_t6.dwg,图层 地形,6.68,6.68,-0.46,266.35,测量点符号(gc200)的位置,True,False,5.27,5.65,5.6,1.39,1.02,1.08
测量高程点,山大总图 -调整_t6.dwg,图层 地形,6.71,6.71,18.45,257.92,测量点符号(gc200)的位置,True,False,5.57,5.65,5.6,1.12,1.05,1.11
测量高程点,山大总图 -调整_t6.dwg,图层 地形,7.66,7.66,40.35,257.03,测量点符号(gc200)的位置,True,False,6.18,5.65,5.6,1.46,2.0,2.06
测量高程点,山大总图 -调整_t6.dwg,图层 地形,9.26,9.26,67.77,252.33,测量点符号(gc200)的位置,True,False,9.76,9.73,9.75,-0.51,-0.49,-0.49
测量高程点,山大总图 -调整_t6.dwg,图层 地形,9.68,9.68,-44.91,219.83,测量点符号(gc200)的位置,True,False,8.31,8.32,7.17,1.35,1.35,2.52
测量高程点,山大总图 -调整_t6.dwg,图层 地形,9.69,9.69,-28.98,219.02,数字左下方0.8 m处(附近没有测量点符号，按常见偏移推),True,False,7.7,9.59,9.74,1.98,0.08,-0.04
测量高程点,山大总图 -调整_t6.dwg,图层 地形,9.78,9.78,24.28,219.1,测量点符号(gc200)的位置,True,False,7.36,9.74,9.74,2.41,0.03,0.05
测量高程点,山大总图 -调整_t6.dwg,图层 地形,4.87,4.87,-40.85,375.63,测量点符号(gc200)的位置,True,False,3.78,3.65,3.7,1.07,1.21,1.17
测量高程点,山大总图 -调整_t6.dwg,图层 地形,4.57,4.57,-36.67,454.26,测量点符号(gc200)的位置,True,False,3.44,3.62,3.64,1.11,0.93,0.94
测量高程点,山大总图 -调整_t6.dwg,图层 地形,4.68,4.68,-40.99,402.54,测量点符号(gc200)的位置,True,False,3.71,3.64,3.64,0.96,1.03,1.05
测量高程点,山大总图 -调整_t6.dwg,图层 地形,4.54,4.54,130.04,333.29,测量点符号(gc200)的位置,True,False,4.19,4.27,4.31,0.33,0.25,0.23
测量高程点,山大总图 -调整_t6.dwg,图层 地形,6.00,6.0,14.44,264.0,测量点符号(gc200)的位置,True,False,5.32,5.65,5.6,0.66,0.34,0.4
测量高程点,山大总图 -调整_t6.dwg,图层 地形,5.94,5.94,53.45,299.06,测量点符号(gc200)的位置,True,False,5.34,5.62,5.6,0.58,0.3,0.34
测量高程点,山大总图 -调整_t6.dwg,图层 地形,5.93,5.93,31.36,296.19,测量点符号(gc200)的位置,True,False,5.18,5.1,5.55,0.74,0.82,0.39
测量高程点,山大总图 -调整_t6.dwg,图层 地形,5.92,5.92,11.42,304.61,测量点符号(gc200)的位置,True,False,4.77,4.83,4.41,1.14,1.08,1.51
测量高程点,山大总图 -调整_t6.dwg,图层 地形,6.05,6.05,-3.76,310.55,测量点符号(gc200)的位置,True,False,4.59,4.55,4.54,1.44,1.49,1.52
测量高程点,山大总图 -调整_t6.dwg,图层 地形,9.41,9.41,-17.49,252.29,测量点符号(gc200)的位置,True,False,6.31,6.31,4.93,3.08,3.08,4.49
测量高程点,山大总图 -调整_t6.dwg,图层 地形,9.04,9.04,82.34,258.83,测量点符号(gc200)的位置,True,False,9.84,9.8,9.97,-0.81,-0.77,-0.92
测量高程点,山大总图 -调整_t6.dwg,图层 地形,9.39,9.39,76.28,249.52,测量点符号(gc200)的位置,True,False,10.5,10.45,10.54,-1.13,-1.08,-1.14
测量高程点,山大总图 -调整_t6.dwg,图层 地形,9.52,9.52,68.47,243.62,测量点符号(gc200)的位置,True,False,10.04,9.96,9.81,-0.54,-0.45,-0.29
测量高程点,山大总图 -调整_t6.dwg,图层 地形,9.66,9.66,108.63,217.03,测量点符号(gc200)的位置,True,False,8.96,8.95,9.57,0.69,0.69,0.1
测量高程点,山大总图 -调整_t6.dwg,图层 地形,7.90,7.9,67.79,261.87,测量点符号(gc200)的位置,True,False,9.27,9.25,9.66,-1.38,-1.36,-1.76
测量高程点,山大总图 -调整_t6.dwg,图层 地形,7.92,7.92,48.81,252.57,测量点符号(gc200)的位置,True,False,6.86,5.67,5.6,1.05,2.24,2.32
测量高程点,山大总图 -调整_t6.dwg,图层 地形,7.91,7.91,15.89,250.1,测量点符号(gc200)的位置,True,False,5.72,5.77,5.6,2.18,2.12,2.31
测量高程点,山大总图 -调整_t6.dwg,图层 地形,7.93,7.93,-2.09,255.53,测量点符号(gc200)的位置,True,False,5.59,5.65,5.6,2.32,2.27,2.33
测量高程点,山大总图 -调整_t6.dwg,图层 地形,9.34,9.34,-7.13,250.45,测量点符号(gc200)的位置,True,False,5.9,5.68,5.6,3.42,3.64,3.74
测量高程点,山大总图 -调整_t6.dwg,图层 地形,9.37,9.37,13.05,241.66,测量点符号(gc200)的位置,True,False,5.99,9.41,9.44,3.37,-0.05,-0.07
测量高程点,山大总图 -调整_t6.dwg,图层 地形,8.72,8.72,45.6,242.93,测量点符号(gc200)的位置,True,False,6.94,7.42,5.6,1.77,1.29,3.12
测量高程点,山大总图 -调整_t6.dwg,图层 地形,9.67,9.67,84.85,217.27,测量点符号(gc200)的位置,True,False,9.67,9.68,10.16,-0.02,-0.02,-0.48
测量高程点,山大总图 -调整_t6.dwg,图层 地形,4.11,4.11,101.2,360.34,测量点符号(gc200)的位置,True,False,3.76,3.52,3.67,0.34,0.58,0.45
测量高程点,山大总图 -调整_t6.dwg,图层 地形,4.72,4.72,85.43,344.04,测量点符号(gc200)的位置,True,False,4.07,4.08,4.1,0.64,0.63,0.63
测量高程点,山大总图 -调整_t6.dwg,图层 地形,5.41,5.41,128.76,269.23,测量点符号(gc200)的位置,True,False,6.12,6.12,6.15,-0.72,-0.72,-0.73
测量高程点,山大总图 -调整_t6.dwg,图层 地形,6.75,6.75,94.49,273.39,测量点符号(gc200)的位置,True,False,7.56,7.56,7.44,-0.83,-0.82,-0.69
测量高程点,山大总图 -调整_t6.dwg,图层 地形,8.04,8.04,93.14,236.41,测量点符号(gc200)的位置,True,False,8.82,8.83,8.79,-0.8,-0.8,-0.75
测量高程点,山大总图 -调整_t6.dwg,图层 地形,9.77,9.77,-44.07,227.7,测量点符号(gc200)的位置,True,False,8.19,8.18,7.03,1.57,1.57,2.75
测量高程点,山大总图 -调整_t6.dwg,图层 地形,9.45,9.45,-37.8,241.98,测量点符号(gc200)的位置,True,False,7.54,7.55,7.44,1.9,1.88,2.02
测量高程点,山大总图 -调整_t6.dwg,图层 地形,9.34,9.34,-31.15,258.69,测量点符号(gc200)的位置,True,False,6.62,6.62,5.87,2.71,2.71,3.47
测量高程点,山大总图 -调整_t6.dwg,图层 地形,6.58,6.58,-22.06,314.8,测量点符号(gc200)的位置,True,False,4.53,4.53,4.44,2.04,2.04,2.15
测量高程点,山大总图 -调整_t6.dwg,图层 地形,5.91,5.91,-26.35,342.66,测量点符号(gc200)的位置,True,False,4.0,3.99,4.02,1.89,1.9,1.9
测量高程点,山大总图 -调整_t6.dwg,图层 地形,10.40,10.4,-28.99,213.38,测量点符号(gc200)的位置,True,False,7.95,9.64,9.74,2.44,0.75,0.67
测量高程点,山大总图 -调整_t6.dwg,图层 地形,4.88,4.88,-39.25,380.64,测量点符号(gc200)的位置,True,False,3.77,3.67,3.91,1.1,1.2,0.98
测量高程点,山大总图 -调整_t6.dwg,图层 地形,4.57,4.57,-23.56,399.77,测量点符号(gc200)的位置,True,False,3.65,3.65,3.68,0.91,0.91,0.89
测量高程点,山大总图 -调整_t6.dwg,图层 地形,4.48,4.48,-6.24,410.3,测量点符号(gc200)的位置,True,False,3.55,3.56,3.55,0.91,0.91,0.94
测量高程点,山大总图 -调整_t6.dwg,图层 地形,4.14,4.14,-6.11,448.78,测量点符号(gc200)的位置,True,False,3.41,3.42,3.47,0.71,0.71,0.68
测量高程点,山大总图 -调整_t6.dwg,图层 地形,8.82,8.82,136.39,219.08,测量点符号(gc200)的位置,True,False,8.57,8.57,8.85,0.24,0.24,-0.03
测量高程点,山大总图 -调整_t6.dwg,图层 地形,7.82,7.82,141.28,214.24,测量点符号(gc200)的位置,True,False,9.16,9.15,9.32,-1.36,-1.35,-1.5
测量高程点,山大总图 -调整_t6.dwg,图层 地形,3.92,3.92,150.91,349.15,测量点符号(gc200)的位置,True,False,4.19,3.55,3.66,-0.28,0.35,0.26
测量高程点,山大总图 -调整_t6.dwg,图层 地形,4.21,4.21,187.9,284.95,测量点符号(gc200)的位置,True,False,6.08,6.07,6.1,-1.88,-1.88,-1.88
测量高程点,山大总图 -调整_t6.dwg,图层 地形,5.15,5.15,153.57,271.69,测量点符号(gc200)的位置,True,False,6.05,6.04,6.05,-0.91,-0.91,-0.9
测量高程点,山大总图 -调整_t6.dwg,图层 地形,5.54,5.54,151.84,251.81,测量点符号(gc200)的位置,True,False,6.11,6.13,6.09,-0.59,-0.6,-0.55
测量高程点,山大总图 -调整_t6.dwg,图层 地形,6.46,6.46,192.02,226.6,测量点符号(gc200)的位置,True,False,7.37,7.4,7.46,-0.92,-0.95,-0.99
测量高程点,山大总图 -调整_t6.dwg,图层 地形,6.79,6.79,186.01,216.57,测量点符号(gc200)的位置,True,False,7.55,7.56,7.43,-0.77,-0.78,-0.63
测量高程点,山大总图 -调整_t6.dwg,图层 地形,5.96,5.96,194.06,235.78,测量点符号(gc200)的位置,True,False,7.05,7.14,7.19,-1.11,-1.19,-1.22
测量高程点,山大总图 -调整_t6.dwg,图层 地形,6.66,6.66,-37.03,314.64,测量点符号(gc200)的位置,True,False,4.85,4.85,4.89,1.8,1.8,1.77
测量高程点,山大总图 -调整_t6.dwg,图层 地形,6.16,6.16,-40.21,337.0,测量点符号(gc200)的位置,True,False,4.28,4.28,4.29,1.86,1.87,1.87
测量高程点,山大总图 -调整_t6.dwg,图层 地形,7.74,7.74,-22.32,284.14,测量点符号(gc200)的位置,True,False,5.76,5.75,5.86,1.96,1.97,1.88
测量高程点,山大总图 -调整_t6.dwg,图层 地形,7.92,7.92,-37.11,281.89,测量点符号(gc200)的位置,True,False,5.78,5.79,6.22,2.13,2.12,1.71
测量高程点,山大总图 -调整_t6.dwg,图层 地形,5.41,5.41,-9.76,329.89,测量点符号(gc200)的位置,True,False,4.1,4.16,4.15,1.29,1.24,1.27
测量高程点,山大总图 -调整_t6.dwg,图层 地形,4.68,4.68,-30.51,386.65,测量点符号(gc200)的位置,True,False,3.72,3.72,3.83,0.94,0.95,0.85
测量高程点,山大总图 -调整_t6.dwg,图层 地形,4.65,4.65,-39.74,417.46,测量点符号(gc200)的位置,True,False,3.6,3.64,3.64,1.03,1.0,1.02
测量高程点,山大总图 -调整_t6.dwg,图层 地形,4.62,4.62,-38.5,432.37,测量点符号(gc200)的位置,True,False,3.52,3.63,3.64,1.09,0.98,0.99
测量高程点,山大总图 -调整_t6.dwg,图层 地形,4.61,4.61,-20.73,456.49,测量点符号(gc200)的位置,True,False,3.4,3.4,3.31,1.2,1.2,1.31
测量高程点,山大总图 -调整_t6.dwg,图层 地形,4.60,4.6,-21.47,441.54,测量点符号(gc200)的位置,True,False,3.46,3.46,3.36,1.13,1.13,1.24
测量高程点,山大总图 -调整_t6.dwg,图层 地形,4.59,4.59,-22.22,426.59,测量点符号(gc200)的位置,True,False,3.53,3.53,3.48,1.05,1.05,1.11
测量高程点,山大总图 -调整_t6.dwg,图层 地形,4.58,4.58,-22.96,411.64,测量点符号(gc200)的位置,True,False,3.59,3.59,3.59,0.97,0.97,0.99
测量高程点,山大总图 -调整_t6.dwg,图层 地形,7.81,7.81,-288.58,256.08,数字左下方0.8 m处(附近没有测量点符号，按常见偏移推),True,False,9.51,9.58,9.51,-1.71,-1.78,-1.7
测量高程点,山大总图 -调整_t6.dwg,图层 地形,8.62,8.62,-285.51,252.04,数字左下方0.8 m处(附近没有测量点符号，按常见偏移推),True,False,9.71,9.79,9.84,-1.1,-1.19,-1.21
测量高程点,山大总图 -调整_t6.dwg,图层 地形,8.56,8.56,-294.55,240.1,数字左下方0.8 m处(附近没有测量点符号，按常见偏移推),True,False,10.89,11.1,11.04,-2.34,-2.55,-2.47
测量高程点,山大总图 -调整_t6.dwg,图层 地形,8.56,8.56,-294.39,253.11,数字左下方0.8 m处(附近没有测量点符号，按常见偏移推),True,False,9.94,9.95,9.83,-1.4,-1.4,-1.27
测量高程点,山大总图 -调整_t6.dwg,图层 地形,9.17,9.17,-284.12,225.61,数字左下方0.8 m处(附近没有测量点符号，按常见偏移推),True,False,11.26,11.26,11.17,-2.1,-2.1,-1.99
测量高程点,山大总图 -调整_t6.dwg,图层 地形,8.44,8.44,-291.32,238.51,数字左下方0.8 m处(附近没有测量点符号，按常见偏移推),True,False,10.89,10.81,10.76,-2.46,-2.38,-2.31
测量高程点,山大总图 -调整_t6.dwg,图层 地形,9.07,9.07,-295.83,221.92,数字左下方0.8 m处(附近没有测量点符号，按常见偏移推),True,False,11.65,11.58,11.49,-2.6,-2.52,-2.42
测量高程点,山大总图 -调整_t6.dwg,图层 地形,8.25,8.25,-280.74,267.02,数字左下方0.8 m处(附近没有测量点符号，按常见偏移推),True,False,8.56,8.74,8.58,-0.33,-0.5,-0.33
测量高程点,山大总图 -调整_t6.dwg,图层 地形,7.81,7.81,-248.27,275.93,数字左下方0.8 m处(附近没有测量点符号，按常见偏移推),True,False,8.21,8.21,8.36,-0.42,-0.42,-0.55
测量高程点,山大总图 -调整_t6.dwg,图层 地形,8.58,8.58,-273.79,249.24,数字左下方0.8 m处(附近没有测量点符号，按常见偏移推),True,False,9.44,9.44,9.45,-0.87,-0.87,-0.87
测量高程点,山大总图 -调整_t6.dwg,图层 地形,8.44,8.44,-258.09,245.89,数字左下方0.8 m处(附近没有测量点符号，按常见偏移推),True,False,9.25,9.26,9.32,-0.83,-0.83,-0.87
测量高程点,山大总图 -调整_t6.dwg,图层 地形,7.77,7.77,-242.63,270.19,数字左下方0.8 m处(附近没有测量点符号，按常见偏移推),True,False,8.31,8.22,8.36,-0.55,-0.47,-0.59
测量高程点,山大总图 -调整_t6.dwg,图层 地形,6.22,6.22,-213.79,324.18,数字左下方0.8 m处(附近没有测量点符号，按常见偏移推),True,False,7.06,6.3,6.42,-0.85,-0.09,-0.2
测量高程点,山大总图 -调整_t6.dwg,图层 地形,5.84,5.84,-184.53,361.95,数字左下方0.8 m处(附近没有测量点符号，按常见偏移推),True,False,4.98,4.93,4.93,0.84,0.9,0.92
测量高程点,山大总图 -调整_t6.dwg,图层 地形,5.75,5.75,-192.35,370.96,数字左下方0.8 m处(附近没有测量点符号，按常见偏移推),True,False,4.89,4.9,4.93,0.84,0.84,0.82
测量高程点,山大总图 -调整_t6.dwg,图层 地形,6.00,6.0,-194.53,336.48,数字左下方0.8 m处(附近没有测量点符号，按常见偏移推),True,False,5.25,5.99,5.35,0.74,-0.01,0.65
测量高程点,山大总图 -调整_t6.dwg,图层 地形,5.90,5.9,-184.54,339.84,数字左下方0.8 m处(附近没有测量点符号，按常见偏移推),True,False,5.08,5.57,4.91,0.81,0.32,0.99
测量高程点,山大总图 -调整_t6.dwg,图层 地形,5.87,5.87,-179.4,334.55,数字左下方0.8 m处(附近没有测量点符号，按常见偏移推),True,False,5.28,5.93,5.1,0.57,-0.07,0.77
测量高程点,山大总图 -调整_t6.dwg,图层 地形,6.16,6.16,-178.68,326.28,数字左下方0.8 m处(附近没有测量点符号，按常见偏移推),True,False,5.69,6.18,5.52,0.45,-0.03,0.65
测量高程点,山大总图 -调整_t6.dwg,图层 地形,5.99,5.99,-188.5,325.82,数字左下方0.8 m处(附近没有测量点符号，按常见偏移推),True,False,5.44,6.29,6.44,0.54,-0.31,-0.44
测量高程点,山大总图 -调整_t6.dwg,图层 地形,5.99,5.99,-196.94,324.09,数字左下方0.8 m处(附近没有测量点符号，按常见偏移推),True,False,5.73,6.29,6.44,0.25,-0.31,-0.44
测量高程点,山大总图 -调整_t6.dwg,图层 地形,6.07,6.07,-181.04,322.46,数字左下方0.8 m处(附近没有测量点符号，按常见偏移推),True,False,5.81,6.27,5.9,0.24,-0.22,0.18
测量高程点,山大总图 -调整_t6.dwg,图层 地形,6.12,6.12,-202.08,322.6,数字左下方0.8 m处(附近没有测量点符号，按常见偏移推),True,False,6.16,6.29,6.44,-0.05,-0.18,-0.31
测量高程点,山大总图 -调整_t6.dwg,图层 地形,9.57,9.57,-275.72,213.81,数字左下方0.8 m处(附近没有测量点符号，按常见偏移推),True,False,11.43,11.42,11.45,-1.88,-1.87,-1.87
测量高程点,山大总图 -调整_t6.dwg,图层 地形,9.46,9.46,-290.0,216.84,数字左下方0.8 m处(附近没有测量点符号，按常见偏移推),True,False,11.75,11.64,11.63,-2.3,-2.19,-2.17
测量高程点,山大总图 -调整_t6.dwg,图层 地形,9.13,9.13,-295.58,214.31,数字左下方0.8 m处(附近没有测量点符号，按常见偏移推),True,False,11.8,11.74,11.69,-2.68,-2.63,-2.55
测量高程点,山大总图 -调整_t6.dwg,图层 地形,9.36,9.36,-282.65,222.71,数字左下方0.8 m处(附近没有测量点符号，按常见偏移推),True,False,11.33,11.33,11.25,-1.98,-1.98,-1.88
测量高程点,山大总图 -调整_t6.dwg,图层 地形,9.42,9.42,-260.39,214.24,数字左下方0.8 m处(附近没有测量点符号，按常见偏移推),True,False,10.7,10.7,10.68,-1.3,-1.29,-1.25
测量高程点,山大总图 -调整_t6.dwg,图层 地形,8.88,8.88,-241.49,217.28,数字左下方0.8 m处(附近没有测量点符号，按常见偏移推),True,False,10.12,10.14,9.95,-1.25,-1.27,-1.07
测量高程点,山大总图 -调整_t6.dwg,图层 地形,9.00,9.0,-112.36,215.0,数字左下方0.8 m处(附近没有测量点符号，按常见偏移推),True,False,10.73,10.75,10.84,-1.74,-1.76,-1.84
测量高程点,山大总图 -调整_t6.dwg,图层 地形,8.34,8.34,-94.74,213.75,数字左下方0.8 m处(附近没有测量点符号，按常见偏移推),True,False,9.83,9.83,9.94,-1.5,-1.5,-1.59
测量高程点,山大总图 -调整_t6.dwg,图层 地形,8.43,8.43,-79.99,213.75,数字左下方0.8 m处(附近没有测量点符号，按常见偏移推),True,False,9.54,9.54,10.05,-1.12,-1.12,-1.62
测量高程点,山大总图 -调整_t6.dwg,图层 地形,7.49,7.49,-189.53,271.44,数字左下方0.8 m处(附近没有测量点符号，按常见偏移推),True,False,7.63,7.64,7.56,-0.16,-0.17,-0.06
测量高程点,山大总图 -调整_t6.dwg,图层 地形,7.60,7.6,-204.08,266.99,数字左下方0.8 m处(附近没有测量点符号，按常见偏移推),True,False,8.29,8.29,8.14,-0.71,-0.7,-0.54
测量高程点,山大总图 -调整_t6.dwg,图层 地形,7.62,7.62,-213.02,268.66,数字左下方0.8 m处(附近没有测量点符号，按常见偏移推),True,False,8.55,8.49,8.45,-0.94,-0.88,-0.83
测量高程点,山大总图 -调整_t6.dwg,图层 地形,7.52,7.52,-226.83,270.16,数字左下方0.8 m处(附近没有测量点符号，按常见偏移推),True,False,8.57,8.23,8.34,-1.06,-0.72,-0.82
测量高程点,山大总图 -调整_t6.dwg,图层 地形,7.47,7.47,-216.57,277.28,数字左下方0.8 m处(附近没有测量点符号，按常见偏移推),True,False,8.46,8.27,8.61,-1.0,-0.82,-1.14
测量高程点,山大总图 -调整_t6.dwg,图层 地形,7.34,7.34,-194.31,278.38,数字左下方0.8 m处(附近没有测量点符号，按常见偏移推),True,False,7.52,7.52,7.66,-0.19,-0.2,-0.31
测量高程点,山大总图 -调整_t6.dwg,图层 地形,7.66,7.66,-211.79,234.8,数字左下方0.8 m处(附近没有测量点符号，按常见偏移推),True,False,9.68,9.93,10.08,-2.04,-2.28,-2.42
测量高程点,山大总图 -调整_t6.dwg,图层 地形,7.57,7.57,-200.42,234.03,数字左下方0.8 m处(附近没有测量点符号，按常见偏移推),True,False,9.62,9.93,10.08,-2.07,-2.37,-2.51
测量高程点,山大总图 -调整_t6.dwg,图层 地形,7.63,7.63,-206.3,246.49,数字左下方0.8 m处(附近没有测量点符号，按常见偏移推),True,False,9.05,9.34,8.96,-1.43,-1.72,-1.32
测量高程点,山大总图 -调整_t6.dwg,图层 地形,8.56,8.56,-237.99,228.98,数字左下方0.8 m处(附近没有测量点符号，按常见偏移推),True,False,9.98,9.94,9.92,-1.43,-1.39,-1.36
测量高程点,山大总图 -调整_t6.dwg,图层 地形,8.60,8.6,-255.33,226.91,数字左下方0.8 m处(附近没有测量点符号，按常见偏移推),True,False,10.0,10.01,9.95,-1.42,-1.42,-1.34
测量高程点,山大总图 -调整_t6.dwg,图层 地形,8.87,8.87,-269.27,224.97,数字左下方0.8 m处(附近没有测量点符号，按常见偏移推),True,False,10.52,10.52,10.57,-1.66,-1.67,-1.7
测量高程点,山大总图 -调整_t6.dwg,图层 地形,8.36,8.36,-264.23,240.49,数字左下方0.8 m处(附近没有测量点符号，按常见偏移推),True,False,9.5,9.52,9.6,-1.16,-1.17,-1.23
测量高程点,山大总图 -调整_t6.dwg,图层 地形,8.31,8.31,-246.71,239.03,数字左下方0.8 m处(附近没有测量点符号，按常见偏移推),True,False,9.63,9.63,9.7,-1.34,-1.34,-1.39
测量高程点,山大总图 -调整_t6.dwg,图层 地形,8.51,8.51,-280.75,242.08,数字左下方0.8 m处(附近没有测量点符号，按常见偏移推),True,False,10.14,10.2,10.13,-1.64,-1.7,-1.62
测量高程点,山大总图 -调整_t6.dwg,图层 地形,7.60,7.6,-230.11,253.54,数字左下方0.8 m处(附近没有测量点符号，按常见偏移推),True,False,9.05,8.91,8.96,-1.46,-1.32,-1.35
测量高程点,山大总图 -调整_t6.dwg,图层 地形,8.03,8.03,-234.25,263.25,数字左下方0.8 m处(附近没有测量点符号，按常见偏移推),True,False,8.59,8.59,8.44,-0.58,-0.57,-0.4
测量高程点,山大总图 -调整_t6.dwg,图层 地形,7.45,7.45,-235.74,276.15,数字左下方0.8 m处(附近没有测量点符号，按常见偏移推),True,False,8.39,8.21,8.36,-0.96,-0.78,-0.91
测量高程点,山大总图 -调整_t6.dwg,图层 地形,8.20,8.2,-187.25,238.22,数字左下方0.8 m处(附近没有测量点符号，按常见偏移推),True,False,9.54,9.66,9.58,-1.35,-1.47,-1.38
测量高程点,山大总图 -调整_t6.dwg,图层 地形,6.02,6.02,-175.22,351.84,数字左下方0.8 m处(附近没有测量点符号，按常见偏移推),True,False,4.95,4.97,4.77,1.05,1.03,1.25
测量高程点,山大总图 -调整_t6.dwg,图层 地形,8.15,8.15,-76.99,252.54,数字左下方0.8 m处(附近没有测量点符号，按常见偏移推),True,False,9.56,9.55,9.56,-1.43,-1.41,-1.41
测量高程点,山大总图 -调整_t6.dwg,图层 地形,8.13,8.13,-135.85,253.86,数字左下方0.8 m处(附近没有测量点符号，按常见偏移推),True,False,9.48,9.49,9.48,-1.36,-1.37,-1.34
测量高程点,山大总图 -调整_t6.dwg,图层 地形,7.76,7.76,-142.19,265.61,数字左下方0.8 m处(附近没有测量点符号，按常见偏移推),True,False,8.56,8.57,8.57,-0.82,-0.82,-0.81
测量高程点,山大总图 -调整_t6.dwg,图层 地形,7.08,7.08,-142.25,281.01,数字左下方0.8 m处(附近没有测量点符号，按常见偏移推),True,False,8.27,8.26,8.29,-1.2,-1.2,-1.21
测量高程点,山大总图 -调整_t6.dwg,图层 地形,7.09,7.09,-152.55,289.04,数字左下方0.8 m处(附近没有测量点符号，按常见偏移推),True,False,7.9,7.89,7.94,-0.82,-0.82,-0.84
测量高程点,山大总图 -调整_t6.dwg,图层 地形,6.85,6.85,-140.2,298.92,数字左下方0.8 m处(附近没有测量点符号，按常见偏移推),True,False,7.56,7.56,7.61,-0.72,-0.72,-0.76
测量高程点,山大总图 -调整_t6.dwg,图层 地形,6.41,6.41,-158.51,318.5,测量点符号(gc200)的位置,True,False,6.89,6.88,6.84,-0.49,-0.48,-0.42
测量高程点,山大总图 -调整_t6.dwg,图层 地形,6.09,6.09,-145.8,331.03,数字左下方0.8 m处(附近没有测量点符号，按常见偏移推),True,False,6.26,6.16,6.24,-0.18,-0.08,-0.14
测量高程点,山大总图 -调整_t6.dwg,图层 地形,5.36,5.36,-50.66,349.5,数字左下方0.8 m处(附近没有测量点符号，按常见偏移推),True,False,4.13,4.14,4.14,1.22,1.21,1.22
测量高程点,山大总图 -调整_t6.dwg,图层 地形,5.36,5.36,-59.93,355.17,数字左下方0.8 m处(附近没有测量点符号，按常见偏移推),True,False,4.06,4.09,4.19,1.29,1.26,1.17
测量高程点,山大总图 -调整_t6.dwg,图层 地形,5.90,5.9,-105.67,348.41,数字左下方0.8 m处(附近没有测量点符号，按常见偏移推),True,False,4.52,4.47,4.76,1.36,1.41,1.15
测量高程点,山大总图 -调整_t6.dwg,图层 地形,5.77,5.77,-113.87,356.25,数字左下方0.8 m处(附近没有测量点符号，按常见偏移推),True,False,4.43,4.45,4.46,1.33,1.3,1.31
测量高程点,山大总图 -调整_t6.dwg,图层 地形,5.51,5.51,-151.88,358.33,数字左下方0.8 m处(附近没有测量点符号，按常见偏移推),True,False,4.69,4.67,4.67,0.81,0.83,0.85
测量高程点,山大总图 -调整_t6.dwg,图层 地形,5.76,5.76,-137.82,350.33,数字左下方0.8 m处(附近没有测量点符号，按常见偏移推),True,False,5.08,5.01,5.32,0.66,0.74,0.45
测量高程点,山大总图 -调整_t6.dwg,图层 地形,5.24,5.24,-139.46,369.69,数字左下方0.8 m处(附近没有测量点符号，按常见偏移推),True,False,4.25,3.66,3.64,0.97,1.57,1.61
测量高程点,山大总图 -调整_t6.dwg,图层 地形,5.16,5.16,-121.63,374.08,数字左下方0.8 m处(附近没有测量点符号，按常见偏移推),True,False,4.11,3.64,3.64,1.04,1.51,1.53
测量高程点,山大总图 -调整_t6.dwg,图层 地形,5.84,5.84,-107.18,369.53,数字左下方0.8 m处(附近没有测量点符号，按常见偏移推),True,False,4.06,3.64,3.64,1.76,2.19,2.21
测量高程点,山大总图 -调整_t6.dwg,图层 地形,4.81,4.81,-50.71,364.02,数字左下方0.8 m处(附近没有测量点符号，按常见偏移推),True,False,3.86,3.64,3.64,0.94,1.15,1.18
测量高程点,山大总图 -调整_t6.dwg,图层 地形,4.81,4.81,-61.26,364.51,数字左下方0.8 m处(附近没有测量点符号，按常见偏移推),True,False,3.85,3.64,3.64,0.94,1.15,1.18
测量高程点,山大总图 -调整_t6.dwg,图层 地形,4.94,4.94,-95.48,372.14,数字左下方0.8 m处(附近没有测量点符号，按常见偏移推),True,False,3.94,3.64,3.64,0.99,1.29,1.31
测量高程点,山大总图 -调整_t6.dwg,图层 地形,8.66,8.66,-291.46,227.71,数字左下方0.8 m处(附近没有测量点符号，按常见偏移推),True,False,11.43,11.27,11.28,-2.78,-2.62,-2.61
测量高程点,山大总图 -调整_t6.dwg,图层 地形,7.97,7.97,-288.41,260.44,数字左下方0.8 m处(附近没有测量点符号，按常见偏移推),True,False,9.16,9.27,9.02,-1.2,-1.31,-1.05
测量高程点,山大总图 -调整_t6.dwg,图层 地形,8.44,8.44,-190.33,216.21,数字左下方0.8 m处(附近没有测量点符号，按常见偏移推),True,False,10.37,10.24,10.31,-1.94,-1.82,-1.86
测量高程点,山大总图 -调整_t6.dwg,图层 地形,8.49,8.49,-199.32,254.3,数字左下方0.8 m处(附近没有测量点符号，按常见偏移推),True,False,8.61,8.69,8.69,-0.13,-0.21,-0.19
测量高程点,山大总图 -调整_t6.dwg,图层 地形,8.47,8.47,-186.06,252.97,数字左下方0.8 m处(附近没有测量点符号，按常见偏移推),True,False,8.66,8.69,8.66,-0.2,-0.23,-0.19
测量高程点,山大总图 -调整_t6.dwg,图层 地形,8.02,8.02,-277.84,273.22,数字左下方0.8 m处(附近没有测量点符号，按常见偏移推),True,False,8.13,8.22,7.69,-0.12,-0.21,0.33
测量高程点,山大总图 -调整_t6.dwg,图层 地形,4.70,4.7,-156.46,460.67,测量点符号(gc200)的位置,True,False,3.82,3.8,3.89,0.87,0.89,0.82
测量高程点,山大总图 -调整_t6.dwg,图层 地形,4.76,4.76,-156.21,436.49,测量点符号(gc200)的位置,True,False,3.92,3.91,4.07,0.83,0.84,0.69
测量高程点,山大总图 -调整_t6.dwg,图层 地形,4.86,4.86,-157.04,421.54,测量点符号(gc200)的位置,True,False,3.97,3.97,4.15,0.87,0.88,0.72
测量高程点,山大总图 -调整_t6.dwg,图层 地形,5.35,5.35,-273.66,448.3,测量点符号(gc200)的位置,True,False,4.02,3.96,3.79,1.32,1.37,1.56
测量高程点,山大总图 -调整_t6.dwg,图层 地形,5.37,5.37,-278.51,431.18,测量点符号(gc200)的位置,True,False,4.23,4.33,4.03,1.13,1.03,1.34
测量高程点,山大总图 -调整_t6.dwg,图层 地形,5.41,5.41,-238.48,458.95,测量点符号(gc200)的位置,True,False,3.93,3.91,4.06,1.46,1.48,1.35
测量高程点,山大总图 -调整_t6.dwg,图层 地形,5.72,5.72,-261.0,459.97,测量点符号(gc200)的位置,True,False,4.0,3.91,4.06,1.7,1.79,1.66
测量高程点,山大总图 -调整_t6.dwg,图层 地形,5.41,5.41,-264.58,452.62,测量点符号(gc200)的位置,True,False,4.04,3.91,4.06,1.35,1.48,1.35
测量高程点,山大总图 -调整_t6.dwg,图层 地形,5.55,5.55,-267.83,420.91,数字左下方0.8 m处(附近没有测量点符号，按常见偏移推),True,False,4.58,4.89,5.07,0.95,0.65,0.48
测量高程点,山大总图 -调整_t6.dwg,图层 地形,5.44,5.44,-267.92,417.99,测量点符号(gc200)的位置,True,False,4.68,4.9,5.07,0.75,0.53,0.37
测量高程点,山大总图 -调整_t6.dwg,图层 地形,5.41,5.41,-239.09,411.62,测量点符号(gc200)的位置,True,False,4.87,4.92,5.07,0.53,0.47,0.34
测量高程点,山大总图 -调整_t6.dwg,图层 地形,5.36,5.36,-208.01,401.01,测量点符号(gc200)的位置,True,False,4.65,4.1,4.25,0.7,1.25,1.11
测量高程点,山大总图 -调整_t6.dwg,图层 地形,5.45,5.45,-237.92,402.48,测量点符号(gc200)的位置,True,False,5.37,4.92,5.07,0.07,0.51,0.38
测量高程点,山大总图 -调整_t6.dwg,图层 地形,5.56,5.56,-217.38,456.03,测量点符号(gc200)的位置,True,False,3.89,3.6,3.65,1.66,1.94,1.92
测量高程点,山大总图 -调整_t6.dwg,图层 地形,5.01,5.01,-209.35,429.7,测量点符号(gc200)的位置,True,False,4.08,4.1,4.25,0.92,0.89,0.76
测量高程点,山大总图 -调整_t6.dwg,图层 地形,5.27,5.27,-212.7,414.51,数字左下方0.8 m处(附近没有测量点符号，按常见偏移推),True,False,4.45,4.19,4.25,0.81,1.07,1.02
测量高程点,山大总图 -调整_t6.dwg,图层 地形,5.21,5.21,-167.18,410.81,测量点符号(gc200)的位置,True,False,4.01,4.03,4.02,1.18,1.17,1.2
测量高程点,山大总图 -调整_t6.dwg,图层 地形,4.90,4.9,-163.35,438.94,测量点符号(gc200)的位置,True,False,3.88,3.89,3.89,1.0,0.99,1.01
测量高程点,山大总图 -调整_t6.dwg,图层 地形,4.91,4.91,-168.71,451.15,数字左下方0.8 m处(附近没有测量点符号，按常见偏移推),True,False,3.82,3.86,3.81,1.08,1.04,1.11
测量高程点,山大总图 -调整_t6.dwg,图层 地形,4.88,4.88,-145.83,439.72,测量点符号(gc200)的位置,True,False,3.91,3.66,3.67,0.96,1.21,1.22
测量高程点,山大总图 -调整_t6.dwg,图层 地形,4.91,4.91,-145.0,456.06,测量点符号(gc200)的位置,True,False,3.85,3.66,3.69,1.05,1.24,1.23
测量高程点,山大总图 -调整_t6.dwg,图层 地形,4.94,4.94,-149.04,432.03,测量点符号(gc200)的位置,True,False,3.94,3.76,4.08,0.99,1.17,0.87
测量高程点,山大总图 -调整_t6.dwg,图层 地形,4.85,4.85,-148.21,446.98,测量点符号(gc200)的位置,True,False,3.9,3.74,4.0,0.94,1.09,0.85
测量高程点,山大总图 -调整_t6.dwg,图层 地形,5.16,5.16,-148.38,410.01,测量点符号(gc200)的位置,True,False,4.03,3.69,3.72,1.12,1.46,1.44
测量高程点,山大总图 -调整_t6.dwg,图层 地形,5.07,5.07,-150.08,413.24,测量点符号(gc200)的位置,True,False,4.01,3.76,4.05,1.04,1.3,1.02
测量高程点,山大总图 -调整_t6.dwg,图层 地形,5.09,5.09,-126.53,392.1,测量点符号(gc200)的位置,True,False,4.11,3.64,3.64,0.97,1.44,1.46
测量高程点,山大总图 -调整_t6.dwg,图层 地形,5.10,5.1,-122.95,388.01,测量点符号(gc200)的位置,True,False,4.09,3.64,3.64,0.99,1.45,1.47
测量高程点,山大总图 -调整_t6.dwg,图层 地形,5.12,5.12,-137.88,389.15,测量点符号(gc200)的位置,True,False,4.1,3.64,3.64,1.0,1.47,1.49
测量高程点,山大总图 -调整_t6.dwg,图层 地形,5.07,5.07,-103.21,386.49,测量点符号(gc200)的位置,True,False,3.89,3.64,3.64,1.17,1.42,1.44
测量高程点,山大总图 -调整_t6.dwg,图层 地形,5.02,5.02,-101.92,390.34,测量点符号(gc200)的位置,True,False,3.85,3.64,3.64,1.16,1.37,1.39
测量高程点,山大总图 -调整_t6.dwg,图层 地形,4.99,4.99,-72.39,389.69,测量点符号(gc200)的位置,True,False,3.71,3.64,3.64,1.26,1.34,1.36
测量高程点,山大总图 -调整_t6.dwg,图层 地形,4.97,4.97,-62.81,382.48,测量点符号(gc200)的位置,True,False,3.74,3.64,3.64,1.22,1.32,1.34
测量高程点,山大总图 -调整_t6.dwg,图层 地形,5.11,5.11,-132.89,383.57,测量点符号(gc200)的位置,True,False,4.11,3.64,3.64,0.99,1.46,1.48
测量高程点,山大总图 -调整_t6.dwg,图层 地形,5.06,5.06,-117.97,382.34,测量点符号(gc200)的位置,True,False,4.06,3.64,3.64,0.98,1.41,1.43
测量高程点,山大总图 -调整_t6.dwg,图层 地形,5.02,5.02,-103.05,381.1,测量点符号(gc200)的位置,True,False,3.92,3.64,3.64,1.08,1.37,1.39
测量高程点,山大总图 -调整_t6.dwg,图层 地形,5.39,5.39,-151.33,374.07,测量点符号(gc200)的位置,True,False,4.23,3.77,3.99,1.15,1.61,1.41
测量高程点,山大总图 -调整_t6.dwg,图层 地形,6.05,6.05,-162.9,343.01,测量点符号(gc200)的位置,True,False,5.35,5.34,5.24,0.68,0.7,0.81
测量高程点,山大总图 -调整_t6.dwg,图层 地形,6.30,6.3,-156.53,336.31,测量点符号(gc200)的位置,True,False,5.85,5.85,5.77,0.44,0.44,0.54
测量高程点,山大总图 -调整_t6.dwg,图层 地形,6.16,6.16,-170.07,346.02,测量点符号(gc200)的位置,True,False,5.12,5.18,5.18,1.03,0.96,0.98
测量高程点,山大总图 -调整_t6.dwg,图层 地形,6.47,6.47,-165.63,321.59,测量点符号(gc200)的位置,True,False,6.57,6.49,6.41,-0.11,-0.03,0.06
测量高程点,山大总图 -调整_t6.dwg,图层 地形,7.33,7.33,-160.32,290.29,测量点符号(gc200)的位置,True,False,7.76,7.75,7.78,-0.44,-0.44,-0.44
测量高程点,山大总图 -调整_t6.dwg,图层 地形,7.15,7.15,-168.18,295.68,测量点符号(gc200)的位置,True,False,7.58,7.49,7.45,-0.44,-0.36,-0.3
测量高程点,山大总图 -调整_t6.dwg,图层 地形,7.44,7.44,-174.71,217.6,测量点符号(gc200)的位置,True,False,10.17,10.18,10.13,-2.75,-2.76,-2.69
测量高程点,山大总图 -调整_t6.dwg,图层 地形,7.84,7.84,-180.66,224.15,测量点符号(gc200)的位置,True,False,10.09,10.04,10.09,-2.26,-2.21,-2.24
测量高程点,山大总图 -调整_t6.dwg,图层 地形,7.47,7.47,-170.9,271.55,测量点符号(gc200)的位置,True,False,7.59,7.64,7.53,-0.13,-0.18,-0.05
测量高程点,山大总图 -调整_t6.dwg,图层 地形,7.50,7.5,-171.31,256.58,测量点符号(gc200)的位置,True,False,8.5,8.49,8.39,-1.01,-1.0,-0.89
测量高程点,山大总图 -调整_t6.dwg,图层 地形,7.50,7.5,-191.97,299.01,测量点符号(gc200)的位置,True,False,6.79,6.78,6.97,0.7,0.71,0.54
测量高程点,山大总图 -调整_t6.dwg,图层 地形,7.48,7.48,-203.55,295.66,测量点符号(gc200)的位置,True,False,7.32,7.0,7.68,0.14,0.47,-0.2
测量高程点,山大总图 -调整_t6.dwg,图层 地形,7.35,7.35,-211.49,299.5,测量点符号(gc200)的位置,True,False,7.71,6.5,7.04,-0.38,0.84,0.32
测量高程点,山大总图 -调整_t6.dwg,图层 地形,7.77,7.77,-227.22,295.35,测量点符号(gc200)的位置,True,False,8.55,7.66,8.68,-0.79,0.1,-0.91
测量高程点,山大总图 -调整_t6.dwg,图层 地形,7.59,7.59,-220.89,316.46,测量点符号(gc200)的位置,True,False,7.71,6.35,6.53,-0.13,1.23,1.06
测量高程点,山大总图 -调整_t6.dwg,图层 地形,7.56,7.56,-257.03,313.34,测量点符号(gc200)的位置,True,False,7.15,7.17,6.56,0.4,0.38,1.0
测量高程点,山大总图 -调整_t6.dwg,图层 地形,7.54,7.54,-260.08,319.89,测量点符号(gc200)的位置,True,False,7.11,7.13,6.67,0.42,0.4,0.87
测量高程点,山大总图 -调整_t6.dwg,图层 地形,7.71,7.71,-273.01,314.12,测量点符号(gc200)的位置,True,False,7.03,7.44,7.58,0.67,0.26,0.13
测量高程点,山大总图 -调整_t6.dwg,图层 地形,7.27,7.27,-211.23,313.63,测量点符号(gc200)的位置,True,False,7.27,6.29,6.44,-0.01,0.97,0.84
测量高程点,山大总图 -调整_t6.dwg,图层 地形,7.22,7.22,-221.33,318.46,数字左下方0.8 m处(附近没有测量点符号，按常见偏移推),True,False,7.62,6.42,6.88,-0.42,0.79,0.35
测量高程点,山大总图 -调整_t6.dwg,图层 地形,6.26,6.26,-225.8,324.88,测量点符号(gc200)的位置,True,False,7.25,6.77,7.62,-1.01,-0.52,-1.36
测量高程点,山大总图 -调整_t6.dwg,图层 地形,6.23,6.23,-242.89,326.46,测量点符号(gc200)的位置,True,False,6.63,6.65,7.06,-0.41,-0.43,-0.82
测量高程点,山大总图 -调整_t6.dwg,图层 地形,5.88,5.88,-234.3,374.37,测量点符号(gc200)的位置,True,False,6.18,6.13,6.7,-0.31,-0.26,-0.82
测量高程点,山大总图 -调整_t6.dwg,图层 地形,5.97,5.97,-217.14,373.78,测量点符号(gc200)的位置,True,False,5.11,5.19,5.44,0.84,0.77,0.54
测量高程点,山大总图 -调整_t6.dwg,图层 地形,5.39,5.39,-207.16,390.08,测量点符号(gc200)的位置,True,False,4.76,4.13,4.23,0.62,1.25,1.17
测量高程点,山大总图 -调整_t6.dwg,图层 地形,5.42,5.42,-222.07,391.41,测量点符号(gc200)的位置,True,False,5.45,5.27,5.32,-0.04,0.13,0.1
测量高程点,山大总图 -调整_t6.dwg,图层 地形,5.44,5.44,-249.51,394.01,测量点符号(gc200)的位置,True,False,5.84,4.93,5.07,-0.42,0.5,0.37
测量高程点,山大总图 -调整_t6.dwg,图层 地形,5.44,5.44,-264.4,395.53,测量点符号(gc200)的位置,True,False,5.56,4.93,5.07,-0.14,0.5,0.37
测量高程点,山大总图 -调整_t6.dwg,图层 地形,5.44,5.44,-279.3,397.04,测量点符号(gc200)的位置,True,False,5.04,5.05,5.06,0.38,0.38,0.39
测量高程点,山大总图 -调整_t6.dwg,图层 地形,5.43,5.43,-294.19,398.56,测量点符号(gc200)的位置,True,False,4.79,4.8,4.74,0.62,0.61,0.69
测量高程点,山大总图 -调整_t6.dwg,图层 地形,6.02,6.02,-253.36,378.79,测量点符号(gc200)的位置,True,False,6.41,6.31,6.71,-0.4,-0.3,-0.69
测量高程点,山大总图 -调整_t6.dwg,图层 地形,5.66,5.66,-278.7,392.31,测量点符号(gc200)的位置,True,False,5.17,5.14,5.16,0.48,0.5,0.51
测量高程点,山大总图 -调整_t6.dwg,图层 地形,5.61,5.61,-240.29,387.25,测量点符号(gc200)的位置,True,False,6.12,5.12,5.46,-0.53,0.48,0.15
测量高程点,山大总图 -调整_t6.dwg,图层 地形,5.63,5.63,-260.11,389.96,测量点符号(gc200)的位置,True,False,5.85,5.04,5.33,-0.24,0.58,0.3
测量高程点,山大总图 -调整_t6.dwg,图层 地形,6.17,6.17,-268.88,385.51,测量点符号(gc200)的位置,True,False,5.67,5.36,5.94,0.48,0.8,0.24
测量高程点,山大总图 -调整_t6.dwg,图层 地形,6.11,6.11,-284.61,367.63,测量点符号(gc200)的位置,True,False,5.81,5.91,5.67,0.29,0.19,0.44
测量高程点,山大总图 -调整_t6.dwg,图层 地形,6.10,6.1,-255.26,347.36,测量点符号(gc200)的位置,True,False,6.74,6.76,6.47,-0.65,-0.67,-0.37
测量高程点,山大总图 -调整_t6.dwg,图层 地形,5.98,5.98,-254.27,366.96,测量点符号(gc200)的位置,True,False,6.64,6.4,6.39,-0.67,-0.43,-0.4
测量高程点,山大总图 -调整_t6.dwg,图层 地形,6.38,6.38,-289.28,351.79,数字左下方0.8 m处(附近没有测量点符号，按常见偏移推),True,False,6.78,7.32,6.82,-0.41,-0.95,-0.43
测量高程点,山大总图 -调整_t6.dwg,图层 地形,6.32,6.32,-261.04,336.67,测量点符号(gc200)的位置,True,False,7.11,7.11,6.83,-0.8,-0.8,-0.51
测量高程点,山大总图 -调整_t6.dwg,图层 地形,6.26,6.26,-273.72,330.76,测量点符号(gc200)的位置,True,False,7.56,7.47,7.48,-1.31,-1.22,-1.21
测量高程点,山大总图 -调整_t6.dwg,图层 地形,7.11,7.11,-293.78,337.68,测量点符号(gc200)的位置,True,False,7.42,7.43,7.58,-0.33,-0.34,-0.47
测量高程点,山大总图 -调整_t6.dwg,图层 地形,6.56,6.56,-267.15,326.99,数字左下方0.8 m处(附近没有测量点符号，按常见偏移推),True,False,7.41,7.4,7.24,-0.86,-0.85,-0.67
测量高程点,山大总图 -调整_t6.dwg,图层 地形,7.09,7.09,-290.95,314.17,测量点符号(gc200)的位置,True,False,7.35,7.42,6.94,-0.28,-0.35,0.16
测量高程点,山大总图 -调整_t6.dwg,图层 地形,7.54,7.54,-289.34,300.27,测量点符号(gc200)的位置,True,False,7.08,7.56,6.81,0.45,-0.04,0.74
测量高程点,山大总图 -调整_t6.dwg,图层 地形,7.83,7.83,-267.33,299.0,测量点符号(gc200)的位置,True,False,6.83,8.12,7.95,0.99,-0.3,-0.11
测量高程点,山大总图 -调整_t6.dwg,图层 地形,7.81,7.81,-275.79,294.6,测量点符号(gc200)的位置,True,False,6.81,8.2,8.34,0.99,-0.4,-0.52
测量高程点,山大总图 -调整_t6.dwg,图层 地形,7.58,7.58,-196.14,287.35,测量点符号(gc200)的位置,True,False,7.28,7.29,7.68,0.28,0.28,-0.1
测量高程点,山大总图 -调整_t6.dwg,图层 地形,7.60,7.6,-181.23,286.0,测量点符号(gc200)的位置,True,False,7.23,7.32,7.23,0.36,0.27,0.37
测量高程点,山大总图 -调整_t6.dwg,图层 地形,7.54,7.54,-219.92,288.55,数字左下方0.8 m处(附近没有测量点符号，按常见偏移推),True,False,8.4,7.86,8.37,-0.87,-0.34,-0.82
测量高程点,山大总图 -调整_t6.dwg,图层 地形,7.55,7.55,-215.39,284.66,测量点符号(gc200)的位置,True,False,8.29,8.12,8.65,-0.75,-0.58,-1.09
测量高程点,山大总图 -调整_t6.dwg,图层 地形,7.52,7.52,-200.48,283.41,测量点符号(gc200)的位置,True,False,7.59,7.6,7.94,-0.09,-0.09,-0.42
测量高程点,山大总图 -调整_t6.dwg,图层 地形,7.48,7.48,-185.56,282.16,测量点符号(gc200)的位置,True,False,7.26,7.29,7.31,0.21,0.18,0.17
测量高程点,山大总图 -调整_t6.dwg,图层 地形,7.45,7.45,-170.64,280.91,测量点符号(gc200)的位置,True,False,7.46,7.48,7.43,-0.03,-0.04,0.03
测量高程点,山大总图 -调整_t6.dwg,图层 地形,7.63,7.63,-248.35,287.55,测量点符号(gc200)的位置,True,False,8.17,8.21,8.36,-0.55,-0.6,-0.73
测量高程点,山大总图 -调整_t6.dwg,图层 地形,7.66,7.66,-263.26,288.95,测量点符号(gc200)的位置,True,False,7.39,8.21,8.36,0.26,-0.56,-0.7
测量高程点,山大总图 -调整_t6.dwg,图层 地形,7.70,7.7,-278.16,290.35,测量点符号(gc200)的位置,True,False,6.95,8.21,8.36,0.73,-0.53,-0.66
测量高程点,山大总图 -调整_t6.dwg,图层 地形,7.60,7.6,-234.93,286.29,测量点符号(gc200)的位置,True,False,8.54,8.21,8.36,-0.96,-0.63,-0.76
测量高程点,山大总图 -调整_t6.dwg,图层 地形,7.92,7.92,-294.4,284.97,测量点符号(gc200)的位置,True,False,7.81,7.89,7.39,0.1,0.02,0.53
测量高程点,山大总图 -调整_t6.dwg,图层 地形,7.73,7.73,-293.07,291.75,测量点符号(gc200)的位置,True,False,7.47,7.71,7.01,0.24,0.01,0.73
测量高程点,山大总图 -调整_t6.dwg,图层 地形,8.24,8.24,-270.84,271.66,测量点符号(gc200)的位置,True,False,8.31,8.24,8.15,-0.08,-0.01,0.09
测量高程点,山大总图 -调整_t6.dwg,图层 地形,7.87,7.87,-255.55,273.22,数字左下方0.8 m处(附近没有测量点符号，按常见偏移推),True,False,8.25,8.22,8.36,-0.4,-0.36,-0.49
测量高程点,山大总图 -调整_t6.dwg,图层 地形,8.50,8.5,-241.99,244.79,测量点符号(gc200)的位置,True,False,9.43,9.54,9.5,-0.95,-1.05,-1.0
测量高程点,山大总图 -调整_t6.dwg,图层 地形,8.41,8.41,-268.01,257.73,数字左下方0.8 m处(附近没有测量点符号，按常见偏移推),True,False,8.97,8.87,8.8,-0.58,-0.47,-0.38
测量高程点,山大总图 -调整_t6.dwg,图层 地形,8.45,8.45,-254.57,251.4,测量点符号(gc200)的位置,True,False,9.04,9.02,9.03,-0.61,-0.58,-0.58
测量高程点,山大总图 -调整_t6.dwg,图层 地形,8.54,8.54,-189.79,222.36,数字左下方0.8 m处(附近没有测量点符号，按常见偏移推),True,False,10.16,10.06,10.15,-1.64,-1.53,-1.6
测量高程点,山大总图 -调整_t6.dwg,图层 地形,6.66,6.66,-102.56,332.74,测量点符号(gc200)的位置,True,False,5.15,5.15,5.03,1.5,1.49,1.64
测量高程点,山大总图 -调整_t6.dwg,图层 地形,6.22,6.22,-80.87,353.87,数字左下方0.8 m处(附近没有测量点符号，按常见偏移推),True,False,4.14,4.2,4.25,2.07,2.01,1.97
测量高程点,山大总图 -调整_t6.dwg,图层 地形,6.98,6.98,-52.55,301.14,数字左下方0.8 m处(附近没有测量点符号，按常见偏移推),True,False,5.74,5.75,5.67,1.22,1.22,1.31
测量高程点,山大总图 -调整_t6.dwg,图层 地形,7.75,7.75,-96.15,281.12,测量点符号(gc200)的位置,True,False,8.84,8.84,8.83,-1.1,-1.1,-1.07
测量高程点,山大总图 -调整_t6.dwg,图层 地形,9.00,9.0,-84.28,256.57,测量点符号(gc200)的位置,True,False,9.53,9.53,9.45,-0.55,-0.54,-0.45
测量高程点,山大总图 -调整_t6.dwg,图层 地形,9.44,9.44,-69.88,241.52,测量点符号(gc200)的位置,True,False,9.16,9.17,9.41,0.26,0.26,0.04
测量高程点,山大总图 -调整_t6.dwg,图层 地形,9.90,9.9,-66.31,249.01,测量点符号(gc200)的位置,True,False,9.31,9.3,9.52,0.57,0.59,0.39
测量高程点,山大总图 -调整_t6.dwg,图层 地形,9.77,9.77,-66.99,227.07,测量点符号(gc200)的位置,True,False,9.01,9.02,9.93,0.74,0.74,-0.16
测量高程点,山大总图 -调整_t6.dwg,图层 地形,9.77,9.77,-50.48,227.28,测量点符号(gc200)的位置,True,False,8.5,8.49,7.97,1.26,1.26,1.8
测量高程点,山大总图 -调整_t6.dwg,图层 地形,9.71,9.71,-137.43,217.7,测量点符号(gc200)的位置,True,False,12.99,12.97,12.96,-3.3,-3.28,-3.25
测量高程点,山大总图 -调整_t6.dwg,图层 地形,9.80,9.8,-89.86,220.1,测量点符号(gc200)的位置,True,False,9.46,9.47,9.7,0.32,0.32,0.11
测量高程点,山大总图 -调整_t6.dwg,图层 地形,9.54,9.54,-155.81,220.89,测量点符号(gc200)的位置,True,False,11.45,11.45,11.47,-1.92,-1.92,-1.92
测量高程点,山大总图 -调整_t6.dwg,图层 地形,9.37,9.37,-163.55,226.68,测量点符号(gc200)的位置,True,False,10.42,10.42,10.43,-1.06,-1.06,-1.05
测量高程点,山大总图 -调整_t6.dwg,图层 地形,9.30,9.3,-154.44,225.86,测量点符号(gc200)的位置,True,False,10.9,10.91,10.93,-1.62,-1.62,-1.62
测量高程点,山大总图 -调整_t6.dwg,图层 地形,9.93,9.93,-141.42,213.99,测量点符号(gc200)的位置,True,False,13.65,13.62,13.63,-3.74,-3.7,-3.69
测量高程点,山大总图 -调整_t6.dwg,图层 地形,9.46,9.46,-145.05,223.25,数字左下方0.8 m处(附近没有测量点符号，按常见偏移推),True,False,11.89,11.89,11.89,-2.45,-2.44,-2.43
测量高程点,山大总图 -调整_t6.dwg,图层 地形,8.97,8.97,-153.66,239.33,测量点符号(gc200)的位置,True,False,9.37,9.29,9.39,-0.41,-0.34,-0.42
测量高程点,山大总图 -调整_t6.dwg,图层 地形,9.10,9.1,-141.23,237.41,测量点符号(gc200)的位置,True,False,9.92,9.95,9.92,-0.84,-0.87,-0.82
测量高程点,山大总图 -调整_t6.dwg,图层 地形,9.35,9.35,-120.68,232.15,测量点符号(gc200)的位置,True,False,12.09,12.05,12.09,-2.75,-2.72,-2.73
测量高程点,山大总图 -调整_t6.dwg,图层 地形,9.37,9.37,-123.09,216.53,测量点符号(gc200)的位置,True,False,11.89,11.9,11.89,-2.53,-2.54,-2.51
测量高程点,山大总图 -调整_t6.dwg,图层 地形,9.49,9.49,-89.3,238.05,测量点符号(gc200)的位置,True,False,9.15,9.17,8.96,0.33,0.31,0.53
测量高程点,山大总图 -调整_t6.dwg,图层 地形,9.38,9.38,-104.27,237.86,测量点符号(gc200)的位置,True,False,10.66,10.65,10.61,-1.3,-1.29,-1.23
测量高程点,山大总图 -调整_t6.dwg,图层 地形,9.26,9.26,-119.24,237.68,测量点符号(gc200)的位置,True,False,12.13,12.09,12.12,-2.89,-2.84,-2.86
测量高程点,山大总图 -调整_t6.dwg,图层 地形,9.89,9.89,-85.1,249.72,测量点符号(gc200)的位置,True,False,9.25,9.26,9.1,0.62,0.61,0.8
测量高程点,山大总图 -调整_t6.dwg,图层 地形,9.76,9.76,-78.81,220.06,测量点符号(gc200)的位置,True,False,9.27,9.28,9.93,0.47,0.47,-0.16
测量高程点,山大总图 -调整_t6.dwg,图层 地形,8.53,8.53,-100.07,258.58,测量点符号(gc200)的位置,True,False,9.7,9.71,9.68,-1.18,-1.19,-1.14
测量高程点,山大总图 -调整_t6.dwg,图层 地形,9.20,9.2,-66.8,255.64,测量点符号(gc200)的位置,True,False,9.51,9.49,9.7,-0.33,-0.3,-0.49
测量高程点,山大总图 -调整_t6.dwg,图层 地形,7.02,7.02,-83.67,303.63,数字左下方0.8 m处(附近没有测量点符号，按常见偏移推),True,False,6.92,6.92,6.94,0.08,0.08,0.09
测量高程点,山大总图 -调整_t6.dwg,图层 地形,8.27,8.27,-64.87,277.65,测量点符号(gc200)的位置,True,False,8.73,8.71,8.8,-0.47,-0.45,-0.53
测量高程点,山大总图 -调整_t6.dwg,图层 地形,8.89,8.89,-57.45,264.65,测量点符号(gc200)的位置,True,False,8.38,8.38,8.38,0.49,0.5,0.51
测量高程点,山大总图 -调整_t6.dwg,图层 地形,7.40,7.4,-105.66,292.68,测量点符号(gc200)的位置,True,False,7.98,7.98,7.98,-0.59,-0.59,-0.58
测量高程点,山大总图 -调整_t6.dwg,图层 地形,9.16,9.16,-161.7,233.6,测量点符号(gc200)的位置,True,False,9.95,9.95,9.98,-0.81,-0.81,-0.82
测量高程点,山大总图 -调整_t6.dwg,图层 地形,9.26,9.26,-148.01,228.07,测量点符号(gc200)的位置,True,False,10.88,10.89,10.89,-1.63,-1.64,-1.62
测量高程点,山大总图 -调整_t6.dwg,图层 地形,9.37,9.37,-137.07,226.27,测量点符号(gc200)的位置,True,False,11.77,11.77,11.75,-2.42,-2.41,-2.38
测量高程点,山大总图 -调整_t6.dwg,图层 地形,9.38,9.38,-109.49,223.72,测量点符号(gc200)的位置,True,False,10.88,10.88,10.98,-1.51,-1.51,-1.59
测量高程点,山大总图 -调整_t6.dwg,图层 地形,9.18,9.18,-99.16,248.36,测量点符号(gc200)的位置,True,False,9.85,9.86,9.76,-0.69,-0.7,-0.57
测量高程点,山大总图 -调整_t6.dwg,图层 地形,9.71,9.71,-63.83,220.0,测量点符号(gc200)的位置,True,False,9.02,9.02,10.1,0.67,0.68,-0.39
测量高程点,山大总图 -调整_t6.dwg,图层 地形,9.37,9.37,-51.85,254.85,测量点符号(gc200)的位置,True,False,8.05,8.05,7.69,1.31,1.31,1.68
测量高程点,山大总图 -调整_t6.dwg,图层 地形,8.22,8.22,-122.4,259.24,测量点符号(gc200)的位置,True,False,10.55,10.53,10.55,-2.34,-2.32,-2.33
测量高程点,山大总图 -调整_t6.dwg,图层 地形,7.39,7.39,-134.83,277.59,测量点符号(gc200)的位置,True,False,8.55,8.55,8.55,-1.18,-1.17,-1.15
测量高程点,山大总图 -调整_t6.dwg,图层 地形,6.77,6.77,-122.39,313.0,测量点符号(gc200)的位置,True,False,6.82,6.82,6.8,-0.07,-0.07,-0.03
测量高程点,山大总图 -调整_t6.dwg,图层 地形,6.82,6.82,-293.69,345.95,测量点符号(gc200)的位置,True,False,7.13,7.39,6.92,-0.32,-0.58,-0.1
测量高程点,山大总图 -调整_t6.dwg,图层 地形,5.84,5.84,-294.68,387.45,测量点符号(gc200)的位置,True,False,5.2,5.22,5.18,0.62,0.61,0.67
测量高程点,山大总图 -调整_t6.dwg,图层 地形,5.09,5.09,-275.85,460.9,测量点符号(gc200)的位置,True,False,3.92,3.91,4.06,1.15,1.16,1.03
测量高程点,山大总图 -调整_t6.dwg,图层 地形,4.87,4.87,-55.52,377.4,测量点符号(gc200)的位置,True,False,3.77,3.64,3.64,1.09,1.22,1.24
测量高程点,山大总图 -调整_t6.dwg,图层 地形,4.97,4.97,-88.13,379.87,测量点符号(gc200)的位置,True,False,3.79,3.64,3.64,1.16,1.32,1.34
测量高程点,山大总图 -调整_t6.dwg,图层 地形,5.46,5.46,-254.74,417.57,测量点符号(gc200)的位置,True,False,4.69,4.92,5.07,0.75,0.52,0.39
测量高程点,山大总图 -调整_t6.dwg,图层 地形,5.45,5.45,-255.23,408.34,测量点符号(gc200)的位置,True,False,5.11,4.92,5.07,0.33,0.51,0.38
测量高程点,山大总图 -调整_t6.dwg,图层 地形,5.51,5.51,-220.51,411.38,测量点符号(gc200)的位置,True,False,4.72,4.71,4.71,0.78,0.79,0.8
测量高程点,山大总图 -调整_t6.dwg,图层 地形,5.32,5.32,-201.8,407.7,测量点符号(gc200)的位置,True,False,4.3,4.1,4.25,1.01,1.21,1.07
测量高程点,山大总图 -调整_t6.dwg,图层 地形,5.03,5.03,-214.83,443.8,测量点符号(gc200)的位置,True,False,3.91,4.05,3.7,1.1,0.96,1.33
测量高程点,山大总图 -调整_t6.dwg,图层 地形,5.30,5.3,-187.87,400.02,测量点符号(gc200)的位置,True,False,4.02,4.1,4.25,1.26,1.19,1.05
测量高程点,山大总图 -调整_t6.dwg,图层 地形,5.24,5.24,-178.11,404.12,测量点符号(gc200)的位置,True,False,4.0,4.08,3.9,1.22,1.14,1.34
测量高程点,山大总图 -调整_t6.dwg,图层 地形,5.10,5.1,-173.8,422.14,测量点符号(gc200)的位置,True,False,3.98,4.05,3.81,1.11,1.04,1.3
测量高程点,山大总图 -调整_t6.dwg,图层 地形,4.96,4.96,-157.86,406.59,测量点符号(gc200)的位置,True,False,4.05,4.05,4.42,0.9,0.9,0.55
测量高程点,山大总图 -调整_t6.dwg,图层 地形,5.03,5.03,-171.93,436.08,测量点符号(gc200)的位置,True,False,3.9,4.0,3.78,1.11,1.02,1.25
测量高程点,山大总图 -调整_t6.dwg,图层 地形,4.69,4.69,-155.61,447.43,测量点符号(gc200)的位置,True,False,3.88,3.87,4.03,0.79,0.81,0.67
测量高程点,山大总图 -调整_t6.dwg,图层 地形,4.94,4.94,-149.44,397.05,测量点符号(gc200)的位置,True,False,4.09,3.7,3.73,0.84,1.22,1.21
测量高程点,山大总图 -调整_t6.dwg,图层 地形,4.57,4.57,-56.79,450.29,测量点符号(gc200)的位置,True,False,3.48,3.64,3.64,1.08,0.92,0.94
测量高程点,山大总图 -调整_t6.dwg,图层 地形,4.68,4.68,-87.27,417.77,测量点符号(gc200)的位置,True,False,3.63,3.64,3.64,1.04,1.03,1.05
测量高程点,山大总图 -调整_t6.dwg,图层 地形,4.64,4.64,-133.36,428.14,测量点符号(gc200)的位置,True,False,3.82,3.64,3.64,0.81,0.99,1.01
测量高程点,山大总图 -调整_t6.dwg,图层 地形,4.79,4.79,-143.83,394.7,测量点符号(gc200)的位置,True,False,4.09,3.64,3.64,0.69,1.14,1.16
测量高程点,山大总图 -调整_t6.dwg,图层 地形,5.25,5.25,-179.82,412.04,测量点符号(gc200)的位置,True,False,4.0,4.1,4.08,1.24,1.14,1.17
测量高程点,山大总图 -调整_t6.dwg,图层 地形,5.55,5.55,-220.87,416.99,测量点符号(gc200)的位置,True,False,4.46,4.54,4.51,1.07,0.99,1.04
测量高程点,山大总图 -调整_t6.dwg,图层 地形,5.76,5.76,-204.44,380.18,测量点符号(gc200)的位置,True,False,4.77,4.63,4.97,0.97,1.12,0.8
测量高程点,山大总图 -调整_t6.dwg,图层 地形,5.81,5.81,-174.6,369.85,测量点符号(gc200)的位置,True,False,4.6,4.61,4.66,1.2,1.19,1.15
测量高程点,山大总图 -调整_t6.dwg,图层 地形,6.87,6.87,-197.98,318.29,测量点符号(gc200)的位置,True,False,6.04,6.29,6.44,0.81,0.57,0.44
测量高程点,山大总图 -调整_t6.dwg,图层 地形,6.16,6.16,-237.18,336.53,测量点符号(gc200)的位置,True,False,6.31,6.32,6.75,-0.16,-0.17,-0.58
测量高程点,山大总图 -调整_t6.dwg,图层 地形,6.05,6.05,-218.06,351.2,测量点符号(gc200)的位置,True,False,5.66,6.19,5.49,0.38,-0.15,0.57
测量高程点,山大总图 -调整_t6.dwg,图层 地形,7.12,7.12,-204.58,312.37,测量点符号(gc200)的位置,True,False,6.77,6.3,6.48,0.34,0.8,0.65
测量高程点,山大总图 -调整_t6.dwg,图层 地形,7.72,7.72,-244.01,291.65,测量点符号(gc200)的位置,True,False,8.36,8.22,8.43,-0.65,-0.52,-0.71
测量高程点,山大总图 -调整_t6.dwg,图层 地形,5.71,5.71,-161.59,357.93,测量点符号(gc200)的位置,True,False,4.71,4.72,4.75,0.98,0.97,0.96
测量高程点,山大总图 -调整_t6.dwg,图层 地形,5.19,5.19,-158.32,385.66,测量点符号(gc200)的位置,True,False,4.16,4.16,4.55,1.01,1.01,0.64
测量高程点,山大总图 -调整_t6.dwg,图层 地形,6.27,6.27,-163.77,332.99,测量点符号(gc200)的位置,True,False,5.89,5.86,5.76,0.37,0.4,0.52
测量高程点,山大总图 -调整_t6.dwg,图层 地形,6.86,6.86,-165.73,310.38,测量点符号(gc200)的位置,True,False,7.23,7.14,7.03,-0.38,-0.29,-0.16
测量高程点,山大总图 -调整_t6.dwg,图层 地形,5.29,5.29,-160.92,374.11,测量点符号(gc200)的位置,True,False,4.3,4.35,4.58,0.97,0.93,0.72
测量高程点,山大总图 -调整_t6.dwg,图层 地形,5.35,5.35,-188.62,388.43,测量点符号(gc200)的位置,True,False,4.24,4.11,4.25,1.09,1.23,1.11
测量高程点,山大总图 -调整_t6.dwg,图层 地形,5.45,5.45,-236.98,392.73,测量点符号(gc200)的位置,True,False,5.84,4.93,5.07,-0.41,0.51,0.38
测量高程点,山大总图 -调整_t6.dwg,图层 地形,6.18,6.18,-261.07,377.23,数字左下方0.8 m处(附近没有测量点符号，按常见偏移推),True,False,6.17,6.17,6.41,-0.01,0.0,-0.23
测量高程点,山大总图 -调整_t6.dwg,图层 地形,8.20,8.2,-242.39,258.27,测量点符号(gc200)的位置,True,False,8.72,8.76,8.76,-0.54,-0.57,-0.55
测量高程点,山大总图 -调整_t6.dwg,图层 地形,8.01,8.01,-249.25,266.51,数字左下方0.8 m处(附近没有测量点符号，按常见偏移推),True,False,8.41,8.38,7.96,-0.41,-0.38,0.06
测量高程点,山大总图 -调整_t6.dwg,图层 地形,6.19,6.19,-220.5,339.38,测量点符号(gc200)的位置,True,False,6.43,6.29,6.43,-0.25,-0.12,-0.24
测量高程点,山大总图 -调整_t6.dwg,图层 地形,6.02,6.02,-249.33,352.94,测量点符号(gc200)的位置,True,False,6.64,6.64,6.42,-0.64,-0.63,-0.4
测量高程点,山大总图 -调整_t6.dwg,图层 地形,5.36,5.36,-279.1,453.92,测量点符号(gc200)的位置,True,False,3.92,3.91,4.06,1.43,1.43,1.3
测量高程点,山大总图 -调整_t6.dwg,图层 地形,5.30,5.3,-293.63,444.67,测量点符号(gc200)的位置,True,False,3.87,3.89,3.68,1.41,1.4,1.63
测量高程点,山大总图 -调整_t6.dwg,图层 地形,5.44,5.44,-293.74,428.9,测量点符号(gc200)的位置,True,False,4.08,4.08,3.96,1.35,1.35,1.48
测量高程点,山大总图 -调整_t6.dwg,图层 地形,5.37,5.37,-281.58,419.62,测量点符号(gc200)的位置,True,False,4.43,4.49,4.49,0.92,0.86,0.88
测量高程点,山大总图 -调整_t6.dwg,图层 地形,5.48,5.48,-286.11,407.97,测量点符号(gc200)的位置,True,False,4.61,4.62,4.53,0.86,0.85,0.95
测量高程点,山大总图 -调整_t6.dwg,图层 地形,5.89,5.89,-281.0,382.27,测量点符号(gc200)的位置,True,False,5.33,5.35,5.36,0.55,0.52,0.54
测量高程点,山大总图 -调整_t6.dwg,图层 地形,7.09,7.09,-290.73,320.37,测量点符号(gc200)的位置,True,False,7.48,7.44,7.29,-0.41,-0.36,-0.19
测量高程点,山大总图 -调整_t6.dwg,图层 地形,6.94,6.94,-287.75,336.52,测量点符号(gc200)的位置,True,False,7.5,7.43,7.58,-0.58,-0.51,-0.64
测量高程点,山大总图 -调整_t6.dwg,图层 地形,7.72,7.72,-256.21,283.21,测量点符号(gc200)的位置,True,False,7.92,8.21,8.36,-0.22,-0.51,-0.64
测量高程点,山大总图 -调整_t6.dwg,图层 地形,7.78,7.78,-258.72,278.72,测量点符号(gc200)的位置,True,False,8.03,8.21,8.36,-0.26,-0.45,-0.58
测量高程点,山大总图 -调整_t6.dwg,图层 地形,7.87,7.87,-290.7,295.96,测量点符号(gc200)的位置,True,False,7.21,7.66,6.81,0.65,0.19,1.06
测量高程点,山大总图 -调整_t6.dwg,图层 地形,7.72,7.72,-255.15,292.71,测量点符号(gc200)的位置,True,False,7.71,8.17,7.86,-0.01,-0.46,-0.13
测量高程点,山大总图 -调整_t6.dwg,图层 地形,6.06,6.06,-263.37,358.44,测量点符号(gc200)的位置,True,False,6.57,6.92,6.32,-0.52,-0.88,-0.26
测量高程点,山大总图 -调整_t6.dwg,图层 地形,6.04,6.04,-269.14,387.12,测量点符号(gc200)的位置,True,False,5.63,5.23,5.9,0.4,0.8,0.14
测量高程点,山大总图 -调整_t6.dwg,图层 地形,7.01,7.01,-282.75,323.4,测量点符号(gc200)的位置,True,False,7.5,7.43,7.58,-0.51,-0.44,-0.57
测量高程点,山大总图 -调整_t6.dwg,图层 地形,7.69,7.69,-272.53,299.25,测量点符号(gc200)的位置,True,False,6.81,8.07,7.59,0.87,-0.4,0.11
测量高程点,山大总图 -调整_t6.dwg,图层 地形,7.09,7.09,-284.2,316.38,测量点符号(gc200)的位置,True,False,7.26,7.43,7.58,-0.18,-0.36,-0.49
测量高程点,山大总图 -调整_t6.dwg,图层 地形,7.54,7.54,-171.72,241.62,测量点符号(gc200)的位置,True,False,9.63,9.61,9.61,-2.11,-2.08,-2.07
测量高程点,山大总图 -调整_t6.dwg,图层 地形,8.75,8.75,-234.94,223.47,测量点符号(gc200)的位置,True,False,10.09,10.0,9.98,-1.35,-1.26,-1.23
测量高程点,山大总图 -调整_t6.dwg,图层 地形,8.49,8.49,-239.22,237.74,数字左下方0.8 m处(附近没有测量点符号，按常见偏移推),True,False,9.75,9.87,9.81,-1.28,-1.39,-1.31
测量高程点,山大总图 -调整_t6.dwg,图层 地形,9.11,9.11,-254.59,219.3,测量点符号(gc200)的位置,True,False,10.28,10.28,10.17,-1.18,-1.18,-1.06
测量高程点,山大总图 -调整_t6.dwg,图层 地形,7.57,7.57,-290.47,275.1,测量点符号(gc200)的位置,True,False,8.12,8.16,7.62,-0.57,-0.61,-0.05
测量高程点,山大总图 -调整_t6.dwg,图层 地形,7.61,7.61,-163.88,262.63,测量点符号(gc200)的位置,True,False,8.05,8.05,8.01,-0.45,-0.45,-0.4
测量高程点,山大总图 -调整_t6.dwg,图层 地形,6.57,6.57,-148.99,307.76,数字左下方0.8 m处(附近没有测量点符号，按常见偏移推),True,False,7.33,7.33,7.39,-0.78,-0.77,-0.82
测量高程点,山大总图 -调整_t6.dwg,图层 地形,5.56,5.56,-126.24,365.45,测量点符号(gc200)的位置,True,False,4.27,3.84,4.14,1.27,1.71,1.43
测量高程点,山大总图 -调整_t6.dwg,图层 地形,6.46,6.46,-121.09,332.03,数字左下方0.8 m处(附近没有测量点符号，按常见偏移推),True,False,5.88,5.89,5.76,0.57,0.56,0.71
测量高程点,山大总图 -调整_t6.dwg,图层 地形,5.13,5.13,-76.17,364.03,测量点符号(gc200)的位置,True,False,3.89,3.67,3.68,1.22,1.45,1.45
测量高程点,山大总图 -调整_t6.dwg,图层 地形,6.78,6.78,-56.11,314.43,测量点符号(gc200)的位置,True,False,5.29,5.29,5.27,1.48,1.48,1.52
测量高程点,山大总图 -调整_t6.dwg,图层 地形,6.57,6.57,-63.26,327.58,测量点符号(gc200)的位置,True,False,4.97,4.96,4.93,1.59,1.59,1.65
测量高程点,山大总图 -调整_t6.dwg,图层 地形,6.37,6.37,-70.4,340.74,测量点符号(gc200)的位置,True,False,4.59,4.58,4.64,1.77,1.78,1.74
测量高程点,山大总图 -调整_t6.dwg,图层 地形,6.88,6.88,-88.96,315.43,测量点符号(gc200)的位置,True,False,6.05,6.06,6.06,0.81,0.81,0.82
测量高程点,山大总图 -调整_t6.dwg,图层 地形,6.91,6.91,-180.8,313.71,测量点符号(gc200)的位置,True,False,6.36,6.4,6.1,0.53,0.5,0.82
测量高程点,山大总图 -调整_t6.dwg,图层 地形,6.05,6.05,-180.18,342.54,数字左下方0.8 m处(附近没有测量点符号，按常见偏移推),True,False,5.08,5.32,4.84,0.95,0.72,1.22
测量高程点,山大总图 -调整_t6.dwg,图层 地形,6.00,6.0,-204.69,374.13,数字左下方0.8 m处(附近没有测量点符号，按常见偏移推),True,False,4.86,4.87,5.03,1.13,1.12,0.98
测量高程点,山大总图 -调整_t6.dwg,图层 地形,9.44,9.44,-340.73,215.1,数字左下方0.8 m处(附近没有测量点符号，按常见偏移推),True,False,12.38,11.79,11.94,-2.95,-2.37,-2.49
测量高程点,山大总图 -调整_t6.dwg,图层 地形,9.09,9.09,-324.71,214.12,数字左下方0.8 m处(附近没有测量点符号，按常见偏移推),True,False,11.8,11.79,11.94,-2.73,-2.71,-2.84
测量高程点,山大总图 -调整_t6.dwg,图层 地形,9.08,9.08,-311.11,214.07,数字左下方0.8 m处(附近没有测量点符号，按常见偏移推),True,False,11.59,11.76,11.63,-2.53,-2.69,-2.54
测量高程点,山大总图 -调整_t6.dwg,图层 地形,9.14,9.14,-299.88,216.59,数字左下方0.8 m处(附近没有测量点符号，按常见偏移推),True,False,11.72,11.74,11.59,-2.59,-2.61,-2.45
测量高程点,山大总图 -调整_t6.dwg,图层 地形,9.19,9.19,-300.39,219.76,数字左下方0.8 m处(附近没有测量点符号，按常见偏移推),True,False,11.66,11.67,11.53,-2.49,-2.49,-2.33
测量高程点,山大总图 -调整_t6.dwg,图层 地形,9.06,9.06,-310.73,222.01,数字左下方0.8 m处(附近没有测量点符号，按常见偏移推),True,False,11.53,11.55,11.5,-2.48,-2.5,-2.43
测量高程点,山大总图 -调整_t6.dwg,图层 地形,9.16,9.16,-330.68,225.54,数字左下方0.8 m处(附近没有测量点符号，按常见偏移推),True,False,11.98,11.88,11.93,-2.84,-2.73,-2.76
测量高程点,山大总图 -调整_t6.dwg,图层 地形,8.47,8.47,-333.28,232.54,数字左下方0.8 m处(附近没有测量点符号，按常见偏移推),True,False,12.01,11.97,11.98,-3.56,-3.52,-3.5
测量高程点,山大总图 -调整_t6.dwg,图层 地形,8.52,8.52,-321.15,231.28,数字左下方0.8 m处(附近没有测量点符号，按常见偏移推),True,False,11.6,11.45,11.58,-3.09,-2.94,-3.05
测量高程点,山大总图 -调整_t6.dwg,图层 地形,8.46,8.46,-300.91,225.8,数字左下方0.8 m处(附近没有测量点符号，按常见偏移推),True,False,11.54,11.48,11.4,-3.09,-3.04,-2.94
测量高程点,山大总图 -调整_t6.dwg,图层 地形,8.35,8.35,-333.24,251.18,数字左下方0.8 m处(附近没有测量点符号，按常见偏移推),True,False,11.66,11.33,11.48,-3.32,-2.99,-3.12
测量高程点,山大总图 -调整_t6.dwg,图层 地形,7.69,7.69,-318.49,262.86,数字左下方0.8 m处(附近没有测量点符号，按常见偏移推),True,False,10.57,10.37,10.44,-2.9,-2.7,-2.75
测量高程点,山大总图 -调整_t6.dwg,图层 地形,7.74,7.74,-312.03,258.29,数字左下方0.8 m处(附近没有测量点符号，按常见偏移推),True,False,10.4,10.36,10.47,-2.68,-2.63,-2.72
测量高程点,山大总图 -调整_t6.dwg,图层 地形,7.81,7.81,-300.77,257.2,数字左下方0.8 m处(附近没有测量点符号，按常见偏移推),True,False,9.89,9.83,9.77,-2.09,-2.03,-1.96
测量高程点,山大总图 -调整_t6.dwg,图层 地形,8.44,8.44,-305.04,253.18,数字左下方0.8 m处(附近没有测量点符号，按常见偏移推),True,False,10.35,10.41,10.33,-1.92,-1.98,-1.89
测量高程点,山大总图 -调整_t6.dwg,图层 地形,8.51,8.51,-317.34,255.07,数字左下方0.8 m处(附近没有测量点符号，按常见偏移推),True,False,10.82,11.06,10.89,-2.32,-2.57,-2.37
测量高程点,山大总图 -调整_t6.dwg,图层 地形,8.51,8.51,-324.41,260.27,数字左下方0.8 m处(附近没有测量点符号，按常见偏移推),True,False,10.98,10.86,10.99,-2.48,-2.36,-2.48
测量高程点,山大总图 -调整_t6.dwg,图层 地形,8.54,8.54,-322.88,249.17,数字左下方0.8 m处(附近没有测量点符号，按常见偏移推),True,False,11.29,11.32,11.48,-2.77,-2.8,-2.93
测量高程点,山大总图 -调整_t6.dwg,图层 地形,8.60,8.6,-310.88,247.24,数字左下方0.8 m处(附近没有测量点符号，按常见偏移推),True,False,10.88,11.2,10.95,-2.29,-2.62,-2.35
测量高程点,山大总图 -调整_t6.dwg,图层 地形,8.59,8.59,-302.32,240.67,数字左下方0.8 m处(附近没有测量点符号，按常见偏移推),True,False,11.01,11.32,11.48,-2.43,-2.75,-2.88
测量高程点,山大总图 -调整_t6.dwg,图层 地形,7.55,7.55,-300.28,279.99,数字左下方0.8 m处(附近没有测量点符号，按常见偏移推),True,False,8.49,8.5,8.27,-0.96,-0.96,-0.72
测量高程点,山大总图 -调整_t6.dwg,图层 地形,7.74,7.74,-309.39,282.15,数字左下方0.8 m处(附近没有测量点符号，按常见偏移推),True,False,9.23,9.22,9.3,-1.5,-1.5,-1.56
测量高程点,山大总图 -调整_t6.dwg,图层 地形,7.77,7.77,-321.81,283.92,数字左下方0.8 m处(附近没有测量点符号，按常见偏移推),True,False,9.93,9.92,10.06,-2.17,-2.16,-2.28
测量高程点,山大总图 -调整_t6.dwg,图层 地形,7.75,7.75,-304.93,274.93,数字左下方0.8 m处(附近没有测量点符号，按常见偏移推),True,False,9.11,9.13,9.01,-1.37,-1.39,-1.26
测量高程点,山大总图 -调整_t6.dwg,图层 地形,5.60,5.6,-332.47,429.54,测量点符号(gc200)的位置,True,False,4.84,3.79,3.93,0.74,1.8,1.67
测量高程点,山大总图 -调整_t6.dwg,图层 地形,7.70,7.7,-332.77,307.8,测量点符号(gc200)的位置,True,False,9.27,9.36,9.37,-1.59,-1.68,-1.67
测量高程点,山大总图 -调整_t6.dwg,图层 地形,7.24,7.24,-330.44,322.74,测量点符号(gc200)的位置,True,False,9.05,9.16,9.19,-1.82,-1.93,-1.94
测量高程点,山大总图 -调整_t6.dwg,图层 地形,6.41,6.41,-332.71,358.89,测量点符号(gc200)的位置,True,False,8.11,8.11,7.75,-1.71,-1.71,-1.34
测量高程点,山大总图 -调整_t6.dwg,图层 地形,5.75,5.75,-361.35,417.01,测量点符号(gc200)的位置,True,False,5.85,3.78,3.93,-0.11,1.96,1.83
测量高程点,山大总图 -调整_t6.dwg,图层 地形,8.86,8.86,-360.3,235.06,测量点符号(gc200)的位置,True,False,11.66,11.82,11.86,-2.81,-2.98,-3.0
测量高程点,山大总图 -调整_t6.dwg,图层 地形,8.87,8.87,-359.23,237.77,测量点符号(gc200)的位置,True,False,11.61,11.79,11.81,-2.76,-2.93,-2.94
测量高程点,山大总图 -调整_t6.dwg,图层 地形,8.91,8.91,-340.32,236.42,测量点符号(gc200)的位置,True,False,12.08,11.89,12.15,-3.18,-3.0,-3.23
测量高程点,山大总图 -调整_t6.dwg,图层 地形,8.96,8.96,-346.16,236.78,测量点符号(gc200)的位置,True,False,12.01,11.94,12.18,-3.06,-2.99,-3.22
测量高程点,山大总图 -调整_t6.dwg,图层 地形,8.58,8.58,-345.92,253.76,测量点符号(gc200)的位置,True,False,11.77,11.65,11.59,-3.2,-3.08,-3.0
测量高程点,山大总图 -调整_t6.dwg,图层 地形,7.11,7.11,-343.88,353.08,测量点符号(gc200)的位置,True,False,8.71,8.98,8.07,-1.61,-1.89,-0.96
测量高程点,山大总图 -调整_t6.dwg,图层 地形,6.52,6.52,-345.83,367.63,测量点符号(gc200)的位置,True,False,7.75,8.78,7.87,-1.24,-2.27,-1.34
测量高程点,山大总图 -调整_t6.dwg,图层 地形,6.41,6.41,-340.56,362.51,测量点符号(gc200)的位置,True,False,7.99,8.27,7.22,-1.59,-1.87,-0.81
测量高程点,山大总图 -调整_t6.dwg,图层 地形,6.74,6.74,-359.5,358.36,测量点符号(gc200)的位置,True,False,8.75,9.59,9.74,-2.02,-2.87,-3.0
测量高程点,山大总图 -调整_t6.dwg,图层 地形,6.51,6.51,-345.16,357.02,测量点符号(gc200)的位置,True,False,8.47,8.95,7.67,-1.97,-2.46,-1.16
测量高程点,山大总图 -调整_t6.dwg,图层 地形,5.44,5.44,-351.81,461.07,测量点符号(gc200)的位置,True,False,4.32,3.79,3.93,1.11,1.64,1.52
测量高程点,山大总图 -调整_t6.dwg,图层 地形,5.71,5.71,-346.98,416.55,测量点符号(gc200)的位置,True,False,5.8,3.78,3.93,-0.1,1.92,1.79
测量高程点,山大总图 -调整_t6.dwg,图层 地形,5.68,5.68,-337.86,416.1,测量点符号(gc200)的位置,True,False,5.59,3.89,4.92,0.08,1.78,0.76
测量高程点,山大总图 -调整_t6.dwg,图层 地形,5.74,5.74,-340.16,429.06,测量点符号(gc200)的位置,True,False,5.2,3.78,4.68,0.53,1.94,1.07
测量高程点,山大总图 -调整_t6.dwg,图层 地形,5.43,5.43,-342.36,453.16,数字左下方0.8 m处(附近没有测量点符号，按常见偏移推),True,False,4.09,3.89,4.64,1.32,1.53,0.79
测量高程点,山大总图 -调整_t6.dwg,图层 地形,5.48,5.48,-337.23,455.49,数字左下方0.8 m处(附近没有测量点符号，按常见偏移推),True,False,3.86,3.79,4.06,1.6,1.67,1.43
测量高程点,山大总图 -调整_t6.dwg,图层 地形,5.43,5.43,-334.64,448.79,数字左下方0.8 m处(附近没有测量点符号，按常见偏移推),True,False,4.04,3.78,3.92,1.38,1.63,1.51
测量高程点,山大总图 -调整_t6.dwg,图层 地形,5.67,5.67,-337.5,402.05,测量点符号(gc200)的位置,True,False,5.9,4.52,6.16,-0.25,1.14,-0.48
测量高程点,山大总图 -调整_t6.dwg,图层 地形,7.78,7.78,-341.37,294.5,测量点符号(gc200)的位置,True,False,9.6,9.65,9.52,-1.83,-1.88,-1.73
测量高程点,山大总图 -调整_t6.dwg,图层 地形,7.67,7.67,-335.62,302.86,测量点符号(gc200)的位置,True,False,9.36,9.48,9.48,-1.7,-1.82,-1.8
测量高程点,山大总图 -调整_t6.dwg,图层 地形,7.48,7.48,-352.29,338.27,测量点符号(gc200)的位置,True,False,9.6,9.59,9.16,-2.13,-2.12,-1.67
测量高程点,山大总图 -调整_t6.dwg,图层 地形,7.51,7.51,-362.4,345.62,测量点符号(gc200)的位置,True,False,9.34,9.59,9.74,-1.84,-2.1,-2.23
测量高程点,山大总图 -调整_t6.dwg,图层 地形,7.77,7.77,-363.97,306.27,数字左下方0.8 m处(附近没有测量点符号，按常见偏移推),True,False,9.45,9.55,9.7,-1.69,-1.79,-1.92
测量高程点,山大总图 -调整_t6.dwg,图层 地形,7.71,7.71,-344.25,311.84,测量点符号(gc200)的位置,True,False,9.46,9.5,9.55,-1.76,-1.81,-1.84
测量高程点,山大总图 -调整_t6.dwg,图层 地形,7.44,7.44,-337.28,336.71,测量点符号(gc200)的位置,True,False,9.29,9.27,9.2,-1.86,-1.84,-1.75
测量高程点,山大总图 -调整_t6.dwg,图层 地形,5.81,5.81,-336.84,396.81,测量点符号(gc200)的位置,True,False,6.04,5.35,6.83,-0.24,0.45,-1.02
测量高程点,山大总图 -调整_t6.dwg,图层 地形,6.31,6.31,-361.82,381.68,测量点符号(gc200)的位置,True,False,7.76,8.09,8.74,-1.46,-1.79,-2.42
测量高程点,山大总图 -调整_t6.dwg,图层 地形,8.38,8.38,-348.36,291.24,测量点符号(gc200)的位置,True,False,9.85,9.57,9.8,-1.48,-1.21,-1.41
测量高程点,山大总图 -调整_t6.dwg,图层 地形,8.52,8.52,-345.2,271.65,测量点符号(gc200)的位置,True,False,11.11,11.02,11.05,-2.6,-2.51,-2.53
测量高程点,山大总图 -调整_t6.dwg,图层 地形,7.52,7.52,-337.87,324.94,测量点符号(gc200)的位置,True,False,9.47,9.34,9.49,-1.96,-1.83,-1.97
测量高程点,山大总图 -调整_t6.dwg,图层 地形,7.83,7.83,-355.34,316.61,测量点符号(gc200)的位置,True,False,9.58,9.57,9.64,-1.77,-1.75,-1.8
测量高程点,山大总图 -调整_t6.dwg,图层 地形,10.00,10.0,-341.93,223.73,测量点符号(gc200)的位置,True,False,12.28,11.89,12.14,-2.3,-1.9,-2.13
测量高程点,山大总图 -调整_t6.dwg,图层 地形,10.11,10.11,-352.11,222.06,数字左下方0.8 m处(附近没有测量点符号，按常见偏移推),True,False,12.35,12.02,12.63,-2.25,-1.92,-2.52
测量高程点,山大总图 -调整_t6.dwg,图层 地形,9.87,9.87,-349.5,230.36,数字左下方0.8 m处(附近没有测量点符号，按常见偏移推),True,False,12.09,12.03,12.31,-2.23,-2.17,-2.44
测量高程点,山大总图 -调整_t6.dwg,图层 地形,8.41,8.41,-340.33,262.38,测量点符号(gc200)的位置,True,False,11.46,11.19,11.3,-3.06,-2.79,-2.89
测量高程点,山大总图 -调整_t6.dwg,图层 地形,6.70,6.7,-356.18,360.44,测量点符号(gc200)的位置,True,False,8.54,9.58,9.74,-1.86,-2.89,-3.03
测量高程点,山大总图 -调整_t6.dwg,图层 地形,7.47,7.47,-361.19,354.16,测量点符号(gc200)的位置,True,False,8.98,9.59,9.74,-1.53,-2.14,-2.27
测量高程点,山大总图 -调整_t6.dwg,图层 地形,8.55,8.55,-342.9,284.45,测量点符号(gc200)的位置,True,False,10.19,9.98,10.08,-1.65,-1.44,-1.52
测量高程点,山大总图 -调整_t6.dwg,图层 地形,8.56,8.56,-354.41,292.55,测量点符号(gc200)的位置,True,False,9.88,9.55,9.7,-1.34,-1.0,-1.13
测量高程点,山大总图 -调整_t6.dwg,图层 地形,7.58,7.58,-339.17,331.18,测量点符号(gc200)的位置,True,False,9.51,9.44,9.46,-1.94,-1.87,-1.88
测量高程点,山大总图 -调整_t6.dwg,图层 地形,7.74,7.74,-340.47,317.18,测量点符号(gc200)的位置,True,False,9.49,9.44,9.58,-1.76,-1.71,-1.83
测量高程点,山大总图 -调整_t6.dwg,图层 地形,6.79,6.79,-345.61,375.21,测量点符号(gc200)的位置,True,False,7.25,8.36,7.66,-0.47,-1.59,-0.86
测量高程点,山大总图 -调整_t6.dwg,图层 地形,5.80,5.8,-356.26,403.39,数字左下方0.8 m处(附近没有测量点符号，按常见偏移推),True,False,6.36,4.28,6.85,-0.58,1.51,-1.04
测量高程点,山大总图 -调整_t6.dwg,图层 地形,7.19,7.19,-344.55,342.59,测量点符号(gc200)的位置,True,False,9.35,9.41,8.94,-2.17,-2.23,-1.75
测量高程点,山大总图 -调整_t6.dwg,图层 地形,7.89,7.89,-313.32,288.21,测量点符号(gc200)的位置,True,False,9.35,9.34,9.51,-1.48,-1.47,-1.62
测量高程点,山大总图 -调整_t6.dwg,图层 地形,7.12,7.12,-322.06,329.62,测量点符号(gc200)的位置,True,False,8.34,7.9,8.53,-1.23,-0.79,-1.41
测量高程点,山大总图 -调整_t6.dwg,图层 地形,7.01,7.01,-315.66,334.54,测量点符号(gc200)的位置,True,False,7.86,7.46,7.57,-0.86,-0.46,-0.55
测量高程点,山大总图 -调整_t6.dwg,图层 地形,6.92,6.92,-329.79,340.09,测量点符号(gc200)的位置,True,False,8.71,8.69,8.74,-1.8,-1.79,-1.82
测量高程点,山大总图 -调整_t6.dwg,图层 地形,6.47,6.47,-305.98,368.28,测量点符号(gc200)的位置,True,False,6.78,6.77,6.66,-0.32,-0.32,-0.19
测量高程点,山大总图 -调整_t6.dwg,图层 地形,6.34,6.34,-307.24,354.25,测量点符号(gc200)的位置,True,False,7.3,7.32,7.28,-0.98,-0.99,-0.94
测量高程点,山大总图 -调整_t6.dwg,图层 地形,6.27,6.27,-311.18,367.59,测量点符号(gc200)的位置,True,False,7.14,7.14,7.17,-0.89,-0.88,-0.9
测量高程点,山大总图 -调整_t6.dwg,图层 地形,5.48,5.48,-302.76,409.06,测量点符号(gc200)的位置,True,False,4.57,4.57,4.43,0.9,0.9,1.05
测量高程点,山大总图 -调整_t6.dwg,图层 地形,5.68,5.68,-301.43,394.13,测量点符号(gc200)的位置,True,False,5.18,5.18,5.1,0.49,0.49,0.59
测量高程点,山大总图 -调整_t6.dwg,图层 地形,5.85,5.85,-302.38,376.61,测量点符号(gc200)的位置,True,False,6.12,6.13,5.95,-0.29,-0.29,-0.1
测量高程点,山大总图 -调整_t6.dwg,图层 地形,6.32,6.32,-326.12,365.91,测量点符号(gc200)的位置,True,False,7.68,7.65,7.52,-1.38,-1.34,-1.2
测量高程点,山大总图 -调整_t6.dwg,图层 地形,6.27,6.27,-324.26,362.49,测量点符号(gc200)的位置,True,False,7.81,7.81,7.81,-1.56,-1.55,-1.54
测量高程点,山大总图 -调整_t6.dwg,图层 地形,5.88,5.88,-317.24,393.8,测量点符号(gc200)的位置,True,False,5.89,5.94,6.14,-0.02,-0.08,-0.26
测量高程点,山大总图 -调整_t6.dwg,图层 地形,6.27,6.27,-330.5,364.86,测量点符号(gc200)的位置,True,False,7.76,7.76,7.38,-1.51,-1.5,-1.11
测量高程点,山大总图 -调整_t6.dwg,图层 地形,5.39,5.39,-313.52,456.17,测量点符号(gc200)的位置,True,False,3.85,3.86,3.78,1.53,1.52,1.62
测量高程点,山大总图 -调整_t6.dwg,图层 地形,5.30,5.3,-301.66,451.13,测量点符号(gc200)的位置,True,False,3.82,3.9,3.77,1.46,1.39,1.54
测量高程点,山大总图 -调整_t6.dwg,图层 地形,7.70,7.7,-305.06,297.01,测量点符号(gc200)的位置,True,False,8.4,8.4,8.31,-0.72,-0.72,-0.61
测量高程点,山大总图 -调整_t6.dwg,图层 地形,5.68,5.68,-326.36,409.55,测量点符号(gc200)的位置,True,False,5.32,5.12,5.73,0.35,0.55,-0.04
测量高程点,山大总图 -调整_t6.dwg,图层 地形,5.59,5.59,-329.74,435.33,测量点符号(gc200)的位置,True,False,4.47,3.8,3.93,1.11,1.77,1.66
测量高程点,山大总图 -调整_t6.dwg,图层 地形,5.49,5.49,-314.48,432.83,测量点符号(gc200)的位置,True,False,4.05,4.18,4.35,1.43,1.3,1.15
测量高程点,山大总图 -调整_t6.dwg,图层 地形,5.40,5.4,-318.75,461.47,测量点符号(gc200)的位置,True,False,3.8,3.82,3.82,1.59,1.57,1.59
测量高程点,山大总图 -调整_t6.dwg,图层 地形,5.56,5.56,-318.97,413.96,测量点符号(gc200)的位置,True,False,4.8,4.95,4.98,0.74,0.59,0.59
测量高程点,山大总图 -调整_t6.dwg,图层 地形,5.43,5.43,-322.16,448.11,测量点符号(gc200)的位置,True,False,3.93,3.93,4.0,1.48,1.49,1.44
测量高程点,山大总图 -调整_t6.dwg,图层 地形,5.47,5.47,-325.15,451.2,测量点符号(gc200)的位置,True,False,3.88,3.83,3.93,1.57,1.63,1.55
测量高程点,山大总图 -调整_t6.dwg,图层 地形,5.60,5.6,-310.9,399.81,测量点符号(gc200)的位置,True,False,5.27,5.28,5.3,0.31,0.3,0.31
测量高程点,山大总图 -调整_t6.dwg,图层 地形,7.15,7.15,-329.98,329.26,测量点符号(gc200)的位置,True,False,8.94,9.07,9.11,-1.8,-1.93,-1.95
测量高程点,山大总图 -调整_t6.dwg,图层 地形,5.84,5.84,-302.71,387.34,数字左下方0.8 m处(附近没有测量点符号，按常见偏移推),True,False,5.58,5.59,5.48,0.24,0.24,0.36
测量高程点,山大总图 -调整_t6.dwg,图层 地形,7.90,7.9,-298.83,325.7,测量点符号(gc200)的位置,True,False,7.59,7.45,7.33,0.29,0.43,0.58
测量高程点,山大总图 -调整_t6.dwg,图层 地形,6.58,6.58,-318.81,342.99,测量点符号(gc200)的位置,True,False,7.96,7.61,8.21,-1.39,-1.04,-1.62
测量高程点,山大总图 -调整_t6.dwg,图层 地形,7.80,7.8,-327.81,291.86,测量点符号(gc200)的位置,True,False,9.71,9.73,9.75,-1.92,-1.94,-1.94
测量高程点,山大总图 -调整_t6.dwg,图层 地形,5.90,5.9,-316.72,379.91,测量点符号(gc200)的位置,True,False,6.76,6.71,6.91,-0.88,-0.82,-1.01
测量高程点,山大总图 -调整_t6.dwg,图层 地形,7.13,7.13,-304.41,316.44,测量点符号(gc200)的位置,True,False,7.87,7.83,7.66,-0.75,-0.72,-0.52
测量高程点,山大总图 -调整_t6.dwg,图层 地形,6.96,6.96,-302.83,336.61,测量点符号(gc200)的位置,True,False,7.47,7.43,7.58,-0.52,-0.49,-0.62
测量高程点,山大总图 -调整_t6.dwg,图层 地形,7.53,7.53,-316.14,302.15,测量点符号(gc200)的位置,True,False,9.03,9.02,9.19,-1.51,-1.5,-1.66
测量高程点,山大总图 -调整_t6.dwg,图层 地形,6.16,6.16,-301.05,351.63,测量点符号(gc200)的位置,True,False,7.09,7.19,6.91,-0.94,-1.05,-0.75
测量高程点,山大总图 -调整_t6.dwg,图层 地形,6.28,6.28,-311.24,356.99,测量点符号(gc200)的位置,True,False,7.46,7.45,7.57,-1.2,-1.19,-1.28
测量高程点,山大总图 -调整_t6.dwg,图层 地形,6.82,6.82,-307.87,349.11,数字左下方0.8 m处(附近没有测量点符号，按常见偏移推),True,False,7.41,7.42,7.4,-0.61,-0.61,-0.58
测量高程点,山大总图 -调整_t6.dwg,图层 地形,6.22,6.22,-328.62,379.9,测量点符号(gc200)的位置,True,False,6.86,6.77,6.63,-0.66,-0.56,-0.4
测量高程点,山大总图 -调整_t6.dwg,图层 地形,6.44,6.44,-328.37,356.03,测量点符号(gc200)的位置,True,False,8.15,8.14,8.06,-1.72,-1.72,-1.61
测量高程点,山大总图 -调整_t6.dwg,图层 地形,6.85,6.85,-329.11,350.5,测量点符号(gc200)的位置,True,False,8.37,8.37,8.3,-1.54,-1.53,-1.45
测量高程点,山大总图 -调整_t6.dwg,图层 地形,8.51,8.51,-329.73,257.31,测量点符号(gc200)的位置,True,False,11.33,11.28,11.3,-2.83,-2.78,-2.79
测量高程点,山大总图 -调整_t6.dwg,图层 地形,7.75,7.75,-319.84,298.05,测量点符号(gc200)的位置,True,False,9.34,9.33,9.48,-1.6,-1.59,-1.72
测量高程点,山大总图 -调整_t6.dwg,图层 地形,5.87,5.87,-324.42,392.45,数字左下方0.8 m处(附近没有测量点符号，按常见偏移推),True,False,6.11,6.11,6.13,-0.25,-0.25,-0.25
测量高程点,山大总图 -调整_t6.dwg,图层 地形,6.23,6.23,-319.67,368.7,测量点符号(gc200)的位置,True,False,7.46,7.35,7.53,-1.24,-1.13,-1.29
测量高程点,山大总图 -调整_t6.dwg,图层 地形,7.73,7.73,-302.33,292.92,测量点符号(gc200)的位置,True,False,8.26,8.26,8.05,-0.54,-0.54,-0.31
测量高程点,山大总图 -调整_t6.dwg,图层 地形,4.34,4.34,-324.42,579.85,测量点符号(gc200)的位置,True,False,3.39,3.39,3.35,0.94,0.93,1.0
测量高程点,山大总图 -调整_t6.dwg,图层 地形,3.68,3.68,-342.38,708.82,数字左下方0.8 m处(附近没有测量点符号，按常见偏移推),False,False,3.37,3.37,3.37,0.29,0.29,0.31
测量高程点,山大总图 -调整_t6.dwg,图层 地形,3.91,3.91,-308.1,687.34,测量点符号(gc200)的位置,False,False,3.35,3.35,3.35,0.55,0.55,0.57
测量高程点,山大总图 -调整_t6.dwg,图层 地形,3.69,3.69,-353.92,680.73,测量点符号(gc200)的位置,False,False,3.36,3.36,3.36,0.31,0.31,0.33
测量高程点,山大总图 -调整_t6.dwg,图层 地形,4.07,4.07,-302.64,650.56,测量点符号(gc200)的位置,True,False,3.35,3.35,3.35,0.71,0.71,0.72
测量高程点,山大总图 -调整_t6.dwg,图层 地形,4.09,4.09,-303.46,644.21,测量点符号(gc200)的位置,True,False,3.35,3.35,3.36,0.73,0.73,0.74
测量高程点,山大总图 -调整_t6.dwg,图层 地形,4.05,4.05,-302.61,667.87,测量点符号(gc200)的位置,False,False,3.35,3.35,3.35,0.69,0.69,0.71
测量高程点,山大总图 -调整_t6.dwg,图层 地形,4.04,4.04,-299.94,662.93,数字左下方0.8 m处(附近没有测量点符号，按常见偏移推),False,False,3.35,3.35,3.35,0.68,0.68,0.7
测量高程点,山大总图 -调整_t6.dwg,图层 地形,4.16,4.16,-316.13,658.22,测量点符号(gc200)的位置,True,False,3.34,3.34,3.34,0.81,0.81,0.83
测量高程点,山大总图 -调整_t6.dwg,图层 地形,3.97,3.97,-322.1,668.39,测量点符号(gc200)的位置,False,False,3.34,3.34,3.34,0.62,0.62,0.64
测量高程点,山大总图 -调整_t6.dwg,图层 地形,4.17,4.17,-304.53,656.57,测量点符号(gc200)的位置,True,False,3.35,3.35,3.35,0.81,0.81,0.83
测量高程点,山大总图 -调整_t6.dwg,图层 地形,3.96,3.96,-325.04,647.44,测量点符号(gc200)的位置,True,False,3.34,3.34,3.34,0.61,0.61,0.63
测量高程点,山大总图 -调整_t6.dwg,图层 地形,4.18,4.18,-311.02,675.87,测量点符号(gc200)的位置,False,False,3.34,3.34,3.34,0.82,0.82,0.84
测量高程点,山大总图 -调整_t6.dwg,图层 地形,3.86,3.86,-308.23,696.55,测量点符号(gc200)的位置,False,False,3.35,3.37,3.35,0.49,0.48,0.51
测量高程点,山大总图 -调整_t6.dwg,图层 地形,3.65,3.65,-314.86,702.43,数字左下方0.8 m处(附近没有测量点符号，按常见偏移推),False,False,3.36,3.37,3.36,0.28,0.27,0.3
测量高程点,山大总图 -调整_t6.dwg,图层 地形,3.65,3.65,-314.12,707.15,数字左下方0.8 m处(附近没有测量点符号，按常见偏移推),False,False,3.36,3.37,3.36,0.27,0.27,0.29
测量高程点,山大总图 -调整_t6.dwg,图层 地形,3.81,3.81,-325.9,706.49,测量点符号(gc200)的位置,False,False,3.37,3.37,3.37,0.43,0.43,0.45
测量高程点,山大总图 -调整_t6.dwg,图层 地形,3.62,3.62,-325.85,681.61,测量点符号(gc200)的位置,False,False,3.35,3.35,3.35,0.26,0.26,0.28
测量高程点,山大总图 -调整_t6.dwg,图层 地形,3.89,3.89,-331.14,675.18,测量点符号(gc200)的位置,False,False,3.34,3.34,3.34,0.53,0.53,0.55
测量高程点,山大总图 -调整_t6.dwg,图层 地形,3.80,3.8,-353.16,635.98,测量点符号(gc200)的位置,True,False,3.36,3.39,3.52,0.42,0.4,0.28
测量高程点,山大总图 -调整_t6.dwg,图层 地形,4.06,4.06,-305.88,636.92,测量点符号(gc200)的位置,True,False,3.35,3.35,3.35,0.7,0.7,0.72
测量高程点,山大总图 -调整_t6.dwg,图层 地形,3.73,3.73,-314.87,629.33,测量点符号(gc200)的位置,True,False,3.34,3.34,3.34,0.37,0.37,0.4
测量高程点,山大总图 -调整_t6.dwg,图层 地形,3.76,3.76,-323.08,629.23,测量点符号(gc200)的位置,True,False,3.34,3.34,3.34,0.41,0.41,0.43
测量高程点,山大总图 -调整_t6.dwg,图层 地形,3.65,3.65,-354.03,629.3,测量点符号(gc200)的位置,True,False,3.37,3.37,3.34,0.27,0.26,0.32
测量高程点,山大总图 -调整_t6.dwg,图层 地形,3.69,3.69,-354.58,623.1,测量点符号(gc200)的位置,True,False,3.37,3.37,3.34,0.3,0.3,0.36
测量高程点,山大总图 -调整_t6.dwg,图层 地形,3.67,3.67,-339.41,619.57,数字左下方0.8 m处(附近没有测量点符号，按常见偏移推),True,False,3.36,3.36,3.34,0.3,0.3,0.34
测量高程点,山大总图 -调整_t6.dwg,图层 地形,3.68,3.68,-324.35,617.8,测量点符号(gc200)的位置,True,False,3.34,3.34,3.34,0.32,0.32,0.35
测量高程点,山大总图 -调整_t6.dwg,图层 地形,3.69,3.69,-302.32,614.52,数字左下方0.8 m处(附近没有测量点符号，按常见偏移推),True,False,3.36,3.36,3.37,0.32,0.32,0.33
测量高程点,山大总图 -调整_t6.dwg,图层 地形,4.41,4.41,-305.97,610.73,测量点符号(gc200)的位置,True,False,3.36,3.36,3.38,1.04,1.04,1.03
测量高程点,山大总图 -调整_t6.dwg,图层 地形,4.03,4.03,-323.93,609.58,测量点符号(gc200)的位置,True,False,3.35,3.35,3.36,0.67,0.66,0.68
测量高程点,山大总图 -调整_t6.dwg,图层 地形,4.37,4.37,-328.2,614.83,测量点符号(gc200)的位置,True,False,3.35,3.35,3.34,1.01,1.01,1.04
测量高程点,山大总图 -调整_t6.dwg,图层 地形,4.19,4.19,-304.81,600.59,测量点符号(gc200)的位置,True,False,3.36,3.36,3.36,0.81,0.82,0.83
测量高程点,山大总图 -调整_t6.dwg,图层 地形,4.30,4.3,-331.26,599.58,测量点符号(gc200)的位置,True,False,3.36,3.36,3.36,0.92,0.92,0.94
测量高程点,山大总图 -调整_t6.dwg,图层 地形,4.24,4.24,-344.31,589.2,数字左下方0.8 m处(附近没有测量点符号，按常见偏移推),True,False,3.39,3.41,3.34,0.84,0.82,0.9
测量高程点,山大总图 -调整_t6.dwg,图层 地形,4.52,4.52,-332.55,585.01,测量点符号(gc200)的位置,True,False,3.38,3.39,3.35,1.12,1.12,1.18
测量高程点,山大总图 -调整_t6.dwg,图层 地形,3.96,3.96,-343.43,646.99,测量点符号(gc200)的位置,True,False,3.35,3.39,3.52,0.6,0.56,0.44
测量高程点,山大总图 -调整_t6.dwg,图层 地形,4.25,4.25,-342.46,592.93,测量点符号(gc200)的位置,True,False,3.38,3.4,3.34,0.85,0.84,0.91
测量高程点,山大总图 -调整_t6.dwg,图层 地形,4.23,4.23,-339.92,608.24,测量点符号(gc200)的位置,True,False,3.36,3.37,3.35,0.85,0.85,0.88
测量高程点,山大总图 -调整_t6.dwg,图层 地形,4.68,4.68,-353.47,579.28,测量点符号(gc200)的位置,True,False,3.41,3.41,3.56,1.26,1.25,1.12
测量高程点,山大总图 -调整_t6.dwg,图层 地形,4.11,4.11,-331.7,603.71,测量点符号(gc200)的位置,True,False,3.36,3.36,3.37,0.74,0.73,0.75
测量高程点,山大总图 -调整_t6.dwg,图层 地形,3.88,3.88,-335.09,650.97,测量点符号(gc200)的位置,True,False,3.34,3.36,3.34,0.53,0.51,0.55
测量高程点,山大总图 -调整_t6.dwg,图层 地形,4.08,4.08,-326.29,641.23,测量点符号(gc200)的位置,True,False,3.34,3.34,3.34,0.73,0.73,0.75
测量高程点,山大总图 -调整_t6.dwg,图层 地形,3.50,3.5,-353.94,693.74,测量点符号(gc200)的位置,False,False,3.37,3.37,3.37,0.11,0.11,0.13
测量高程点,山大总图 -调整_t6.dwg,图层 地形,3.95,3.95,-339.84,612.47,测量点符号(gc200)的位置,True,False,3.36,3.36,3.34,0.57,0.57,0.62
测量高程点,山大总图 -调整_t6.dwg,图层 地形,3.63,3.63,-331.76,626.49,测量点符号(gc200)的位置,True,False,3.34,3.34,3.34,0.27,0.27,0.3
测量高程点,山大总图 -调整_t6.dwg,图层 地形,3.65,3.65,-306.25,621.87,测量点符号(gc200)的位置,True,False,3.35,3.35,3.35,0.28,0.28,0.3
测量高程点,山大总图 -调整_t6.dwg,图层 地形,4.05,4.05,-317.43,603.99,测量点符号(gc200)的位置,True,False,3.35,3.36,3.37,0.68,0.68,0.68
测量高程点,山大总图 -调整_t6.dwg,图层 地形,4.62,4.62,-304.94,544.96,测量点符号(gc200)的位置,True,False,3.46,3.46,3.38,1.15,1.14,1.24
测量高程点,山大总图 -调整_t6.dwg,图层 地形,4.68,4.68,-311.48,525.73,数字左下方0.8 m处(附近没有测量点符号，按常见偏移推),True,False,3.54,3.54,3.54,1.12,1.13,1.15
测量高程点,山大总图 -调整_t6.dwg,图层 地形,5.28,5.28,-312.05,496.48,测量点符号(gc200)的位置,True,False,3.62,3.63,3.63,1.65,1.64,1.66
测量高程点,山大总图 -调整_t6.dwg,图层 地形,5.45,5.45,-325.09,478.25,测量点符号(gc200)的位置,True,False,3.66,3.77,3.93,1.78,1.66,1.53
测量高程点,山大总图 -调整_t6.dwg,图层 地形,5.46,5.46,-332.76,473.72,测量点符号(gc200)的位置,True,False,3.65,3.78,3.93,1.8,1.67,1.54
测量高程点,山大总图 -调整_t6.dwg,图层 地形,5.44,5.44,-354.08,474.66,数字左下方0.8 m处(附近没有测量点符号，按常见偏移推),True,False,3.9,3.78,3.93,1.52,1.65,1.52
测量高程点,山大总图 -调整_t6.dwg,图层 地形,5.42,5.42,-354.13,467.35,测量点符号(gc200)的位置,True,False,4.18,3.78,3.93,1.22,1.63,1.5
测量高程点,山大总图 -调整_t6.dwg,图层 地形,5.47,5.47,-354.83,483.89,测量点符号(gc200)的位置,True,False,3.65,3.76,3.6,1.81,1.7,1.88
测量高程点,山大总图 -调整_t6.dwg,图层 地形,5.79,5.79,-360.96,491.7,测量点符号(gc200)的位置,True,False,3.54,3.76,3.51,2.24,2.01,2.28
测量高程点,山大总图 -调整_t6.dwg,图层 地形,5.39,5.39,-311.48,464.0,测量点符号(gc200)的位置,True,False,3.8,3.79,3.63,1.58,1.58,1.77
测量高程点,山大总图 -调整_t6.dwg,图层 地形,5.34,5.34,-311.72,476.78,测量点符号(gc200)的位置,True,False,3.71,3.71,3.59,1.62,1.61,1.76
测量高程点,山大总图 -调整_t6.dwg,图层 地形,5.26,5.26,-308.63,493.5,测量点符号(gc200)的位置,True,False,3.63,3.65,3.5,1.61,1.59,1.76
测量高程点,山大总图 -调整_t6.dwg,图层 地形,4.91,4.91,-309.04,503.52,测量点符号(gc200)的位置,True,False,3.61,3.61,3.47,1.29,1.29,1.44
测量高程点,山大总图 -调整_t6.dwg,图层 地形,4.29,4.29,-305.29,577.79,测量点符号(gc200)的位置,True,False,3.38,3.39,3.34,0.89,0.89,0.95
测量高程点,山大总图 -调整_t6.dwg,图层 地形,4.46,4.46,-301.91,570.35,测量点符号(gc200)的位置,True,False,3.39,3.41,3.56,1.05,1.04,0.91
测量高程点,山大总图 -调整_t6.dwg,图层 地形,4.73,4.73,-344.33,558.56,测量点符号(gc200)的位置,True,False,3.43,3.49,3.37,1.28,1.22,1.36
测量高程点,山大总图 -调整_t6.dwg,图层 地形,4.88,4.88,-358.96,555.27,测量点符号(gc200)的位置,True,False,3.45,3.76,3.51,1.42,1.11,1.38
测量高程点,山大总图 -调整_t6.dwg,图层 地形,4.86,4.86,-361.03,534.4,测量点符号(gc200)的位置,True,False,3.51,3.78,3.93,1.33,1.07,0.94
测量高程点,山大总图 -调整_t6.dwg,图层 地形,4.85,4.85,-340.01,532.76,测量点符号(gc200)的位置,True,False,3.49,3.77,3.85,1.34,1.06,1.01
测量高程点,山大总图 -调整_t6.dwg,图层 地形,5.31,5.31,-349.95,522.05,测量点符号(gc200)的位置,True,False,3.51,3.78,3.93,1.78,1.52,1.39
测量高程点,山大总图 -调整_t6.dwg,图层 地形,4.84,4.84,-356.92,506.13,测量点符号(gc200)的位置,True,False,3.54,3.72,3.48,1.29,1.11,1.36
测量高程点,山大总图 -调整_t6.dwg,图层 地形,5.44,5.44,-356.92,480.29,测量点符号(gc200)的位置,True,False,3.74,3.78,3.73,1.68,1.65,1.71
测量高程点,山大总图 -调整_t6.dwg,图层 地形,5.45,5.45,-343.22,480.79,测量点符号(gc200)的位置,True,False,3.66,3.76,3.61,1.77,1.67,1.85
测量高程点,山大总图 -调整_t6.dwg,图层 地形,5.49,5.49,-343.23,465.02,测量点符号(gc200)的位置,True,False,3.81,3.78,3.93,1.66,1.7,1.57
测量高程点,山大总图 -调整_t6.dwg,图层 地形,4.76,4.76,-311.13,512.01,测量点符号(gc200)的位置,True,False,3.59,3.58,3.58,1.16,1.16,1.18
测量高程点,山大总图 -调整_t6.dwg,图层 地形,4.75,4.75,-306.93,513.66,数字左下方0.8 m处(附近没有测量点符号，按常见偏移推),True,False,3.57,3.58,3.53,1.16,1.16,1.23
测量高程点,山大总图 -调整_t6.dwg,图层 地形,4.60,4.6,-307.06,560.92,测量点符号(gc200)的位置,True,False,3.41,3.41,3.56,1.17,1.17,1.05
测量高程点,山大总图 -调整_t6.dwg,图层 地形,4.78,4.78,-321.89,553.31,测量点符号(gc200)的位置,True,False,3.43,3.42,3.37,1.34,1.35,1.41
测量高程点,山大总图 -调整_t6.dwg,图层 地形,4.69,4.69,-330.06,559.74,测量点符号(gc200)的位置,True,False,3.42,3.41,3.56,1.25,1.27,1.14
测量高程点,山大总图 -调整_t6.dwg,图层 地形,4.84,4.84,-334.23,523.61,测量点符号(gc200)的位置,True,False,3.53,3.78,3.93,1.29,1.05,0.92
测量高程点,山大总图 -调整_t6.dwg,图层 地形,5.16,5.16,-309.75,500.0,测量点符号(gc200)的位置,True,False,3.61,3.62,3.49,1.53,1.53,1.68
测量高程点,山大总图 -调整_t6.dwg,图层 地形,5.27,5.27,-309.99,488.04,测量点符号(gc200)的位置,True,False,3.65,3.67,3.54,1.61,1.59,1.74
测量高程点,山大总图 -调整_t6.dwg,图层 地形,5.29,5.29,-313.21,482.88,测量点符号(gc200)的位置,True,False,3.67,3.68,3.68,1.61,1.6,1.62
测量高程点,山大总图 -调整_t6.dwg,图层 地形,4.71,4.71,-353.7,572.52,测量点符号(gc200)的位置,True,False,3.42,3.42,3.56,1.28,1.28,1.15
测量高程点,山大总图 -调整_t6.dwg,图层 地形,4.68,4.68,-328.21,570.5,测量点符号(gc200)的位置,True,False,3.4,3.41,3.56,1.26,1.26,1.13
测量高程点,山大总图 -调整_t6.dwg,图层 地形,5.25,5.25,-327.34,535.16,数字左下方0.8 m处(附近没有测量点符号，按常见偏移推),True,False,3.5,3.73,3.4,1.74,1.5,1.85
测量高程点,山大总图 -调整_t6.dwg,图层 地形,5.44,5.44,-319.25,473.26,数字左下方0.8 m处(附近没有测量点符号，按常见偏移推),True,False,3.71,3.74,3.88,1.72,1.69,1.57
测量高程点,山大总图 -调整_t6.dwg,图层 地形,4.81,4.81,-333.27,510.3,测量点符号(gc200)的位置,True,False,3.59,3.77,3.47,1.2,1.03,1.35
测量高程点,山大总图 -调整_t6.dwg,图层 地形,4.87,4.87,-342.19,518.94,测量点符号(gc200)的位置,True,False,3.53,3.78,3.93,1.32,1.08,0.95
测量高程点,山大总图 -调整_t6.dwg,图层 地形,3.67,3.67,-180.89,653.13,数字左下方0.8 m处(附近没有测量点符号，按常见偏移推),True,False,3.31,3.32,3.3,0.34,0.34,0.38
测量高程点,山大总图 -调整_t6.dwg,图层 地形,3.67,3.67,-176.44,643.74,数字左下方0.8 m处(附近没有测量点符号，按常见偏移推),True,False,3.31,3.32,3.47,0.34,0.34,0.21
测量高程点,山大总图 -调整_t6.dwg,图层 地形,3.61,3.61,-177.14,633.01,数字左下方0.8 m处(附近没有测量点符号，按常见偏移推),True,False,3.31,3.32,3.38,0.28,0.28,0.23
测量高程点,山大总图 -调整_t6.dwg,图层 地形,3.61,3.61,-194.27,630.66,数字左下方0.8 m处(附近没有测量点符号，按常见偏移推),True,False,3.32,3.32,3.31,0.27,0.28,0.31
测量高程点,山大总图 -调整_t6.dwg,图层 地形,3.65,3.65,-219.0,642.39,数字左下方0.8 m处(附近没有测量点符号，按常见偏移推),True,False,3.32,3.32,3.4,0.32,0.32,0.26
测量高程点,山大总图 -调整_t6.dwg,图层 地形,3.64,3.64,-221.15,629.71,数字左下方0.8 m处(附近没有测量点符号，按常见偏移推),True,False,3.32,3.32,3.31,0.3,0.3,0.33
测量高程点,山大总图 -调整_t6.dwg,图层 地形,3.80,3.8,-163.85,709.5,数字左下方0.8 m处(附近没有测量点符号，按常见偏移推),True,False,3.4,3.42,3.57,0.38,0.36,0.24
测量高程点,山大总图 -调整_t6.dwg,图层 地形,3.79,3.79,-177.61,709.43,数字左下方0.8 m处(附近没有测量点符号，按常见偏移推),True,False,3.42,3.42,3.57,0.36,0.35,0.23
测量高程点,山大总图 -调整_t6.dwg,图层 地形,3.76,3.76,-190.36,711.14,数字左下方0.8 m处(附近没有测量点符号，按常见偏移推),True,False,3.43,3.42,3.57,0.32,0.32,0.2
测量高程点,山大总图 -调整_t6.dwg,图层 地形,3.85,3.85,-192.45,699.52,数字左下方0.8 m处(附近没有测量点符号，按常见偏移推),True,False,3.43,3.42,3.57,0.41,0.41,0.29
测量高程点,山大总图 -调整_t6.dwg,图层 地形,3.87,3.87,-219.4,704.27,数字左下方0.8 m处(附近没有测量点符号，按常见偏移推),True,False,3.37,3.37,3.33,0.49,0.48,0.55
测量高程点,山大总图 -调整_t6.dwg,图层 地形,3.95,3.95,-159.16,655.47,数字左下方0.8 m处(附近没有测量点符号，按常见偏移推),True,False,3.31,3.31,3.28,0.62,0.63,0.67
测量高程点,山大总图 -调整_t6.dwg,图层 地形,4.42,4.42,-144.58,709.76,数字左下方0.8 m处(附近没有测量点符号，按常见偏移推),True,False,3.38,3.41,3.57,1.02,1.0,0.86
测量高程点,山大总图 -调整_t6.dwg,图层 地形,3.85,3.85,-186.73,643.68,数字左下方0.8 m处(附近没有测量点符号，按常见偏移推),True,False,3.32,3.32,3.47,0.52,0.52,0.39
测量高程点,山大总图 -调整_t6.dwg,图层 地形,3.91,3.91,-159.54,633.99,数字左下方0.8 m处(附近没有测量点符号，按常见偏移推),True,False,3.3,3.31,3.29,0.59,0.58,0.63
测量高程点,山大总图 -调整_t6.dwg,图层 地形,4.26,4.26,-200.95,707.07,数字左下方0.8 m处(附近没有测量点符号，按常见偏移推),True,False,3.42,3.42,3.57,0.82,0.82,0.7
测量高程点,山大总图 -调整_t6.dwg,图层 地形,4.54,4.54,-224.13,706.44,数字左下方0.8 m处(附近没有测量点符号，按常见偏移推),True,False,3.36,3.37,3.51,1.16,1.15,1.03
测量高程点,山大总图 -调整_t6.dwg,图层 地形,4.52,4.52,-225.32,698.82,数字左下方0.8 m处(附近没有测量点符号，按常见偏移推),True,False,3.35,3.37,3.51,1.15,1.13,1.01
测量高程点,山大总图 -调整_t6.dwg,图层 地形,4.21,4.21,-226.16,690.93,数字左下方0.8 m处(附近没有测量点符号，按常见偏移推),True,False,3.34,3.37,3.51,0.85,0.82,0.7
测量高程点,山大总图 -调整_t6.dwg,图层 地形,4.21,4.21,-234.41,692.15,数字左下方0.8 m处(附近没有测量点符号，按常见偏移推),True,False,3.34,3.37,3.51,0.85,0.82,0.7
测量高程点,山大总图 -调整_t6.dwg,图层 地形,3.81,3.81,-218.85,667.16,数字左下方0.8 m处(附近没有测量点符号，按常见偏移推),True,False,3.33,3.33,3.31,0.47,0.47,0.5
测量高程点,山大总图 -调整_t6.dwg,图层 地形,3.93,3.93,-230.09,666.82,数字左下方0.8 m处(附近没有测量点符号，按常见偏移推),True,False,3.33,3.33,3.48,0.59,0.59,0.46
测量高程点,山大总图 -调整_t6.dwg,图层 地形,3.93,3.93,-234.93,667.6,数字左下方0.8 m处(附近没有测量点符号，按常见偏移推),True,False,3.33,3.33,3.48,0.59,0.59,0.46
测量高程点,山大总图 -调整_t6.dwg,图层 地形,3.89,3.89,-140.96,707.02,数字左下方0.8 m处(附近没有测量点符号，按常见偏移推),True,False,3.37,3.36,3.3,0.5,0.52,0.6
测量高程点,山大总图 -调整_t6.dwg,图层 地形,3.68,3.68,-281.08,710.39,数字左下方0.8 m处(附近没有测量点符号，按常见偏移推),False,False,3.35,3.37,3.35,0.31,0.3,0.33
测量高程点,山大总图 -调整_t6.dwg,图层 地形,3.58,3.58,-295.19,701.65,数字左下方0.8 m处(附近没有测量点符号，按常见偏移推),False,False,3.35,3.37,3.35,0.22,0.19,0.23
测量高程点,山大总图 -调整_t6.dwg,图层 地形,3.61,3.61,-273.31,698.29,数字左下方0.8 m处(附近没有测量点符号，按常见偏移推),False,False,3.35,3.37,3.35,0.25,0.23,0.27
测量高程点,山大总图 -调整_t6.dwg,图层 地形,3.58,3.58,-251.94,696.42,数字左下方0.8 m处(附近没有测量点符号，按常见偏移推),True,False,3.36,3.36,3.32,0.21,0.21,0.26
测量高程点,山大总图 -调整_t6.dwg,图层 地形,3.98,3.98,-235.07,702.94,数字左下方0.8 m处(附近没有测量点符号，按常见偏移推),True,False,3.36,3.37,3.51,0.61,0.59,0.47
测量高程点,山大总图 -调整_t6.dwg,图层 地形,3.77,3.77,-244.69,709.59,数字左下方0.8 m处(附近没有测量点符号，按常见偏移推),True,False,3.37,3.37,3.35,0.39,0.38,0.43
测量高程点,山大总图 -调整_t6.dwg,图层 地形,4.04,4.04,-167.06,690.78,数字左下方0.8 m处(附近没有测量点符号，按常见偏移推),True,False,3.37,3.41,3.31,0.66,0.61,0.74
测量高程点,山大总图 -调整_t6.dwg,图层 地形,3.90,3.9,-208.83,687.56,数字左下方0.8 m处(附近没有测量点符号，按常见偏移推),True,False,3.37,3.37,3.31,0.51,0.52,0.59
测量高程点,山大总图 -调整_t6.dwg,图层 地形,3.76,3.76,-199.11,680.08,数字左下方0.8 m处(附近没有测量点符号，按常见偏移推),True,False,3.36,3.36,3.31,0.39,0.39,0.45
测量高程点,山大总图 -调整_t6.dwg,图层 地形,3.84,3.84,-180.0,682.47,数字左下方0.8 m处(附近没有测量点符号，按常见偏移推),True,False,3.36,3.36,3.31,0.46,0.47,0.54
测量高程点,山大总图 -调整_t6.dwg,图层 地形,3.80,3.8,-168.83,674.84,数字左下方0.8 m处(附近没有测量点符号，按常见偏移推),True,False,3.33,3.33,3.3,0.45,0.45,0.51
测量高程点,山大总图 -调整_t6.dwg,图层 地形,4.05,4.05,-149.93,655.02,数字左下方0.8 m处(附近没有测量点符号，按常见偏移推),True,False,3.31,3.31,3.27,0.73,0.73,0.78
测量高程点,山大总图 -调整_t6.dwg,图层 地形,4.23,4.23,-151.17,638.39,数字左下方0.8 m处(附近没有测量点符号，按常见偏移推),True,False,3.3,3.31,3.27,0.91,0.91,0.96
测量高程点,山大总图 -调整_t6.dwg,图层 地形,3.79,3.79,-224.35,665.22,数字左下方0.8 m处(附近没有测量点符号，按常见偏移推),True,False,3.33,3.33,3.31,0.45,0.45,0.48
测量高程点,山大总图 -调整_t6.dwg,图层 地形,4.05,4.05,-234.78,658.84,数字左下方0.8 m处(附近没有测量点符号，按常见偏移推),True,False,3.32,3.33,3.48,0.71,0.71,0.58
测量高程点,山大总图 -调整_t6.dwg,图层 地形,3.96,3.96,-228.72,687.77,数字左下方0.8 m处(附近没有测量点符号，按常见偏移推),True,False,3.34,3.37,3.51,0.61,0.57,0.45
测量高程点,山大总图 -调整_t6.dwg,图层 地形,4.33,4.33,-285.19,694.32,数字左下方0.8 m处(附近没有测量点符号，按常见偏移推),False,False,3.35,3.36,3.35,0.97,0.96,0.99
测量高程点,山大总图 -调整_t6.dwg,图层 地形,4.51,4.51,-294.14,463.39,数字左下方0.8 m处(附近没有测量点符号，按常见偏移推),True,False,3.77,3.91,4.06,0.73,0.58,0.45
测量高程点,山大总图 -调整_t6.dwg,图层 地形,3.62,3.62,-280.01,618.21,测量点符号(gc200)的位置,True,False,3.34,3.34,3.32,0.27,0.26,0.31
测量高程点,山大总图 -调整_t6.dwg,图层 地形,3.74,3.74,-287.47,611.49,测量点符号(gc200)的位置,True,False,3.35,3.35,3.34,0.37,0.38,0.4
测量高程点,山大总图 -调整_t6.dwg,图层 地形,4.24,4.24,-182.84,541.27,测量点符号(gc200)的位置,True,False,3.44,3.49,3.64,0.79,0.74,0.6
测量高程点,山大总图 -调整_t6.dwg,图层 地形,4.45,4.45,-187.63,558.15,测量点符号(gc200)的位置,True,False,3.4,3.46,3.33,1.04,0.98,1.13
测量高程点,山大总图 -调整_t6.dwg,图层 地形,3.64,3.64,-176.85,587.49,测量点符号(gc200)的位置,True,False,3.34,3.34,3.38,0.28,0.28,0.26
测量高程点,山大总图 -调整_t6.dwg,图层 地形,3.70,3.7,-191.23,587.08,测量点符号(gc200)的位置,True,False,3.35,3.36,3.41,0.33,0.33,0.3
测量高程点,山大总图 -调整_t6.dwg,图层 地形,4.08,4.08,-201.94,583.8,测量点符号(gc200)的位置,True,False,3.37,3.37,3.38,0.7,0.7,0.7
测量高程点,山大总图 -调整_t6.dwg,图层 地形,4.11,4.11,-217.5,588.31,测量点符号(gc200)的位置,True,False,3.36,3.37,3.41,0.73,0.73,0.7
测量高程点,山大总图 -调整_t6.dwg,图层 地形,4.53,4.53,-277.65,556.03,测量点符号(gc200)的位置,True,False,3.43,3.48,3.38,1.09,1.04,1.16
测量高程点,山大总图 -调整_t6.dwg,图层 地形,4.52,4.52,-285.17,557.47,测量点符号(gc200)的位置,True,False,3.43,3.42,3.37,1.08,1.08,1.16
测量高程点,山大总图 -调整_t6.dwg,图层 地形,4.06,4.06,-170.91,580.8,测量点符号(gc200)的位置,True,False,3.35,3.35,3.33,0.7,0.7,0.73
测量高程点,山大总图 -调整_t6.dwg,图层 地形,4.10,4.1,-164.6,572.65,测量点符号(gc200)的位置,True,False,3.36,3.36,3.36,0.73,0.73,0.75
测量高程点,山大总图 -调整_t6.dwg,图层 地形,4.05,4.05,-165.15,555.58,测量点符号(gc200)的位置,True,False,3.39,3.41,3.33,0.64,0.63,0.73
测量高程点,山大总图 -调整_t6.dwg,图层 地形,4.39,4.39,-170.89,504.45,测量点符号(gc200)的位置,True,False,3.55,3.51,3.54,0.82,0.87,0.86
测量高程点,山大总图 -调整_t6.dwg,图层 地形,4.41,4.41,-164.38,526.47,测量点符号(gc200)的位置,True,False,3.46,3.47,3.36,0.93,0.93,1.06
测量高程点,山大总图 -调整_t6.dwg,图层 地形,4.43,4.43,-167.78,521.07,测量点符号(gc200)的位置,True,False,3.48,3.48,3.39,0.94,0.93,1.05
测量高程点,山大总图 -调整_t6.dwg,图层 地形,4.50,4.5,-166.63,493.18,测量点符号(gc200)的位置,True,False,3.61,3.6,3.62,0.88,0.89,0.88
测量高程点,山大总图 -调整_t6.dwg,图层 地形,4.51,4.51,-166.55,479.37,测量点符号(gc200)的位置,True,False,3.68,3.69,3.75,0.81,0.81,0.76
测量高程点,山大总图 -调整_t6.dwg,图层 地形,4.41,4.41,-173.69,486.03,测量点符号(gc200)的位置,True,False,3.65,3.53,3.68,0.74,0.86,0.73
测量高程点,山大总图 -调整_t6.dwg,图层 地形,4.46,4.46,-177.1,479.72,测量点符号(gc200)的位置,True,False,3.68,3.65,3.62,0.77,0.8,0.84
测量高程点,山大总图 -调整_t6.dwg,图层 地形,5.16,5.16,-209.56,476.7,测量点符号(gc200)的位置,True,False,3.77,3.67,3.93,1.37,1.48,1.23
测量高程点,山大总图 -调整_t6.dwg,图层 地形,5.13,5.13,-174.03,475.65,测量点符号(gc200)的位置,True,False,3.7,3.69,3.7,1.42,1.43,1.43
测量高程点,山大总图 -调整_t6.dwg,图层 地形,4.59,4.59,-289.34,515.72,测量点符号(gc200)的位置,True,False,3.54,3.54,3.59,1.03,1.03,1.01
测量高程点,山大总图 -调整_t6.dwg,图层 地形,4.34,4.34,-218.9,562.47,测量点符号(gc200)的位置,True,False,3.41,3.46,3.35,0.92,0.87,1.0
测量高程点,山大总图 -调整_t6.dwg,图层 地形,4.40,4.4,-211.23,556.94,测量点符号(gc200)的位置,True,False,3.42,3.49,3.64,0.97,0.9,0.76
测量高程点,山大总图 -调整_t6.dwg,图层 地形,4.28,4.28,-202.18,560.98,测量点符号(gc200)的位置,True,False,3.4,3.45,3.33,0.86,0.82,0.95
测量高程点,山大总图 -调整_t6.dwg,图层 地形,4.45,4.45,-191.35,551.75,测量点符号(gc200)的位置,True,False,3.42,3.49,3.64,1.02,0.95,0.81
测量高程点,山大总图 -调整_t6.dwg,图层 地形,4.49,4.49,-186.65,551.86,测量点符号(gc200)的位置,True,False,3.41,3.49,3.64,1.06,0.99,0.85
测量高程点,山大总图 -调整_t6.dwg,图层 地形,4.24,4.24,-177.89,560.66,测量点符号(gc200)的位置,True,False,3.39,3.41,3.32,0.84,0.81,0.93
测量高程点,山大总图 -调整_t6.dwg,图层 地形,4.25,4.25,-182.93,547.95,测量点符号(gc200)的位置,True,False,3.42,3.49,3.64,0.82,0.75,0.61
测量高程点,山大总图 -调整_t6.dwg,图层 地形,4.27,4.27,-195.76,544.89,测量点符号(gc200)的位置,True,False,3.44,3.49,3.64,0.82,0.77,0.63
测量高程点,山大总图 -调整_t6.dwg,图层 地形,4.25,4.25,-197.92,550.57,测量点符号(gc200)的位置,True,False,3.42,3.49,3.64,0.81,0.75,0.61
测量高程点,山大总图 -调整_t6.dwg,图层 地形,4.29,4.29,-204.97,551.27,测量点符号(gc200)的位置,True,False,3.43,3.49,3.64,0.85,0.79,0.65
测量高程点,山大总图 -调整_t6.dwg,图层 地形,4.41,4.41,-221.44,541.62,数字左下方0.8 m处(附近没有测量点符号，按常见偏移推),True,False,3.45,3.49,3.64,0.94,0.91,0.77
测量高程点,山大总图 -调整_t6.dwg,图层 地形,4.30,4.3,-221.28,547.02,数字左下方0.8 m处(附近没有测量点符号，按常见偏移推),True,False,3.44,3.49,3.64,0.84,0.8,0.66
测量高程点,山大总图 -调整_t6.dwg,图层 地形,4.29,4.29,-215.24,551.38,测量点符号(gc200)的位置,True,False,3.43,3.49,3.64,0.84,0.79,0.65
测量高程点,山大总图 -调整_t6.dwg,图层 地形,4.36,4.36,-223.02,531.16,数字左下方0.8 m处(附近没有测量点符号，按常见偏移推),True,False,3.48,3.49,3.4,0.87,0.86,0.97
测量高程点,山大总图 -调整_t6.dwg,图层 地形,4.47,4.47,-228.12,535.35,数字左下方0.8 m处(附近没有测量点符号，按常见偏移推),True,False,3.47,3.49,3.64,0.98,0.97,0.83
测量高程点,山大总图 -调整_t6.dwg,图层 地形,4.45,4.45,-226.24,512.03,测量点符号(gc200)的位置,True,False,3.56,3.51,3.55,0.88,0.92,0.9
测量高程点,山大总图 -调整_t6.dwg,图层 地形,4.45,4.45,-293.6,565.87,测量点符号(gc200)的位置,True,False,3.4,3.41,3.56,1.03,1.03,0.9
测量高程点,山大总图 -调整_t6.dwg,图层 地形,4.58,4.58,-295.75,558.43,测量点符号(gc200)的位置,True,False,3.42,3.41,3.56,1.14,1.16,1.03
测量高程点,山大总图 -调整_t6.dwg,图层 地形,4.37,4.37,-216.54,523.49,测量点符号(gc200)的位置,True,False,3.5,3.5,3.41,0.85,0.86,0.97
测量高程点,山大总图 -调整_t6.dwg,图层 地形,4.40,4.4,-207.48,523.11,测量点符号(gc200)的位置,True,False,3.52,3.51,3.4,0.87,0.88,1.0
测量高程点,山大总图 -调整_t6.dwg,图层 地形,4.25,4.25,-186.74,519.62,数字左下方0.8 m处(附近没有测量点符号，按常见偏移推),True,False,3.52,3.51,3.41,0.72,0.73,0.85
测量高程点,山大总图 -调整_t6.dwg,图层 地形,4.40,4.4,-181.7,504.08,测量点符号(gc200)的位置,True,False,3.57,3.49,3.64,0.81,0.9,0.76
测量高程点,山大总图 -调整_t6.dwg,图层 地形,4.49,4.49,-183.46,497.88,测量点符号(gc200)的位置,True,False,3.6,3.49,3.64,0.87,0.99,0.85
测量高程点,山大总图 -调整_t6.dwg,图层 地形,4.38,4.38,-193.18,503.07,测量点符号(gc200)的位置,True,False,3.6,3.49,3.64,0.76,0.88,0.74
测量高程点,山大总图 -调整_t6.dwg,图层 地形,4.39,4.39,-184.58,507.16,测量点符号(gc200)的位置,True,False,3.57,3.49,3.64,0.81,0.89,0.75
测量高程点,山大总图 -调整_t6.dwg,图层 地形,4.37,4.37,-195.23,513.02,数字左下方0.8 m处(附近没有测量点符号，按常见偏移推),True,False,3.57,3.49,3.62,0.79,0.86,0.75
测量高程点,山大总图 -调整_t6.dwg,图层 地形,4.40,4.4,-193.42,516.92,测量点符号(gc200)的位置,True,False,3.55,3.51,3.44,0.84,0.88,0.96
测量高程点,山大总图 -调整_t6.dwg,图层 地形,4.42,4.42,-202.83,502.77,测量点符号(gc200)的位置,True,False,3.62,3.49,3.64,0.79,0.92,0.78
测量高程点,山大总图 -调整_t6.dwg,图层 地形,4.42,4.42,-208.83,509.28,测量点符号(gc200)的位置,True,False,3.58,3.49,3.64,0.82,0.92,0.78
测量高程点,山大总图 -调整_t6.dwg,图层 地形,4.46,4.46,-208.82,500.12,测量点符号(gc200)的位置,True,False,3.63,3.49,3.64,0.81,0.95,0.82
测量高程点,山大总图 -调整_t6.dwg,图层 地形,4.46,4.46,-225.19,499.94,数字左下方0.8 m处(附近没有测量点符号，按常见偏移推),True,False,3.63,3.52,3.63,0.81,0.93,0.84
测量高程点,山大总图 -调整_t6.dwg,图层 地形,4.38,4.38,-205.89,516.42,测量点符号(gc200)的位置,True,False,3.55,3.5,3.45,0.82,0.87,0.94
测量高程点,山大总图 -调整_t6.dwg,图层 地形,4.55,4.55,-215.63,512.07,测量点符号(gc200)的位置,True,False,3.56,3.49,3.64,0.98,1.05,0.91
测量高程点,山大总图 -调整_t6.dwg,图层 地形,4.44,4.44,-222.82,483.79,测量点符号(gc200)的位置,True,False,3.75,3.75,3.8,0.67,0.68,0.65
测量高程点,山大总图 -调整_t6.dwg,图层 地形,4.96,4.96,-227.28,479.69,测量点符号(gc200)的位置,True,False,3.77,3.73,3.83,1.17,1.21,1.14
测量高程点,山大总图 -调整_t6.dwg,图层 地形,5.16,5.16,-227.02,493.05,测量点符号(gc200)的位置,True,False,3.67,3.64,3.68,1.47,1.51,1.49
测量高程点,山大总图 -调整_t6.dwg,图层 地形,5.03,5.03,-234.27,505.63,数字左下方0.8 m处(附近没有测量点符号，按常见偏移推),True,False,3.6,3.59,3.62,1.42,1.42,1.41
测量高程点,山大总图 -调整_t6.dwg,图层 地形,4.41,4.41,-224.97,505.81,测量点符号(gc200)的位置,True,False,3.59,3.5,3.6,0.8,0.89,0.82
测量高程点,山大总图 -调整_t6.dwg,图层 地形,5.03,5.03,-242.23,507.35,测量点符号(gc200)的位置,True,False,3.6,3.6,3.64,1.41,1.41,1.39
测量高程点,山大总图 -调整_t6.dwg,图层 地形,4.42,4.42,-242.23,507.35,测量点符号(gc200)的位置,True,False,3.6,3.6,3.64,0.8,0.8,0.78
测量高程点,山大总图 -调整_t6.dwg,图层 地形,4.57,4.57,-273.7,517.27,测量点符号(gc200)的位置,True,False,3.56,3.56,3.56,0.99,0.99,1.02
测量高程点,山大总图 -调整_t6.dwg,图层 地形,4.42,4.42,-272.87,498.69,测量点符号(gc200)的位置,True,False,3.76,3.76,3.77,0.65,0.65,0.65
测量高程点,山大总图 -调整_t6.dwg,图层 地形,5.13,5.13,-240.47,487.37,数字左下方0.8 m处(附近没有测量点符号，按常见偏移推),True,False,3.69,3.74,3.7,1.43,1.38,1.44
测量高程点,山大总图 -调整_t6.dwg,图层 地形,5.06,5.06,-248.98,491.38,数字左下方0.8 m处(附近没有测量点符号，按常见偏移推),True,False,3.7,3.71,3.69,1.35,1.34,1.37
测量高程点,山大总图 -调整_t6.dwg,图层 地形,5.04,5.04,-249.2,501.92,测量点符号(gc200)的位置,True,False,3.65,3.65,3.71,1.38,1.38,1.34
测量高程点,山大总图 -调整_t6.dwg,图层 地形,5.04,5.04,-257.95,490.4,测量点符号(gc200)的位置,True,False,3.78,3.78,3.71,1.25,1.24,1.33
测量高程点,山大总图 -调整_t6.dwg,图层 地形,5.07,5.07,-254.69,496.71,测量点符号(gc200)的位置,True,False,3.71,3.71,3.73,1.35,1.35,1.34
测量高程点,山大总图 -调整_t6.dwg,图层 地形,5.06,5.06,-266.14,490.14,测量点符号(gc200)的位置,True,False,3.83,3.82,3.7,1.21,1.22,1.36
测量高程点,山大总图 -调整_t6.dwg,图层 地形,4.46,4.46,-274.2,508.57,测量点符号(gc200)的位置,True,False,3.64,3.64,3.69,0.8,0.8,0.78
测量高程点,山大总图 -调整_t6.dwg,图层 地形,4.99,4.99,-284.88,507.11,数字左下方0.8 m处(附近没有测量点符号，按常见偏移推),True,False,3.63,3.63,3.69,1.35,1.35,1.31
测量高程点,山大总图 -调整_t6.dwg,图层 地形,4.55,4.55,-272.19,540.07,测量点符号(gc200)的位置,True,False,3.47,3.49,3.64,1.07,1.05,0.91
测量高程点,山大总图 -调整_t6.dwg,图层 地形,5.14,5.14,-282.65,490.64,测量点符号(gc200)的位置,True,False,3.8,3.79,3.77,1.33,1.33,1.38
测量高程点,山大总图 -调整_t6.dwg,图层 地形,5.01,5.01,-295.02,494.96,数字左下方0.8 m处(附近没有测量点符号，按常见偏移推),True,False,3.68,3.7,3.65,1.32,1.3,1.37
测量高程点,山大总图 -调整_t6.dwg,图层 地形,4.99,4.99,-295.45,502.62,数字左下方0.8 m处(附近没有测量点符号，按常见偏移推),True,False,3.63,3.63,3.64,1.35,1.35,1.35
测量高程点,山大总图 -调整_t6.dwg,图层 地形,5.06,5.06,-288.42,509.92,测量点符号(gc200)的位置,True,False,3.59,3.59,3.64,1.46,1.46,1.42
测量高程点,山大总图 -调整_t6.dwg,图层 地形,4.64,4.64,-292.89,511.85,测量点符号(gc200)的位置,True,False,3.57,3.57,3.63,1.06,1.06,1.02
测量高程点,山大总图 -调整_t6.dwg,图层 地形,4.58,4.58,-291.11,527.69,数字左下方0.8 m处(附近没有测量点符号，按常见偏移推),True,False,3.49,3.49,3.5,1.08,1.08,1.08
测量高程点,山大总图 -调整_t6.dwg,图层 地形,5.02,5.02,-295.88,498.91,测量点符号(gc200)的位置,True,False,3.65,3.65,3.64,1.35,1.35,1.38
测量高程点,山大总图 -调整_t6.dwg,图层 地形,5.31,5.31,-292.67,469.46,测量点符号(gc200)的位置,True,False,3.77,3.91,4.06,1.53,1.38,1.25
测量高程点,山大总图 -调整_t6.dwg,图层 地形,5.04,5.04,-295.91,489.45,数字左下方0.8 m处(附近没有测量点符号，按常见偏移推),True,False,3.71,3.73,3.72,1.32,1.3,1.32
测量高程点,山大总图 -调整_t6.dwg,图层 地形,5.08,5.08,-294.33,479.62,数字左下方0.8 m处(附近没有测量点符号，按常见偏移推),True,False,3.75,3.91,4.06,1.32,1.16,1.02
测量高程点,山大总图 -调整_t6.dwg,图层 地形,5.08,5.08,-291.52,474.93,测量点符号(gc200)的位置,True,False,3.77,3.91,4.06,1.29,1.16,1.02
测量高程点,山大总图 -调整_t6.dwg,图层 地形,5.09,5.09,-260.87,469.53,测量点符号(gc200)的位置,True,False,3.94,3.92,3.87,1.13,1.16,1.22
测量高程点,山大总图 -调整_t6.dwg,图层 地形,5.00,5.0,-233.89,467.91,测量点符号(gc200)的位置,True,False,3.86,3.88,3.96,1.13,1.11,1.05
测量高程点,山大总图 -调整_t6.dwg,图层 地形,4.51,4.51,-249.03,522.44,测量点符号(gc200)的位置,True,False,3.56,3.56,3.43,0.93,0.94,1.08
测量高程点,山大总图 -调整_t6.dwg,图层 地形,4.50,4.5,-236.85,526.14,测量点符号(gc200)的位置,True,False,3.53,3.51,3.42,0.96,0.97,1.09
测量高程点,山大总图 -调整_t6.dwg,图层 地形,4.51,4.51,-245.53,537.1,测量点符号(gc200)的位置,True,False,3.49,3.49,3.64,1.0,1.01,0.87
测量高程点,山大总图 -调整_t6.dwg,图层 地形,4.56,4.56,-257.34,533.13,测量点符号(gc200)的位置,True,False,3.51,3.5,3.41,1.04,1.05,1.16
测量高程点,山大总图 -调整_t6.dwg,图层 地形,4.52,4.52,-265.0,525.02,测量点符号(gc200)的位置,True,False,3.53,3.53,3.44,0.97,0.98,1.09
测量高程点,山大总图 -调整_t6.dwg,图层 地形,4.50,4.5,-234.93,544.96,测量点符号(gc200)的位置,True,False,3.45,3.49,3.64,1.03,1.0,0.86
测量高程点,山大总图 -调整_t6.dwg,图层 地形,4.52,4.52,-257.73,547.3,测量点符号(gc200)的位置,True,False,3.45,3.49,3.64,1.05,1.02,0.88
测量高程点,山大总图 -调整_t6.dwg,图层 地形,4.52,4.52,-285.4,550.18,测量点符号(gc200)的位置,True,False,3.44,3.44,3.38,1.06,1.07,1.15
测量高程点,山大总图 -调整_t6.dwg,图层 地形,4.54,4.54,-286.48,537.71,测量点符号(gc200)的位置,True,False,3.46,3.47,3.4,1.06,1.06,1.14
测量高程点,山大总图 -调整_t6.dwg,图层 地形,4.56,4.56,-278.4,525.96,测量点符号(gc200)的位置,True,False,3.5,3.5,3.45,1.04,1.05,1.11
测量高程点,山大总图 -调整_t6.dwg,图层 地形,5.10,5.1,-182.73,473.28,测量点符号(gc200)的位置,True,False,3.71,3.62,3.64,1.38,1.47,1.46
测量高程点,山大总图 -调整_t6.dwg,图层 地形,3.45,3.45,-122.98,596.82,测量点符号(gc200)的位置,True,False,3.29,3.29,3.29,0.14,0.14,0.16
测量高程点,山大总图 -调整_t6.dwg,图层 地形,4.63,4.63,-146.59,479.94,测量点符号(gc200)的位置,True,False,3.66,3.65,3.65,0.96,0.97,0.98
测量高程点,山大总图 -调整_t6.dwg,图层 地形,4.50,4.5,-141.08,491.5,测量点符号(gc200)的位置,True,False,3.57,3.63,3.64,0.91,0.85,0.87
测量高程点,山大总图 -调整_t6.dwg,图层 地形,3.78,3.78,-98.46,528.41,测量点符号(gc200)的位置,True,False,3.35,3.35,3.42,0.41,0.42,0.36
测量高程点,山大总图 -调整_t6.dwg,图层 地形,4.43,4.43,-139.07,520.99,测量点符号(gc200)的位置,True,False,3.49,3.48,3.5,0.93,0.93,0.93
测量高程点,山大总图 -调整_t6.dwg,图层 地形,4.02,4.02,-131.7,530.22,测量点符号(gc200)的位置,True,False,3.43,3.43,3.46,0.58,0.58,0.56
测量高程点,山大总图 -调整_t6.dwg,图层 地形,3.82,3.82,-90.74,535.67,测量点符号(gc200)的位置,True,False,3.33,3.33,3.39,0.48,0.48,0.44
测量高程点,山大总图 -调整_t6.dwg,图层 地形,3.90,3.9,-123.54,536.34,测量点符号(gc200)的位置,True,False,3.38,3.38,3.4,0.51,0.51,0.5
测量高程点,山大总图 -调整_t6.dwg,图层 地形,4.09,4.09,-140.25,544.34,测量点符号(gc200)的位置,True,False,3.4,3.4,3.44,0.67,0.67,0.66
测量高程点,山大总图 -调整_t6.dwg,图层 地形,3.87,3.87,-148.36,543.15,数字左下方0.8 m处(附近没有测量点符号，按常见偏移推),True,False,3.42,3.42,3.4,0.44,0.44,0.48
测量高程点,山大总图 -调整_t6.dwg,图层 地形,3.87,3.87,-68.23,527.89,测量点符号(gc200)的位置,True,False,3.31,3.31,3.4,0.55,0.55,0.47
测量高程点,山大总图 -调整_t6.dwg,图层 地形,2.52,2.52,-54.54,579.71,测量点符号(gc200)的位置,True,False,3.24,3.71,3.71,-0.73,-1.21,-1.19
测量高程点,山大总图 -调整_t6.dwg,图层 地形,2.71,2.71,-95.8,702.12,数字左下方0.8 m处(附近没有测量点符号，按常见偏移推),True,False,3.33,3.48,3.25,-0.63,-0.79,-0.54
测量高程点,山大总图 -调整_t6.dwg,图层 地形,2.66,2.66,-92.9,691.66,数字左下方0.8 m处(附近没有测量点符号，按常见偏移推),True,False,3.31,3.71,3.71,-0.66,-1.07,-1.05
测量高程点,山大总图 -调整_t6.dwg,图层 地形,2.62,2.62,-92.34,665.24,数字左下方0.8 m处(附近没有测量点符号，按常见偏移推),True,False,3.27,3.69,3.39,-0.66,-1.08,-0.77
测量高程点,山大总图 -调整_t6.dwg,图层 地形,2.64,2.64,-103.66,624.13,数字左下方0.8 m处(附近没有测量点符号，按常见偏移推),True,False,3.26,3.26,3.24,-0.63,-0.63,-0.59
测量高程点,山大总图 -调整_t6.dwg,图层 地形,2.73,2.73,-93.78,600.95,测量点符号(gc200)的位置,True,False,3.27,3.71,3.71,-0.55,-1.0,-0.98
测量高程点,山大总图 -调整_t6.dwg,图层 地形,2.66,2.66,-101.28,602.05,测量点符号(gc200)的位置,True,False,3.27,3.71,3.71,-0.63,-1.07,-1.05
测量高程点,山大总图 -调整_t6.dwg,图层 地形,3.76,3.76,-115.13,620.58,测量点符号(gc200)的位置,True,False,3.27,3.27,3.25,0.48,0.47,0.52
测量高程点,山大总图 -调整_t6.dwg,图层 地形,3.83,3.83,-107.98,692.4,数字左下方0.8 m处(附近没有测量点符号，按常见偏移推),True,False,3.32,3.31,3.25,0.5,0.51,0.58
测量高程点,山大总图 -调整_t6.dwg,图层 地形,3.77,3.77,-103.07,709.43,数字左下方0.8 m处(附近没有测量点符号，按常见偏移推),True,False,3.34,3.32,3.27,0.41,0.44,0.51
测量高程点,山大总图 -调整_t6.dwg,图层 地形,3.87,3.87,-125.09,675.62,测量点符号(gc200)的位置,True,False,3.31,3.31,3.39,0.55,0.55,0.49
测量高程点,山大总图 -调整_t6.dwg,图层 地形,3.89,3.89,-119.23,695.15,测量点符号(gc200)的位置,True,False,3.33,3.31,3.46,0.54,0.57,0.44
测量高程点,山大总图 -调整_t6.dwg,图层 地形,3.92,3.92,-139.33,704.81,数字左下方0.8 m处(附近没有测量点符号，按常见偏移推),True,False,3.37,3.33,3.29,0.54,0.58,0.63
测量高程点,山大总图 -调整_t6.dwg,图层 地形,3.90,3.9,-141.77,692.56,数字左下方0.8 m处(附近没有测量点符号，按常见偏移推),True,False,3.34,3.33,3.28,0.54,0.55,0.62
测量高程点,山大总图 -调整_t6.dwg,图层 地形,3.88,3.88,-146.04,666.27,数字左下方0.8 m处(附近没有测量点符号，按常见偏移推),True,False,3.31,3.31,3.27,0.55,0.56,0.61
测量高程点,山大总图 -调整_t6.dwg,图层 地形,3.88,3.88,-143.85,679.24,数字左下方0.8 m处(附近没有测量点符号，按常见偏移推),True,False,3.33,3.31,3.28,0.54,0.55,0.61
测量高程点,山大总图 -调整_t6.dwg,图层 地形,3.82,3.82,-113.45,658.74,测量点符号(gc200)的位置,True,False,3.28,3.28,3.28,0.53,0.53,0.54
测量高程点,山大总图 -调整_t6.dwg,图层 地形,3.84,3.84,-116.53,647.89,测量点符号(gc200)的位置,True,False,3.28,3.28,3.25,0.55,0.55,0.6
测量高程点,山大总图 -调整_t6.dwg,图层 地形,3.86,3.86,-149.13,646.04,测量点符号(gc200)的位置,True,False,3.3,3.31,3.27,0.54,0.54,0.59
测量高程点,山大总图 -调整_t6.dwg,图层 地形,3.87,3.87,-148.28,652.86,数字左下方0.8 m处(附近没有测量点符号，按常见偏移推),True,False,3.31,3.31,3.27,0.55,0.55,0.6
测量高程点,山大总图 -调整_t6.dwg,图层 地形,3.87,3.87,-148.34,633.52,测量点符号(gc200)的位置,True,False,3.3,3.31,3.46,0.56,0.55,0.42
测量高程点,山大总图 -调整_t6.dwg,图层 地形,3.81,3.81,-122.68,613.01,测量点符号(gc200)的位置,True,False,3.28,3.28,3.46,0.52,0.51,0.36
测量高程点,山大总图 -调整_t6.dwg,图层 地形,3.80,3.8,-129.16,614.16,测量点符号(gc200)的位置,True,False,3.28,3.31,3.46,0.5,0.48,0.35
测量高程点,山大总图 -调整_t6.dwg,图层 地形,3.78,3.78,-142.53,613.58,测量点符号(gc200)的位置,True,False,3.29,3.31,3.46,0.47,0.46,0.33
测量高程点,山大总图 -调整_t6.dwg,图层 地形,3.79,3.79,-148.23,615.32,测量点符号(gc200)的位置,True,False,3.3,3.31,3.46,0.48,0.47,0.34
测量高程点,山大总图 -调整_t6.dwg,图层 地形,3.80,3.8,-151.07,618.02,测量点符号(gc200)的位置,True,False,3.3,3.31,3.41,0.49,0.48,0.4
测量高程点,山大总图 -调整_t6.dwg,图层 地形,3.56,3.56,-163.91,620.76,测量点符号(gc200)的位置,True,False,3.31,3.31,3.29,0.24,0.24,0.28
测量高程点,山大总图 -调整_t6.dwg,图层 地形,4.05,4.05,-244.67,631.81,数字左下方0.8 m处(附近没有测量点符号，按常见偏移推),True,False,3.34,3.33,3.48,0.7,0.71,0.58
测量高程点,山大总图 -调整_t6.dwg,图层 地形,4.07,4.07,-241.72,648.65,数字左下方0.8 m处(附近没有测量点符号，按常见偏移推),True,False,3.33,3.33,3.48,0.73,0.73,0.6
测量高程点,山大总图 -调整_t6.dwg,图层 地形,4.03,4.03,-275.58,656.27,测量点符号(gc200)的位置,True,False,3.35,3.35,3.35,0.67,0.67,0.68
测量高程点,山大总图 -调整_t6.dwg,图层 地形,4.12,4.12,-289.67,660.16,测量点符号(gc200)的位置,False,False,3.35,3.35,3.35,0.75,0.75,0.77
测量高程点,山大总图 -调整_t6.dwg,图层 地形,4.04,4.04,-295.82,661.75,测量点符号(gc200)的位置,False,False,3.35,3.35,3.35,0.68,0.68,0.7
测量高程点,山大总图 -调整_t6.dwg,图层 地形,4.02,4.02,-293.54,642.47,测量点符号(gc200)的位置,True,False,3.35,3.35,3.36,0.66,0.66,0.67
测量高程点,山大总图 -调整_t6.dwg,图层 地形,4.06,4.06,-286.96,653.53,数字左下方0.8 m处(附近没有测量点符号，按常见偏移推),False,False,3.35,3.35,3.35,0.7,0.7,0.71
测量高程点,山大总图 -调整_t6.dwg,图层 地形,4.09,4.09,-290.69,650.0,测量点符号(gc200)的位置,True,False,3.35,3.35,3.36,0.73,0.73,0.74
测量高程点,山大总图 -调整_t6.dwg,图层 地形,4.10,4.1,-262.2,640.97,数字左下方0.8 m处(附近没有测量点符号，按常见偏移推),True,False,3.32,3.32,3.32,0.76,0.77,0.79
测量高程点,山大总图 -调整_t6.dwg,图层 地形,4.19,4.19,-288.96,633.27,测量点符号(gc200)的位置,True,False,3.34,3.34,3.32,0.83,0.83,0.88
测量高程点,山大总图 -调整_t6.dwg,图层 地形,4.20,4.2,-281.68,629.06,数字左下方0.8 m处(附近没有测量点符号，按常见偏移推),True,False,3.33,3.33,3.32,0.85,0.85,0.89
测量高程点,山大总图 -调整_t6.dwg,图层 地形,3.68,3.68,-229.92,614.81,测量点符号(gc200)的位置,True,False,3.34,3.34,3.32,0.32,0.33,0.37
测量高程点,山大总图 -调整_t6.dwg,图层 地形,3.72,3.72,-294.42,626.53,测量点符号(gc200)的位置,True,False,3.35,3.35,3.33,0.35,0.35,0.39
测量高程点,山大总图 -调整_t6.dwg,图层 地形,3.71,3.71,-273.59,622.48,测量点符号(gc200)的位置,True,False,3.33,3.33,3.32,0.37,0.37,0.4
测量高程点,山大总图 -调整_t6.dwg,图层 地形,3.69,3.69,-247.71,618.18,测量点符号(gc200)的位置,True,False,3.35,3.33,3.48,0.33,0.35,0.22
测量高程点,山大总图 -调整_t6.dwg,图层 地形,3.81,3.81,-260.76,607.17,测量点符号(gc200)的位置,True,False,3.35,3.35,3.5,0.45,0.45,0.32
测量高程点,山大总图 -调整_t6.dwg,图层 地形,4.20,4.2,-287.27,594.84,数字左下方0.8 m处(附近没有测量点符号，按常见偏移推),True,False,3.36,3.36,3.36,0.82,0.83,0.84
测量高程点,山大总图 -调整_t6.dwg,图层 地形,4.22,4.22,-284.87,580.91,测量点符号(gc200)的位置,True,False,3.37,3.37,3.34,0.83,0.83,0.89
测量高程点,山大总图 -调整_t6.dwg,图层 地形,4.29,4.29,-226.06,555.06,测量点符号(gc200)的位置,True,False,3.43,3.49,3.56,0.85,0.79,0.73
测量高程点,山大总图 -调整_t6.dwg,图层 地形,4.22,4.22,-275.07,563.09,数字左下方0.8 m处(附近没有测量点符号，按常见偏移推),True,False,3.41,3.43,3.36,0.79,0.78,0.87
测量高程点,山大总图 -调整_t6.dwg,图层 地形,4.27,4.27,-277.01,570.71,数字左下方0.8 m处(附近没有测量点符号，按常见偏移推),True,False,3.39,3.39,3.35,0.86,0.86,0.93
测量高程点,山大总图 -调整_t6.dwg,图层 地形,4.23,4.23,-275.02,579.07,数字左下方0.8 m处(附近没有测量点符号，按常见偏移推),True,False,3.38,3.38,3.34,0.84,0.84,0.9
测量高程点,山大总图 -调整_t6.dwg,图层 地形,4.20,4.2,-266.18,580.36,测量点符号(gc200)的位置,True,False,3.38,3.38,3.36,0.81,0.81,0.85
测量高程点,山大总图 -调整_t6.dwg,图层 地形,4.03,4.03,-228.61,586.7,测量点符号(gc200)的位置,True,False,3.37,3.37,3.38,0.65,0.64,0.66
测量高程点,山大总图 -调整_t6.dwg,图层 地形,3.69,3.69,-230.92,603.54,测量点符号(gc200)的位置,True,False,3.36,3.35,3.32,0.32,0.32,0.37
测量高程点,山大总图 -调整_t6.dwg,图层 地形,3.69,3.69,-204.3,597.58,测量点符号(gc200)的位置,True,False,3.35,3.35,3.38,0.33,0.33,0.31
测量高程点,山大总图 -调整_t6.dwg,图层 地形,3.70,3.7,-190.57,595.22,数字左下方0.8 m处(附近没有测量点符号，按常见偏移推),True,False,3.34,3.34,3.39,0.34,0.34,0.32
测量高程点,山大总图 -调整_t6.dwg,图层 地形,3.71,3.71,-156.97,588.88,测量点符号(gc200)的位置,True,False,3.33,3.32,3.28,0.37,0.37,0.43
测量高程点,山大总图 -调整_t6.dwg,图层 地形,3.94,3.94,-156.86,561.74,测量点符号(gc200)的位置,True,False,3.37,3.38,3.36,0.55,0.55,0.58
测量高程点,山大总图 -调整_t6.dwg,图层 地形,4.30,4.3,-158.86,524.19,测量点符号(gc200)的位置,True,False,3.48,3.48,3.41,0.81,0.8,0.9
测量高程点,山大总图 -调整_t6.dwg,图层 地形,4.64,4.64,-161.12,475.47,测量点符号(gc200)的位置,True,False,3.71,3.71,3.71,0.92,0.92,0.93
测量高程点,山大总图 -调整_t6.dwg,图层 地形,5.06,5.06,-173.13,471.51,数字左下方0.8 m处(附近没有测量点符号，按常见偏移推),True,False,3.72,3.65,3.73,1.33,1.39,1.34
测量高程点,山大总图 -调整_t6.dwg,图层 地形,5.04,5.04,-203.91,473.65,测量点符号(gc200)的位置,True,False,3.76,3.57,3.62,1.26,1.46,1.42
测量高程点,山大总图 -调整_t6.dwg,图层 地形,5.01,5.01,-215.42,464.96,测量点符号(gc200)的位置,True,False,3.85,3.49,3.64,1.14,1.51,1.37
测量高程点,山大总图 -调整_t6.dwg,图层 地形,5.03,5.03,-227.39,463.38,测量点符号(gc200)的位置,True,False,3.88,3.56,3.64,1.13,1.46,1.39
测量高程点,山大总图 -调整_t6.dwg,图层 地形,4.90,4.9,-254.56,463.43,数字左下方0.8 m处(附近没有测量点符号，按常见偏移推),True,False,3.96,3.91,4.06,0.92,0.97,0.84
测量高程点,山大总图 -调整_t6.dwg,图层 地形,4.29,4.29,-160.5,502.03,测量点符号(gc200)的位置,True,False,3.56,3.57,3.54,0.72,0.71,0.76
测量高程点,山大总图 -调整_t6.dwg,图层 地形,4.39,4.39,-153.38,490.93,测量点符号(gc200)的位置,True,False,3.6,3.61,3.6,0.77,0.76,0.8
测量高程点,山大总图 -调整_t6.dwg,图层 地形,4.16,4.16,-151.97,518.89,测量点符号(gc200)的位置,True,False,3.51,3.5,3.44,0.64,0.64,0.73
测量高程点,山大总图 -调整_t6.dwg,图层 地形,3.95,3.95,-157.95,543.69,测量点符号(gc200)的位置,True,False,3.42,3.42,3.4,0.52,0.51,0.56
测量高程点,山大总图 -调整_t6.dwg,图层 地形,3.81,3.81,-149.7,558.82,测量点符号(gc200)的位置,True,False,3.37,3.38,3.36,0.42,0.42,0.46
测量高程点,山大总图 -调整_t6.dwg,图层 地形,3.57,3.57,-147.71,587.59,测量点符号(gc200)的位置,True,False,3.32,3.32,3.27,0.24,0.24,0.3
测量高程点,山大总图 -调整_t6.dwg,图层 地形,3.60,3.6,-160.13,596.5,测量点符号(gc200)的位置,True,False,3.32,3.32,3.28,0.27,0.27,0.32
测量高程点,山大总图 -调整_t6.dwg,图层 地形,3.69,3.69,-137.26,587.29,测量点符号(gc200)的位置,True,False,3.31,3.31,3.26,0.37,0.37,0.43
测量高程点,山大总图 -调整_t6.dwg,图层 地形,3.81,3.81,-134.12,580.85,测量点符号(gc200)的位置,True,False,3.32,3.32,3.29,0.48,0.48,0.52
测量高程点,山大总图 -调整_t6.dwg,图层 地形,4.12,4.12,-135.62,555.17,测量点符号(gc200)的位置,True,False,3.36,3.36,3.4,0.74,0.75,0.73
测量高程点,山大总图 -调整_t6.dwg,图层 地形,4.15,4.15,-105.9,554.41,测量点符号(gc200)的位置,True,False,3.32,3.32,3.27,0.81,0.81,0.88
测量高程点,山大总图 -调整_t6.dwg,图层 地形,4.07,4.07,-59.39,558.64,测量点符号(gc200)的位置,True,False,3.26,3.26,3.21,0.79,0.79,0.87
测量高程点,山大总图 -调整_t6.dwg,图层 地形,3.84,3.84,-55.69,542.49,测量点符号(gc200)的位置,True,False,3.28,3.28,3.21,0.55,0.55,0.63
测量高程点,山大总图 -调整_t6.dwg,图层 地形,4.02,4.02,-106.47,543.73,测量点符号(gc200)的位置,True,False,3.33,3.34,3.37,0.67,0.67,0.66
测量高程点,山大总图 -调整_t6.dwg,图层 地形,3.98,3.98,-69.72,524.83,测量点符号(gc200)的位置,True,False,3.32,3.32,3.4,0.65,0.65,0.59
测量高程点,山大总图 -调整_t6.dwg,图层 地形,4.37,4.37,-143.36,499.17,测量点符号(gc200)的位置,True,False,3.55,3.61,3.52,0.81,0.75,0.85
测量高程点,山大总图 -调整_t6.dwg,图层 地形,4.49,4.49,-131.38,478.96,测量点符号(gc200)的位置,True,False,3.61,3.64,3.64,0.87,0.84,0.86
测量高程点,山大总图 -调整_t6.dwg,图层 地形,4.36,4.36,-110.65,512.33,测量点符号(gc200)的位置,True,False,3.41,3.42,3.34,0.93,0.92,1.02
测量高程点,山大总图 -调整_t6.dwg,图层 地形,4.38,4.38,-69.15,511.54,测量点符号(gc200)的位置,True,False,3.34,3.34,3.26,1.03,1.02,1.13
测量高程点,山大总图 -调整_t6.dwg,图层 地形,3.69,3.69,-115.85,598.41,测量点符号(gc200)的位置,True,False,3.29,3.29,3.25,0.39,0.39,0.45
测量高程点,山大总图 -调整_t6.dwg,图层 地形,4.00,4.0,-126.68,576.53,测量点符号(gc200)的位置,True,False,3.32,3.31,3.31,0.67,0.67,0.69
测量高程点,山大总图 -调整_t6.dwg,图层 地形,4.18,4.18,-65.34,572.96,测量点符号(gc200)的位置,True,False,3.25,3.71,3.71,0.91,0.45,0.47
测量高程点,山大总图 -调整_t6.dwg,图层 地形,3.63,3.63,-259.11,613.44,测量点符号(gc200)的位置,True,False,3.34,3.34,3.32,0.27,0.27,0.32
测量高程点,山大总图 -调整_t6.dwg,图层 地形,3.59,3.59,-228.73,608.51,测量点符号(gc200)的位置,True,False,3.35,3.35,3.32,0.23,0.23,0.28
测量高程点,山大总图 -调整_t6.dwg,图层 地形,3.49,3.49,-207.54,610.46,测量点符号(gc200)的位置,True,False,3.33,3.33,3.31,0.14,0.15,0.18
测量高程点,山大总图 -调整_t6.dwg,图层 地形,4.09,4.09,-258.41,599.63,测量点符号(gc200)的位置,True,False,3.36,3.35,3.32,0.72,0.73,0.78
测量高程点,山大总图 -调整_t6.dwg,图层 地形,3.91,3.91,-248.15,585.08,测量点符号(gc200)的位置,True,False,3.37,3.37,3.37,0.52,0.53,0.54
测量高程点,山大总图 -调整_t6.dwg,图层 地形,4.00,4.0,-244.39,597.42,测量点符号(gc200)的位置,True,False,3.37,3.35,3.34,0.62,0.63,0.67
测量高程点,山大总图 -调整_t6.dwg,图层 地形,4.28,4.28,-290.65,604.15,测量点符号(gc200)的位置,True,False,3.36,3.36,3.37,0.91,0.91,0.92
测量高程点,山大总图 -调整_t6.dwg,图层 地形,3.94,3.94,-231.36,576.26,数字左下方0.8 m处(附近没有测量点符号，按常见偏移推),True,False,3.38,3.38,3.33,0.54,0.55,0.61
测量高程点,山大总图 -调整_t6.dwg,图层 地形,3.87,3.87,-145.51,637.87,测量点符号(gc200)的位置,True,False,3.3,3.31,3.46,0.56,0.55,0.42
测量高程点,山大总图 -调整_t6.dwg,图层 地形,2.60,2.6,-102.52,641.85,测量点符号(gc200)的位置,True,False,3.26,3.26,3.24,-0.68,-0.68,-0.63
测量高程点,山大总图 -调整_t6.dwg,图层 地形,4.08,4.08,-272.22,667.5,测量点符号(gc200)的位置,True,False,3.36,3.36,3.36,0.71,0.71,0.73
测量高程点,山大总图 -调整_t6.dwg,图层 地形,4.01,4.01,-274.27,687.03,测量点符号(gc200)的位置,False,False,3.36,3.36,3.36,0.64,0.64,0.66
测量高程点,山大总图 -调整_t6.dwg,图层 地形,3.99,3.99,-276.59,639.34,测量点符号(gc200)的位置,True,False,3.33,3.33,3.32,0.65,0.65,0.68
测量高程点,山大总图 -调整_t6.dwg,图层 地形,4.04,4.04,-246.18,637.96,测量点符号(gc200)的位置,True,False,3.33,3.33,3.48,0.69,0.7,0.57
测量高程点,山大总图 -调整_t6.dwg,图层 地形,4.03,4.03,-230.51,651.67,测量点符号(gc200)的位置,True,False,3.32,3.33,3.32,0.69,0.69,0.72
测量高程点,山大总图 -调整_t6.dwg,图层 地形,3.57,3.57,-204.0,627.5,测量点符号(gc200)的位置,True,False,3.32,3.32,3.31,0.23,0.23,0.26
测量高程点,山大总图 -调整_t6.dwg,图层 地形,3.63,3.63,-181.4,606.92,测量点符号(gc200)的位置,True,False,3.33,3.33,3.33,0.29,0.29,0.3
测量高程点,山大总图 -调整_t6.dwg,图层 地形,3.68,3.68,-157.96,605.65,测量点符号(gc200)的位置,True,False,3.31,3.31,3.28,0.35,0.36,0.4
测量高程点,山大总图 -调整_t6.dwg,图层 地形,3.77,3.77,-120.73,610.09,测量点符号(gc200)的位置,True,False,3.28,3.28,3.28,0.48,0.48,0.49
测量高程点,山大总图 -调整_t6.dwg,图层 地形,3.80,3.8,-102.06,706.1,测量点符号(gc200)的位置,True,False,3.34,3.32,3.26,0.45,0.47,0.54
测量高程点,山大总图 -调整_t6.dwg,图层 地形,2.69,2.69,-104.75,611.7,数字左下方0.8 m处(附近没有测量点符号，按常见偏移推),True,False,3.26,3.36,3.24,-0.59,-0.68,-0.54
测量高程点,山大总图 -调整_t6.dwg,图层 地形,2.36,2.36,-80.63,599.71,测量点符号(gc200)的位置,True,False,3.25,3.71,3.71,-0.91,-1.37,-1.35
测量高程点,山大总图 -调整_t6.dwg,图层 地形,4.22,4.22,-293.19,677.61,测量点符号(gc200)的位置,False,False,3.35,3.35,3.35,0.86,0.86,0.87
测量高程点,山大总图 -调整_t6.dwg,图层 地形,4.08,4.08,-258.58,654.98,测量点符号(gc200)的位置,True,False,3.33,3.33,3.32,0.73,0.74,0.77
测量高程点,山大总图 -调整_t6.dwg,图层 地形,4.07,4.07,-255.51,673.2,测量点符号(gc200)的位置,True,False,3.34,3.34,3.32,0.71,0.71,0.75
测量高程点,山大总图 -调整_t6.dwg,图层 地形,3.98,3.98,-248.12,687.35,测量点符号(gc200)的位置,True,False,3.35,3.36,3.32,0.62,0.61,0.66
测量高程点,山大总图 -调整_t6.dwg,图层 地形,5.09,5.09,-277.0,468.89,测量点符号(gc200)的位置,True,False,3.9,3.91,3.91,1.17,1.16,1.18
测量高程点,山大总图 -调整_t6.dwg,图层 地形,4.98,4.98,-220.38,476.05,数字左下方0.8 m处(附近没有测量点符号，按常见偏移推),True,False,3.81,3.6,3.71,1.16,1.36,1.28
测量高程点,山大总图 -调整_t6.dwg,图层 地形,4.16,4.16,-272.72,586.26,测量点符号(gc200)的位置,True,False,3.37,3.36,3.34,0.78,0.78,0.83
测量高程点,山大总图 -调整_t6.dwg,图层 地形,4.62,4.62,-295.3,551.15,测量点符号(gc200)的位置,True,False,3.44,3.42,3.4,1.17,1.18,1.23
测量高程点,山大总图 -调整_t6.dwg,图层 地形,4.29,4.29,-256.57,553.24,测量点符号(gc200)的位置,True,False,3.43,3.49,3.64,0.84,0.79,0.65
测量高程点,山大总图 -调整_t6.dwg,图层 地形,4.53,4.53,-280.5,559.64,测量点符号(gc200)的位置,True,False,3.42,3.44,3.36,1.09,1.07,1.17
测量高程点,山大总图 -调整_t6.dwg,图层 地形,3.89,3.89,-278.49,597.37,测量点符号(gc200)的位置,True,False,3.35,3.36,3.34,0.52,0.52,0.56
测量高程点,山大总图 -调整_t6.dwg,图层 地形,4.51,4.51,-76.45,476.11,测量点符号(gc200)的位置,True,False,3.44,3.64,3.64,1.06,0.86,0.88
测量高程点,山大总图 -调整_t6.dwg,图层 地形,4.14,4.14,-101.57,568.55,测量点符号(gc200)的位置,True,False,3.31,3.31,3.24,0.81,0.82,0.9
测量高程点,山大总图 -调整_t6.dwg,图层 地形,3.01,3.01,-107.37,591.11,测量点符号(gc200)的位置,True,False,3.29,3.31,3.24,-0.3,-0.31,-0.23
测量高程点,山大总图 -调整_t6.dwg,图层 地形,3.02,3.02,-83.07,588.19,测量点符号(gc200)的位置,True,False,3.27,3.71,3.71,-0.26,-0.71,-0.69
测量高程点,山大总图 -调整_t6.dwg,图层 地形,3.11,3.11,-64.66,583.29,测量点符号(gc200)的位置,True,False,3.24,3.71,3.71,-0.15,-0.62,-0.6
测量高程点,山大总图 -调整_t6.dwg,图层 地形,2.21,2.21,-96.27,633.22,测量点符号(gc200)的位置,True,False,3.26,3.41,3.23,-1.06,-1.21,-1.02
测量高程点,山大总图 -调整_t6.dwg,图层 地形,1.98,1.98,-86.43,676.32,测量点符号(gc200)的位置,True,False,3.27,3.71,3.71,-1.31,-1.75,-1.73
测量高程点,山大总图 -调整_t6.dwg,图层 地形,4.49,4.49,-261.92,512.38,测量点符号(gc200)的位置,True,False,3.62,3.62,3.63,0.86,0.86,0.86
测量高程点,山大总图 -调整_t6.dwg,图层 地形,3.87,3.87,-52.94,534.64,测量点符号(gc200)的位置,True,False,3.28,3.28,3.35,0.57,0.57,0.53
测量高程点,山大总图 -调整_t6.dwg,图层 地形,3.69,3.69,-183.05,611.17,测量点符号(gc200)的位置,True,False,3.32,3.32,3.3,0.35,0.35,0.39
测量高程点,山大总图 -调整_t6.dwg,图层 地形,2.42,2.42,-31.72,575.93,数字左下方0.8 m处(附近没有测量点符号，按常见偏移推),True,False,3.22,3.71,3.71,-0.81,-1.31,-1.29
测量高程点,山大总图 -调整_t6.dwg,图层 地形,2.33,2.33,-15.87,583.57,数字左下方0.8 m处(附近没有测量点符号，按常见偏移推),True,False,3.2,3.71,3.71,-0.89,-1.4,-1.38
测量高程点,山大总图 -调整_t6.dwg,图层 地形,2.36,2.36,-33.96,591.17,数字左下方0.8 m处(附近没有测量点符号，按常见偏移推),True,False,3.21,3.71,3.71,-0.87,-1.37,-1.35
测量高程点,山大总图 -调整_t6.dwg,图层 地形,2.37,2.37,-45.79,590.31,数字左下方0.8 m处(附近没有测量点符号，按常见偏移推),True,False,3.22,3.71,3.71,-0.87,-1.36,-1.34
测量高程点,山大总图 -调整_t6.dwg,图层 地形,1.81,1.81,45.97,558.75,数字左下方0.8 m处(附近没有测量点符号，按常见偏移推),True,False,3.2,3.2,3.19,-1.4,-1.4,-1.37
测量高程点,山大总图 -调整_t6.dwg,图层 地形,2.23,2.23,7.69,665.34,数字左下方0.8 m处(附近没有测量点符号，按常见偏移推),True,False,3.2,3.32,3.18,-0.99,-1.1,-0.95
测量高程点,山大总图 -调整_t6.dwg,图层 地形,2.24,2.24,8.32,690.88,数字左下方0.8 m处(附近没有测量点符号，按常见偏移推),True,False,3.22,3.22,3.19,-0.99,-0.99,-0.95
测量高程点,山大总图 -调整_t6.dwg,图层 地形,2.30,2.3,6.72,709.58,数字左下方0.8 m处(附近没有测量点符号，按常见偏移推),True,False,3.24,3.24,3.2,-0.96,-0.96,-0.9
测量高程点,山大总图 -调整_t6.dwg,图层 地形,2.25,2.25,2.77,640.82,数字左下方0.8 m处(附近没有测量点符号，按常见偏移推),True,False,3.19,3.71,3.71,-0.95,-1.48,-1.46
测量高程点,山大总图 -调整_t6.dwg,图层 地形,2.34,2.34,-1.15,621.62,数字左下方0.8 m处(附近没有测量点符号，按常见偏移推),True,False,3.19,3.71,3.71,-0.86,-1.39,-1.37
测量高程点,山大总图 -调整_t6.dwg,图层 地形,2.32,2.32,-16.11,596.46,数字左下方0.8 m处(附近没有测量点符号，按常见偏移推),True,False,3.2,3.71,3.71,-0.89,-1.41,-1.39
测量高程点,山大总图 -调整_t6.dwg,图层 地形,2.21,2.21,50.39,708.83,数字左下方0.8 m处(附近没有测量点符号，按常见偏移推),True,False,3.22,3.22,3.2,-1.03,-1.03,-0.99
测量高程点,山大总图 -调整_t6.dwg,图层 地形,3.18,3.18,43.19,709.98,数字左下方0.8 m处(附近没有测量点符号，按常见偏移推),True,False,3.23,3.23,3.2,-0.06,-0.06,-0.02
测量高程点,山大总图 -调整_t6.dwg,图层 地形,2.28,2.28,45.56,695.41,数字左下方0.8 m处(附近没有测量点符号，按常见偏移推),True,False,3.21,3.21,3.19,-0.95,-0.95,-0.91
测量高程点,山大总图 -调整_t6.dwg,图层 地形,3.26,3.26,40.09,688.72,数字左下方0.8 m处(附近没有测量点符号，按常见偏移推),True,False,3.21,3.21,3.19,0.04,0.04,0.08
测量高程点,山大总图 -调整_t6.dwg,图层 地形,2.31,2.31,44.94,680.93,数字左下方0.8 m处(附近没有测量点符号，按常见偏移推),True,False,3.2,3.31,3.18,-0.91,-1.01,-0.87
测量高程点,山大总图 -调整_t6.dwg,图层 地形,3.31,3.31,39.58,670.41,数字左下方0.8 m处(附近没有测量点符号，按常见偏移推),True,False,3.2,3.2,3.18,0.1,0.1,0.14
测量高程点,山大总图 -调整_t6.dwg,图层 地形,2.30,2.3,46.03,663.22,数字左下方0.8 m处(附近没有测量点符号，按常见偏移推),True,False,3.19,3.69,3.69,-0.91,-1.4,-1.38
测量高程点,山大总图 -调整_t6.dwg,图层 地形,3.30,3.3,39.21,652.27,数字左下方0.8 m处(附近没有测量点符号，按常见偏移推),True,False,3.19,3.19,3.18,0.1,0.1,0.13
测量高程点,山大总图 -调整_t6.dwg,图层 地形,2.30,2.3,46.04,641.59,数字左下方0.8 m处(附近没有测量点符号，按常见偏移推),True,False,3.18,3.69,3.69,-0.89,-1.4,-1.38
测量高程点,山大总图 -调整_t6.dwg,图层 地形,3.41,3.41,39.18,631.41,数字左下方0.8 m处(附近没有测量点符号，按常见偏移推),True,False,3.18,3.18,3.18,0.22,0.22,0.24
测量高程点,山大总图 -调整_t6.dwg,图层 地形,2.27,2.27,46.16,622.42,数字左下方0.8 m处(附近没有测量点符号，按常见偏移推),True,False,3.18,3.62,3.19,-0.92,-1.36,-0.92
测量高程点,山大总图 -调整_t6.dwg,图层 地形,3.24,3.24,40.72,612.86,数字左下方0.8 m处(附近没有测量点符号，按常见偏移推),True,False,3.18,3.18,3.18,0.05,0.05,0.07
测量高程点,山大总图 -调整_t6.dwg,图层 地形,2.02,2.02,47.71,605.22,数字左下方0.8 m处(附近没有测量点符号，按常见偏移推),True,False,3.18,3.24,3.18,-1.18,-1.23,-1.15
测量高程点,山大总图 -调整_t6.dwg,图层 地形,3.23,3.23,40.41,596.93,数字左下方0.8 m处(附近没有测量点符号，按常见偏移推),True,False,3.18,3.18,3.18,0.03,0.03,0.06
测量高程点,山大总图 -调整_t6.dwg,图层 地形,2.08,2.08,46.38,588.23,数字左下方0.8 m处(附近没有测量点符号，按常见偏移推),True,False,3.19,3.19,3.18,-1.12,-1.12,-1.09
测量高程点,山大总图 -调整_t6.dwg,图层 地形,3.17,3.17,39.83,571.7,数字左下方0.8 m处(附近没有测量点符号，按常见偏移推),True,False,3.19,3.19,3.18,-0.04,-0.04,-0.01
测量高程点,山大总图 -调整_t6.dwg,图层 地形,2.06,2.06,49.54,569.62,数字左下方0.8 m处(附近没有测量点符号，按常见偏移推),True,False,3.19,3.19,3.18,-1.15,-1.15,-1.12
测量高程点,山大总图 -调整_t6.dwg,图层 地形,2.15,2.15,70.73,575.81,数字左下方0.8 m处(附近没有测量点符号，按常见偏移推),True,False,3.19,3.69,3.69,-1.06,-1.55,-1.53
测量高程点,山大总图 -调整_t6.dwg,图层 地形,2.19,2.19,90.01,572.75,数字左下方0.8 m处(附近没有测量点符号，按常见偏移推),True,False,3.19,3.69,3.69,-1.02,-1.51,-1.49
测量高程点,山大总图 -调整_t6.dwg,图层 地形,2.17,2.17,60.9,583.28,数字左下方0.8 m处(附近没有测量点符号，按常见偏移推),True,False,3.19,3.69,3.69,-1.03,-1.53,-1.51
测量高程点,山大总图 -调整_t6.dwg,图层 地形,2.17,2.17,52.96,596.12,数字左下方0.8 m处(附近没有测量点符号，按常见偏移推),True,False,3.19,3.69,3.69,-1.03,-1.53,-1.51
测量高程点,山大总图 -调整_t6.dwg,图层 地形,2.10,2.1,53.56,615.51,数字左下方0.8 m处(附近没有测量点符号，按常见偏移推),True,False,3.18,3.69,3.69,-1.09,-1.6,-1.58
测量高程点,山大总图 -调整_t6.dwg,图层 地形,2.19,2.19,50.44,632.52,数字左下方0.8 m处(附近没有测量点符号，按常见偏移推),True,False,3.18,3.69,3.69,-1.0,-1.51,-1.49
测量高程点,山大总图 -调整_t6.dwg,图层 地形,2.30,2.3,46.84,651.62,数字左下方0.8 m处(附近没有测量点符号，按常见偏移推),True,False,3.18,3.69,3.69,-0.9,-1.4,-1.38
测量高程点,山大总图 -调整_t6.dwg,图层 地形,1.89,1.89,64.03,567.88,数字左下方0.8 m处(附近没有测量点符号，按常见偏移推),True,False,3.19,3.69,3.69,-1.32,-1.81,-1.79
测量高程点,山大总图 -调整_t6.dwg,图层 地形,2.08,2.08,108.28,570.08,数字左下方0.8 m处(附近没有测量点符号，按常见偏移推),True,False,3.19,3.69,3.69,-1.13,-1.62,-1.6
测量高程点,山大总图 -调整_t6.dwg,图层 地形,2.11,2.11,112.59,585.64,数字左下方0.8 m处(附近没有测量点符号，按常见偏移推),True,False,3.19,3.69,3.69,-1.09,-1.59,-1.57
测量高程点,山大总图 -调整_t6.dwg,图层 地形,2.11,2.11,119.41,602.38,数字左下方0.8 m处(附近没有测量点符号，按常见偏移推),True,False,3.19,3.45,3.19,-1.09,-1.35,-1.08
测量高程点,山大总图 -调整_t6.dwg,图层 地形,2.23,2.23,123.42,620.54,数字左下方0.8 m处(附近没有测量点符号，按常见偏移推),True,False,3.19,3.54,3.2,-0.97,-1.32,-0.96
测量高程点,山大总图 -调整_t6.dwg,图层 地形,2.24,2.24,123.2,634.54,数字左下方0.8 m处(附近没有测量点符号，按常见偏移推),True,False,3.19,3.25,3.19,-0.96,-1.03,-0.94
测量高程点,山大总图 -调整_t6.dwg,图层 地形,2.24,2.24,124.47,651.32,数字左下方0.8 m处(附近没有测量点符号，按常见偏移推),True,False,3.19,3.65,3.22,-0.97,-1.42,-0.97
测量高程点,山大总图 -调整_t6.dwg,图层 地形,2.36,2.36,126.1,671.52,数字左下方0.8 m处(附近没有测量点符号，按常见偏移推),True,False,3.2,3.69,3.69,-0.85,-1.34,-1.32
测量高程点,山大总图 -调整_t6.dwg,图层 地形,2.42,2.42,131.94,687.05,数字左下方0.8 m处(附近没有测量点符号，按常见偏移推),True,False,3.2,3.62,3.21,-0.8,-1.22,-0.79
测量高程点,山大总图 -调整_t6.dwg,图层 地形,2.39,2.39,135.8,707.3,数字左下方0.8 m处(附近没有测量点符号，按常见偏移推),True,False,3.2,3.2,3.2,-0.83,-0.83,-0.8
测量高程点,山大总图 -调整_t6.dwg,图层 地形,3.22,3.22,27.64,687.39,数字左下方0.8 m处(附近没有测量点符号，按常见偏移推),True,False,3.21,3.21,3.21,-0.0,-0.01,0.01
测量高程点,山大总图 -调整_t6.dwg,图层 地形,3.27,3.27,26.7,656.1,数字左下方0.8 m处(附近没有测量点符号，按常见偏移推),True,False,3.19,3.19,3.19,0.06,0.06,0.08
测量高程点,山大总图 -调整_t6.dwg,图层 地形,3.26,3.26,27.79,636.51,数字左下方0.8 m处(附近没有测量点符号，按常见偏移推),True,False,3.19,3.19,3.19,0.06,0.06,0.08
测量高程点,山大总图 -调整_t6.dwg,图层 地形,3.25,3.25,27.21,615.01,数字左下方0.8 m处(附近没有测量点符号，按常见偏移推),True,False,3.18,3.18,3.18,0.06,0.06,0.07
测量高程点,山大总图 -调整_t6.dwg,图层 地形,3.27,3.27,27.42,596.17,数字左下方0.8 m处(附近没有测量点符号，按常见偏移推),True,False,3.18,3.18,3.18,0.07,0.07,0.09
测量高程点,山大总图 -调整_t6.dwg,图层 地形,3.79,3.79,22.67,480.48,数字左下方0.8 m处(附近没有测量点符号，按常见偏移推),True,False,3.31,3.31,3.29,0.47,0.47,0.51
测量高程点,山大总图 -调整_t6.dwg,图层 地形,3.82,3.82,11.93,515.01,数字左下方0.8 m处(附近没有测量点符号，按常见偏移推),True,False,3.25,3.25,3.25,0.55,0.55,0.58
测量高程点,山大总图 -调整_t6.dwg,图层 地形,3.66,3.66,20.3,517.24,数字左下方0.8 m处(附近没有测量点符号，按常见偏移推),True,False,3.24,3.25,3.25,0.4,0.4,0.42
测量高程点,山大总图 -调整_t6.dwg,图层 地形,3.73,3.73,30.8,508.87,测量点符号(gc200)的位置,True,False,3.25,3.25,3.25,0.46,0.46,0.49
测量高程点,山大总图 -调整_t6.dwg,图层 地形,3.65,3.65,39.22,510.31,测量点符号(gc200)的位置,True,False,3.25,3.25,3.26,0.39,0.39,0.4
测量高程点,山大总图 -调整_t6.dwg,图层 地形,3.55,3.55,33.91,523.17,数字左下方0.8 m处(附近没有测量点符号，按常见偏移推),True,False,3.23,3.23,3.24,0.3,0.3,0.32
测量高程点,山大总图 -调整_t6.dwg,图层 地形,3.60,3.6,59.97,522.46,测量点符号(gc200)的位置,True,False,3.23,3.23,3.2,0.36,0.36,0.41
测量高程点,山大总图 -调整_t6.dwg,图层 地形,3.34,3.34,45.99,530.64,数字左下方0.8 m处(附近没有测量点符号，按常见偏移推),True,False,3.22,3.22,3.2,0.11,0.11,0.15
测量高程点,山大总图 -调整_t6.dwg,图层 地形,3.11,3.11,70.11,537.89,数字左下方0.8 m处(附近没有测量点符号，按常见偏移推),True,False,3.21,3.21,3.19,-0.11,-0.11,-0.08
测量高程点,山大总图 -调整_t6.dwg,图层 地形,3.20,3.2,76.86,545.23,数字左下方0.8 m处(附近没有测量点符号，按常见偏移推),True,False,3.2,3.68,3.57,-0.02,-0.49,-0.36
测量高程点,山大总图 -调整_t6.dwg,图层 地形,3.52,3.52,99.54,541.2,数字左下方0.8 m处(附近没有测量点符号，按常见偏移推),True,False,3.21,3.21,3.19,0.3,0.3,0.33
测量高程点,山大总图 -调整_t6.dwg,图层 地形,3.23,3.23,150.02,538.45,测量点符号(gc200)的位置,True,False,3.22,3.21,3.2,-0.0,0.0,0.04
测量高程点,山大总图 -调整_t6.dwg,图层 地形,2.92,2.92,157.82,529.29,数字左下方0.8 m处(附近没有测量点符号，按常见偏移推),True,False,3.23,3.23,3.22,-0.32,-0.32,-0.3
测量高程点,山大总图 -调整_t6.dwg,图层 地形,3.07,3.07,150.15,524.11,测量点符号(gc200)的位置,True,False,3.24,3.23,3.21,-0.18,-0.18,-0.14
测量高程点,山大总图 -调整_t6.dwg,图层 地形,3.26,3.26,86.09,496.43,数字左下方0.8 m处(附近没有测量点符号，按常见偏移推),True,False,3.27,3.26,3.22,-0.02,-0.02,0.04
测量高程点,山大总图 -调整_t6.dwg,图层 地形,3.11,3.11,77.47,500.4,测量点符号(gc200)的位置,True,False,3.26,3.26,3.22,-0.16,-0.16,-0.1
测量高程点,山大总图 -调整_t6.dwg,图层 地形,3.03,3.03,76.69,507.7,测量点符号(gc200)的位置,True,False,3.25,3.25,3.25,-0.23,-0.23,-0.21
测量高程点,山大总图 -调整_t6.dwg,图层 地形,3.08,3.08,90.14,517.99,测量点符号(gc200)的位置,True,False,3.23,3.23,3.27,-0.17,-0.16,-0.19
测量高程点,山大总图 -调整_t6.dwg,图层 地形,2.98,2.98,78.2,523.08,测量点符号(gc200)的位置,True,False,3.23,3.23,3.2,-0.26,-0.26,-0.21
测量高程点,山大总图 -调整_t6.dwg,图层 地形,3.64,3.64,67.25,514.75,数字左下方0.8 m处(附近没有测量点符号，按常见偏移推),True,False,3.24,3.24,3.28,0.39,0.39,0.36
测量高程点,山大总图 -调整_t6.dwg,图层 地形,3.77,3.77,71.84,496.43,数字左下方0.8 m处(附近没有测量点符号，按常见偏移推),True,False,3.27,3.26,3.22,0.49,0.49,0.55
测量高程点,山大总图 -调整_t6.dwg,图层 地形,3.62,3.62,116.48,478.85,数字左下方0.8 m处(附近没有测量点符号，按常见偏移推),True,False,3.3,3.52,3.67,0.31,0.09,-0.04
测量高程点,山大总图 -调整_t6.dwg,图层 地形,3.56,3.56,122.65,475.53,数字左下方0.8 m处(附近没有测量点符号，按常见偏移推),True,False,3.31,3.52,3.67,0.24,0.03,-0.1
测量高程点,山大总图 -调整_t6.dwg,图层 地形,3.58,3.58,116.64,469.04,数字左下方0.8 m处(附近没有测量点符号，按常见偏移推),True,False,3.32,3.52,3.67,0.24,0.05,-0.08
测量高程点,山大总图 -调整_t6.dwg,图层 地形,3.80,3.8,132.07,467.73,数字左下方0.8 m处(附近没有测量点符号，按常见偏移推),True,False,3.33,3.52,3.67,0.46,0.27,0.14
测量高程点,山大总图 -调整_t6.dwg,图层 地形,3.50,3.5,139.73,472.12,数字左下方0.8 m处(附近没有测量点符号，按常见偏移推),True,False,3.32,3.52,3.67,0.16,-0.03,-0.16
测量高程点,山大总图 -调整_t6.dwg,图层 地形,3.48,3.48,148.23,475.6,数字左下方0.8 m处(附近没有测量点符号，按常见偏移推),True,False,3.32,3.52,3.67,0.15,-0.05,-0.18
测量高程点,山大总图 -调整_t6.dwg,图层 地形,3.44,3.44,159.1,471.71,数字左下方0.8 m处(附近没有测量点符号，按常见偏移推),True,False,3.33,3.52,3.67,0.1,-0.09,-0.22
测量高程点,山大总图 -调整_t6.dwg,图层 地形,3.27,3.27,182.54,479.53,数字左下方0.8 m处(附近没有测量点符号，按常见偏移推),True,False,3.31,3.41,3.25,-0.05,-0.15,0.02
测量高程点,山大总图 -调整_t6.dwg,图层 地形,3.19,3.19,183.41,499.76,测量点符号(gc200)的位置,True,False,3.27,3.27,3.27,-0.1,-0.1,-0.08
测量高程点,山大总图 -调整_t6.dwg,图层 地形,2.68,2.68,201.42,499.76,测量点符号(gc200)的位置,True,False,3.28,3.28,3.28,-0.61,-0.61,-0.59
测量高程点,山大总图 -调整_t6.dwg,图层 地形,3.02,3.02,196.03,491.25,数字左下方0.8 m处(附近没有测量点符号，按常见偏移推),True,False,3.29,3.29,3.24,-0.28,-0.28,-0.21
测量高程点,山大总图 -调整_t6.dwg,图层 地形,3.10,3.1,198.84,479.79,数字左下方0.8 m处(附近没有测量点符号，按常见偏移推),True,False,3.31,3.31,3.31,-0.22,-0.22,-0.2
测量高程点,山大总图 -调整_t6.dwg,图层 地形,3.02,3.02,198.49,467.86,数字左下方0.8 m处(附近没有测量点符号，按常见偏移推),True,False,3.33,3.33,3.33,-0.32,-0.33,-0.31
测量高程点,山大总图 -调整_t6.dwg,图层 地形,3.33,3.33,154.05,479.58,数字左下方0.8 m处(附近没有测量点符号，按常见偏移推),True,False,3.31,3.52,3.67,0.01,-0.2,-0.33
测量高程点,山大总图 -调整_t6.dwg,图层 地形,3.42,3.42,177.97,507.71,测量点符号(gc200)的位置,True,False,3.26,3.26,3.26,0.15,0.15,0.17
测量高程点,山大总图 -调整_t6.dwg,图层 地形,3.14,3.14,196.21,522.82,测量点符号(gc200)的位置,True,False,3.25,3.25,3.22,-0.12,-0.12,-0.07
测量高程点,山大总图 -调整_t6.dwg,图层 地形,2.85,2.85,176.91,521.03,数字左下方0.8 m处(附近没有测量点符号，按常见偏移推),True,False,3.24,3.24,3.21,-0.41,-0.4,-0.36
测量高程点,山大总图 -调整_t6.dwg,图层 地形,3.08,3.08,158.96,512.06,测量点符号(gc200)的位置,True,False,3.25,3.25,3.28,-0.19,-0.18,-0.19
测量高程点,山大总图 -调整_t6.dwg,图层 地形,3.07,3.07,153.69,504.86,测量点符号(gc200)的位置,True,False,3.26,3.27,3.22,-0.21,-0.21,-0.15
测量高程点,山大总图 -调整_t6.dwg,图层 地形,3.03,3.03,138.51,513.86,测量点符号(gc200)的位置,True,False,3.25,3.25,3.3,-0.23,-0.23,-0.26
测量高程点,山大总图 -调整_t6.dwg,图层 地形,3.05,3.05,133.93,509.17,测量点符号(gc200)的位置,True,False,3.26,3.26,3.21,-0.22,-0.22,-0.16
测量高程点,山大总图 -调整_t6.dwg,图层 地形,3.10,3.1,125.52,502.52,数字左下方0.8 m处(附近没有测量点符号，按常见偏移推),True,False,3.26,3.26,3.26,-0.18,-0.18,-0.16
测量高程点,山大总图 -调整_t6.dwg,图层 地形,3.08,3.08,112.95,509.55,测量点符号(gc200)的位置,True,False,3.25,3.25,3.21,-0.18,-0.18,-0.12
测量高程点,山大总图 -调整_t6.dwg,图层 地形,3.19,3.19,186.97,535.79,测量点符号(gc200)的位置,True,False,3.23,3.23,3.23,-0.06,-0.05,-0.03
测量高程点,山大总图 -调整_t6.dwg,图层 地形,2.78,2.78,178.21,534.31,测量点符号(gc200)的位置,True,False,3.23,3.23,3.23,-0.47,-0.46,-0.45
测量高程点,山大总图 -调整_t6.dwg,图层 地形,4.11,4.11,76.35,473.19,数字左下方0.8 m处(附近没有测量点符号，按常见偏移推),True,False,3.31,3.43,3.25,0.78,0.67,0.86
测量高程点,山大总图 -调整_t6.dwg,图层 地形,4.63,4.63,78.53,484.4,数字左下方0.8 m处(附近没有测量点符号，按常见偏移推),True,False,3.29,3.32,3.24,1.33,1.3,1.4
测量高程点,山大总图 -调整_t6.dwg,图层 地形,4.26,4.26,35.14,464.93,数字左下方0.8 m处(附近没有测量点符号，按常见偏移推),True,False,3.34,3.34,3.34,0.91,0.91,0.93
测量高程点,山大总图 -调整_t6.dwg,图层 地形,4.37,4.37,14.52,465.11,数字左下方0.8 m处(附近没有测量点符号，按常见偏移推),True,False,3.35,3.35,3.34,1.0,1.01,1.04
测量高程点,山大总图 -调整_t6.dwg,图层 地形,3.69,3.69,59.34,511.31,数字左下方0.8 m处(附近没有测量点符号，按常见偏移推),True,False,3.24,3.24,3.28,0.43,0.43,0.42
测量高程点,山大总图 -调整_t6.dwg,图层 地形,4.03,4.03,62.63,482.52,数字左下方0.8 m处(附近没有测量点符号，按常见偏移推),True,False,3.29,3.3,3.24,0.72,0.72,0.8
测量高程点,山大总图 -调整_t6.dwg,图层 地形,3.15,3.15,77.34,531.02,数字左下方0.8 m处(附近没有测量点符号，按常见偏移推),True,False,3.22,3.22,3.19,-0.08,-0.08,-0.04
测量高程点,山大总图 -调整_t6.dwg,图层 地形,2.77,2.77,-15.37,592.93,测量点符号(gc200)的位置,True,False,3.2,3.71,3.71,-0.45,-0.96,-0.94
测量高程点,山大总图 -调整_t6.dwg,图层 地形,2.78,2.78,-40.84,586.78,数字左下方0.8 m处(附近没有测量点符号，按常见偏移推),True,False,3.22,3.71,3.71,-0.45,-0.95,-0.93
测量高程点,山大总图 -调整_t6.dwg,图层 地形,2.91,2.91,11.82,652.49,测量点符号(gc200)的位置,True,False,3.19,3.19,3.18,-0.3,-0.3,-0.26
测量高程点,山大总图 -调整_t6.dwg,图层 地形,3.32,3.32,17.03,667.8,测量点符号(gc200)的位置,True,False,3.2,3.2,3.19,0.11,0.11,0.14
测量高程点,山大总图 -调整_t6.dwg,图层 地形,3.13,3.13,29.07,706.22,测量点符号(gc200)的位置,True,False,3.23,3.23,3.23,-0.11,-0.12,-0.1
测量高程点,山大总图 -调整_t6.dwg,图层 地形,3.26,3.26,27.4,671.52,测量点符号(gc200)的位置,True,False,3.2,3.2,3.2,0.05,0.05,0.06
测量高程点,山大总图 -调整_t6.dwg,图层 地形,3.24,3.24,27.58,576.17,测量点符号(gc200)的位置,True,False,3.19,3.19,3.19,0.03,0.03,0.05
测量高程点,山大总图 -调整_t6.dwg,图层 地形,2.81,2.81,3.91,592.61,测量点符号(gc200)的位置,True,False,3.19,3.19,3.18,-0.4,-0.4,-0.36
测量高程点,山大总图 -调整_t6.dwg,图层 地形,2.78,2.78,-26.39,584.36,测量点符号(gc200)的位置,True,False,3.21,3.71,3.71,-0.44,-0.95,-0.93
测量高程点,山大总图 -调整_t6.dwg,图层 地形,4.38,4.38,-31.4,505.67,测量点符号(gc200)的位置,True,False,3.3,3.3,3.3,1.06,1.07,1.09
测量高程点,山大总图 -调整_t6.dwg,图层 地形,4.49,4.49,-38.93,480.82,测量点符号(gc200)的位置,True,False,3.37,3.64,3.64,1.11,0.84,0.86
测量高程点,山大总图 -调整_t6.dwg,图层 地形,3.91,3.91,-6.29,484.0,测量点符号(gc200)的位置,True,False,3.32,3.32,3.32,0.57,0.57,0.59
测量高程点,山大总图 -调整_t6.dwg,图层 地形,3.73,3.73,-21.04,526.41,测量点符号(gc200)的位置,True,False,3.25,3.25,3.3,0.46,0.46,0.44
测量高程点,山大总图 -调整_t6.dwg,图层 地形,3.82,3.82,-24.95,523.03,测量点符号(gc200)的位置,True,False,3.26,3.26,3.31,0.54,0.54,0.52
测量高程点,山大总图 -调整_t6.dwg,图层 地形,4.02,4.02,-19.64,498.89,测量点符号(gc200)的位置,True,False,3.31,3.3,3.23,0.7,0.7,0.79
测量高程点,山大总图 -调整_t6.dwg,图层 地形,3.72,3.72,-3.41,508.1,测量点符号(gc200)的位置,True,False,3.27,3.28,3.28,0.43,0.43,0.45
测量高程点,山大总图 -调整_t6.dwg,图层 地形,3.62,3.62,-35.72,533.99,测量点符号(gc200)的位置,True,False,3.26,3.26,3.32,0.34,0.35,0.31
测量高程点,山大总图 -调整_t6.dwg,图层 地形,3.64,3.64,-9.36,541.49,测量点符号(gc200)的位置,True,False,3.23,3.23,3.21,0.4,0.4,0.43
测量高程点,山大总图 -调整_t6.dwg,图层 地形,3.57,3.57,1.19,549.79,测量点符号(gc200)的位置,True,False,3.22,3.22,3.19,0.34,0.34,0.39
测量高程点,山大总图 -调整_t6.dwg,图层 地形,3.90,3.9,-41.9,549.45,测量点符号(gc200)的位置,True,False,3.25,3.25,3.2,0.63,0.64,0.7
测量高程点,山大总图 -调整_t6.dwg,图层 地形,3.82,3.82,-22.99,557.45,测量点符号(gc200)的位置,True,False,3.22,3.22,3.19,0.58,0.58,0.63
测量高程点,山大总图 -调整_t6.dwg,图层 地形,3.37,3.37,55.29,549.57,测量点符号(gc200)的位置,True,False,3.2,3.2,3.19,0.16,0.16,0.19
测量高程点,山大总图 -调整_t6.dwg,图层 地形,3.68,3.68,123.92,575.47,测量点符号(gc200)的位置,True,False,3.19,3.19,3.19,0.47,0.47,0.5
测量高程点,山大总图 -调整_t6.dwg,图层 地形,3.57,3.57,81.76,562.57,测量点符号(gc200)的位置,True,False,3.19,3.69,3.69,0.36,-0.13,-0.11
测量高程点,山大总图 -调整_t6.dwg,图层 地形,3.41,3.41,86.18,556.79,测量点符号(gc200)的位置,True,False,3.2,3.69,3.69,0.2,-0.29,-0.27
测量高程点,山大总图 -调整_t6.dwg,图层 地形,4.52,4.52,191.14,632.51,测量点符号(gc200)的位置,True,True,3.2,3.2,3.2,1.31,1.31,1.33
测量高程点,山大总图 -调整_t6.dwg,图层 地形,4.12,4.12,193.91,678.04,测量点符号(gc200)的位置,True,False,3.2,3.2,3.2,0.91,0.91,0.93
测量高程点,山大总图 -调整_t6.dwg,图层 地形,3.83,3.83,174.42,695.52,测量点符号(gc200)的位置,True,False,3.2,3.2,3.2,0.62,0.62,0.64
测量高程点,山大总图 -调整_t6.dwg,图层 地形,4.03,4.03,168.2,644.27,测量点符号(gc200)的位置,True,False,3.2,3.2,3.35,0.82,0.81,0.68
测量高程点,山大总图 -调整_t6.dwg,图层 地形,2.63,2.63,141.5,560.97,测量点符号(gc200)的位置,True,False,3.2,3.21,3.21,-0.59,-0.59,-0.57
测量高程点,山大总图 -调整_t6.dwg,图层 地形,3.18,3.18,182.27,541.69,测量点符号(gc200)的位置,True,False,3.23,3.21,3.35,-0.06,-0.04,-0.17
测量高程点,山大总图 -调整_t6.dwg,图层 地形,3.66,3.66,137.58,648.13,测量点符号(gc200)的位置,True,False,3.19,3.19,3.19,0.46,0.46,0.48
测量高程点,山大总图 -调整_t6.dwg,图层 地形,3.33,3.33,131.97,551.57,测量点符号(gc200)的位置,True,False,3.21,3.21,3.19,0.11,0.11,0.15
测量高程点,山大总图 -调整_t6.dwg,图层 地形,3.51,3.51,138.09,685.93,测量点符号(gc200)的位置,True,False,3.2,3.2,3.19,0.29,0.3,0.32
测量高程点,山大总图 -调整_t6.dwg,图层 地形,2.90,2.9,12.0,705.95,测量点符号(gc200)的位置,True,False,3.24,3.24,3.2,-0.35,-0.35,-0.3
测量高程点,山大总图 -调整_t6.dwg,图层 地形,2.31,2.31,9.16,696.47,数字左下方0.8 m处(附近没有测量点符号，按常见偏移推),True,False,3.23,3.23,3.19,-0.93,-0.93,-0.88
测量高程点,山大总图 -调整_t6.dwg,图层 地形,3.50,3.5,143.84,707.76,测量点符号(gc200)的位置,True,False,3.2,3.2,3.2,0.28,0.29,0.31
测量高程点,山大总图 -调整_t6.dwg,图层 地形,4.59,4.59,195.63,599.59,测量点符号(gc200)的位置,True,True,3.2,3.2,3.35,1.37,1.37,1.24
测量高程点,山大总图 -调整_t6.dwg,图层 地形,2.63,2.63,-6.32,601.01,测量点符号(gc200)的位置,True,False,3.2,3.71,3.62,-0.58,-1.09,-0.99
测量高程点,山大总图 -调整_t6.dwg,图层 地形,2.78,2.78,5.36,633.12,测量点符号(gc200)的位置,True,False,3.19,3.59,3.21,-0.42,-0.82,-0.43
测量高程点,山大总图 -调整_t6.dwg,图层 地形,3.48,3.48,11.75,570.83,数字左下方0.8 m处(附近没有测量点符号，按常见偏移推),True,False,3.2,3.2,3.18,0.26,0.27,0.3
测量高程点,山大总图 -调整_t6.dwg,图层 地形,3.57,3.57,-0.97,577.27,测量点符号(gc200)的位置,True,False,3.2,3.2,3.18,0.35,0.35,0.4
测量高程点,山大总图 -调整_t6.dwg,图层 地形,3.53,3.53,5.16,579.58,测量点符号(gc200)的位置,True,False,3.2,3.2,3.18,0.32,0.32,0.36
测量高程点,山大总图 -调整_t6.dwg,图层 地形,3.53,3.53,12.17,587.54,测量点符号(gc200)的位置,True,False,3.19,3.19,3.18,0.32,0.33,0.36
测量高程点,山大总图 -调整_t6.dwg,图层 地形,2.91,2.91,6.39,613.58,测量点符号(gc200)的位置,True,False,3.19,3.19,3.18,-0.29,-0.29,-0.26
测量高程点,山大总图 -调整_t6.dwg,图层 地形,2.76,2.76,-0.19,610.3,测量点符号(gc200)的位置,True,False,3.19,3.44,3.2,-0.44,-0.69,-0.44
测量高程点,山大总图 -调整_t6.dwg,图层 地形,2.76,2.76,9.77,637.17,测量点符号(gc200)的位置,True,False,3.19,3.19,3.18,-0.44,-0.44,-0.41
测量高程点,山大总图 -调整_t6.dwg,图层 地形,3.20,3.2,16.31,698.4,测量点符号(gc200)的位置,True,False,3.23,3.22,3.2,-0.04,-0.04,0.01
测量高程点,山大总图 -调整_t6.dwg,图层 地形,3.34,3.34,17.64,612.62,测量点符号(gc200)的位置,True,False,3.18,3.18,3.18,0.14,0.15,0.16
测量高程点,山大总图 -调整_t6.dwg,图层 地形,3.75,3.75,-2.07,533.31,测量点符号(gc200)的位置,True,False,3.23,3.23,3.25,0.5,0.5,0.5
测量高程点,山大总图 -调整_t6.dwg,图层 地形,3.33,3.33,196.61,540.2,测量点符号(gc200)的位置,True,False,3.23,3.22,3.35,0.09,0.1,-0.02
测量高程点,山大总图 -调整_t6.dwg,图层 地形,3.11,3.11,190.49,553.25,测量点符号(gc200)的位置,True,False,3.22,3.2,3.35,-0.12,-0.11,-0.24
测量高程点,山大总图 -调整_t6.dwg,图层 地形,2.82,2.82,160.91,557.91,测量点符号(gc200)的位置,True,False,3.21,3.2,3.35,-0.41,-0.4,-0.53
测量高程点,山大总图 -调整_t6.dwg,图层 地形,4.06,4.06,158.65,598.94,测量点符号(gc200)的位置,True,False,3.2,3.2,3.35,0.85,0.84,0.71
测量高程点,山大总图 -调整_t6.dwg,图层 地形,3.93,3.93,146.25,590.56,测量点符号(gc200)的位置,True,False,3.2,3.2,3.2,0.72,0.72,0.74
测量高程点,山大总图 -调整_t6.dwg,图层 地形,3.96,3.96,152.86,634.4,数字左下方0.8 m处(附近没有测量点符号，按常见偏移推),True,False,3.19,3.2,3.35,0.75,0.75,0.61
测量高程点,山大总图 -调整_t6.dwg,图层 地形,3.90,3.9,154.09,621.37,数字左下方0.8 m处(附近没有测量点符号，按常见偏移推),True,False,3.19,3.2,3.35,0.69,0.68,0.55
测量高程点,山大总图 -调整_t6.dwg,图层 地形,3.87,3.87,127.49,599.82,测量点符号(gc200)的位置,True,False,3.19,3.19,3.19,0.67,0.67,0.69
测量高程点,山大总图 -调整_t6.dwg,图层 地形,3.83,3.83,129.32,624.99,测量点符号(gc200)的位置,True,False,3.19,3.19,3.19,0.63,0.63,0.65
测量高程点,山大总图 -调整_t6.dwg,图层 地形,3.76,3.76,153.28,672.47,测量点符号(gc200)的位置,True,False,3.2,3.2,3.19,0.55,0.55,0.58
测量高程点,山大总图 -调整_t6.dwg,图层 地形,3.89,3.89,173.25,662.02,测量点符号(gc200)的位置,True,False,3.2,3.2,3.35,0.68,0.67,0.54
测量高程点,山大总图 -调整_t6.dwg,图层 地形,4.60,4.6,177.73,642.78,测量点符号(gc200)的位置,True,False,3.2,3.2,3.35,1.39,1.38,1.25
测量高程点,山大总图 -调整_t6.dwg,图层 地形,4.11,4.11,164.11,565.93,数字左下方0.8 m处(附近没有测量点符号，按常见偏移推),True,False,3.21,3.2,3.35,0.89,0.89,0.76
测量高程点,山大总图 -调整_t6.dwg,图层 地形,4.15,4.15,187.26,561.81,数字左下方0.8 m处(附近没有测量点符号，按常见偏移推),True,False,3.21,3.2,3.3,0.92,0.93,0.85
测量高程点,山大总图 -调整_t6.dwg,图层 地形,4.20,4.2,172.96,589.24,测量点符号(gc200)的位置,True,False,3.2,3.2,3.35,0.99,0.98,0.85
测量高程点,山大总图 -调整_t6.dwg,图层 地形,4.21,4.21,186.84,578.54,测量点符号(gc200)的位置,True,True,3.21,3.21,3.19,0.99,0.99,1.02
测量高程点,山大总图 -调整_t6.dwg,图层 地形,3.51,3.51,152.71,703.55,测量点符号(gc200)的位置,True,False,3.2,3.2,3.2,0.3,0.3,0.32
测量高程点,山大总图 -调整_t6.dwg,图层 地形,3.75,3.75,-41.02,568.23,测量点符号(gc200)的位置,True,False,3.23,3.71,3.71,0.5,0.02,0.04
测量高程点,山大总图 -调整_t6.dwg,图层 地形,2.92,2.92,127.87,529.96,测量点符号(gc200)的位置,True,False,3.23,3.23,3.21,-0.33,-0.32,-0.29
测量高程点,山大总图 -调整_t6.dwg,图层 地形,2.92,2.92,97.93,530.6,测量点符号(gc200)的位置,True,False,3.22,3.22,3.19,-0.31,-0.31,-0.27
测量高程点,山大总图 -调整_t6.dwg,图层 地形,3.47,3.47,111.66,551.85,测量点符号(gc200)的位置,True,False,3.2,3.2,3.19,0.25,0.25,0.29
测量高程点,山大总图 -调整_t6.dwg,图层 地形,4.11,4.11,-21.8,470.17,测量点符号(gc200)的位置,True,False,3.36,3.36,3.28,0.73,0.73,0.84
测量高程点,山大总图 -调整_t6.dwg,图层 地形,3.91,3.91,-14.94,514.06,测量点符号(gc200)的位置,True,False,3.27,3.27,3.26,0.63,0.62,0.66
测量高程点,山大总图 -调整_t6.dwg,图层 地形,4.10,4.1,194.69,705.9,测量点符号(gc200)的位置,True,False,3.2,3.21,3.21,0.89,0.88,0.9
测量高程点,山大总图 -调整_t6.dwg,图层 地形,3.27,3.27,29.12,560.87,测量点符号(gc200)的位置,True,False,3.2,3.2,3.2,0.06,0.05,0.07
测量高程点,山大总图 -调整_t6.dwg,图层 地形,3.30,3.3,28.13,546.81,测量点符号(gc200)的位置,True,False,3.21,3.21,3.21,0.07,0.08,0.09
测量高程点,山大总图 -调整_t6.dwg,图层 地形,3.33,3.33,27.85,530.11,测量点符号(gc200)的位置,True,False,3.23,3.23,3.23,0.09,0.09,0.11
测量高程点,山大总图 -调整_t6.dwg,图层 地形,3.48,3.48,12.08,526.78,测量点符号(gc200)的位置,True,False,3.24,3.24,3.24,0.23,0.23,0.24
测量高程点,山大总图 -调整_t6.dwg,图层 地形,3.03,3.03,407.08,703.45,数字左下方0.8 m处(附近没有测量点符号，按常见偏移推),False,False,3.26,3.27,3.27,-0.25,-0.25,-0.23
测量高程点,山大总图 -调整_t6.dwg,图层 地形,3.03,3.03,361.02,707.47,数字左下方0.8 m处(附近没有测量点符号，按常见偏移推),True,False,3.25,3.25,3.25,-0.23,-0.23,-0.21
测量高程点,山大总图 -调整_t6.dwg,图层 地形,2.39,2.39,348.66,551.07,测量点符号(gc200)的位置,True,True,3.33,3.33,3.28,-0.95,-0.95,-0.88
测量高程点,山大总图 -调整_t6.dwg,图层 地形,2.25,2.25,348.32,534.6,测量点符号(gc200)的位置,True,False,3.33,3.33,3.3,-1.09,-1.09,-1.05
测量高程点,山大总图 -调整_t6.dwg,图层 地形,3.04,3.04,355.71,548.66,数字左下方0.8 m处(附近没有测量点符号，按常见偏移推),True,False,3.34,3.34,3.29,-0.31,-0.31,-0.24
测量高程点,山大总图 -调整_t6.dwg,图层 地形,3.52,3.52,404.62,562.54,数字左下方0.8 m处(附近没有测量点符号，按常见偏移推),False,False,3.44,3.46,3.44,0.06,0.05,0.08
测量高程点,山大总图 -调整_t6.dwg,图层 地形,2.34,2.34,348.61,507.73,数字左下方0.8 m处(附近没有测量点符号，按常见偏移推),True,False,3.32,3.32,3.28,-1.0,-1.0,-0.94
测量高程点,山大总图 -调整_t6.dwg,图层 地形,2.49,2.49,363.42,511.65,测量点符号(gc200)的位置,True,False,3.34,3.34,3.3,-0.87,-0.87,-0.81
测量高程点,山大总图 -调整_t6.dwg,图层 地形,2.73,2.73,370.82,485.78,测量点符号(gc200)的位置,True,False,3.35,3.45,3.6,-0.64,-0.73,-0.86
测量高程点,山大总图 -调整_t6.dwg,图层 地形,3.27,3.27,377.8,468.57,数字左下方0.8 m处(附近没有测量点符号，按常见偏移推),True,False,3.36,3.42,3.32,-0.11,-0.16,-0.05
测量高程点,山大总图 -调整_t6.dwg,图层 地形,3.44,3.44,415.0,481.92,数字左下方0.8 m处(附近没有测量点符号，按常见偏移推),True,False,3.43,3.45,3.6,-0.01,-0.02,-0.15
测量高程点,山大总图 -调整_t6.dwg,图层 地形,3.26,3.26,423.43,472.52,测量点符号(gc200)的位置,True,False,3.44,3.45,3.6,-0.2,-0.2,-0.33
测量高程点,山大总图 -调整_t6.dwg,图层 地形,3.52,3.52,436.3,464.63,测量点符号(gc200)的位置,True,False,3.48,3.45,3.6,0.03,0.06,-0.07
测量高程点,山大总图 -调整_t6.dwg,图层 地形,3.14,3.14,412.69,467.17,数字左下方0.8 m处(附近没有测量点符号，按常见偏移推),True,False,3.41,3.45,3.6,-0.29,-0.32,-0.45
测量高程点,山大总图 -调整_t6.dwg,图层 地形,3.15,3.15,398.89,466.42,测量点符号(gc200)的位置,True,False,3.39,3.44,3.34,-0.26,-0.3,-0.19
测量高程点,山大总图 -调整_t6.dwg,图层 地形,3.33,3.33,414.02,559.36,数字左下方0.8 m处(附近没有测量点符号，按常见偏移推),False,False,3.47,3.47,3.47,-0.15,-0.15,-0.13
测量高程点,山大总图 -调整_t6.dwg,图层 地形,3.50,3.5,380.32,533.78,测量点符号(gc200)的位置,True,False,3.4,3.4,3.55,0.09,0.09,-0.04
测量高程点,山大总图 -调整_t6.dwg,图层 地形,3.51,3.51,373.4,536.36,测量点符号(gc200)的位置,True,False,3.38,3.4,3.55,0.12,0.1,-0.03
测量高程点,山大总图 -调整_t6.dwg,图层 地形,3.46,3.46,371.33,531.79,测量点符号(gc200)的位置,True,False,3.37,3.4,3.55,0.08,0.05,-0.08
测量高程点,山大总图 -调整_t6.dwg,图层 地形,3.65,3.65,370.76,527.13,数字左下方0.8 m处(附近没有测量点符号，按常见偏移推),True,False,3.37,3.4,3.55,0.27,0.24,0.11
测量高程点,山大总图 -调整_t6.dwg,图层 地形,3.64,3.64,378.92,528.44,测量点符号(gc200)的位置,True,False,3.39,3.4,3.55,0.23,0.23,0.1
测量高程点,山大总图 -调整_t6.dwg,图层 地形,3.62,3.62,386.91,527.98,测量点符号(gc200)的位置,True,False,3.42,3.4,3.55,0.18,0.21,0.08
测量高程点,山大总图 -调整_t6.dwg,图层 地形,3.52,3.52,396.81,531.01,测量点符号(gc200)的位置,True,False,3.46,3.42,3.55,0.05,0.09,-0.02
测量高程点,山大总图 -调整_t6.dwg,图层 地形,3.63,3.63,397.14,525.34,测量点符号(gc200)的位置,True,False,3.46,3.44,3.55,0.15,0.18,0.09
测量高程点,山大总图 -调整_t6.dwg,图层 地形,3.51,3.51,432.05,518.09,测量点符号(gc200)的位置,True,False,3.51,3.52,3.69,-0.02,-0.02,-0.18
测量高程点,山大总图 -调整_t6.dwg,图层 地形,3.59,3.59,402.94,525.57,测量点符号(gc200)的位置,True,False,3.48,3.48,3.48,0.09,0.1,0.12
测量高程点,山大总图 -调整_t6.dwg,图层 地形,3.51,3.51,413.19,528.28,测量点符号(gc200)的位置,True,False,3.51,3.51,3.44,-0.01,-0.01,0.07
测量高程点,山大总图 -调整_t6.dwg,图层 地形,3.59,3.59,419.01,522.77,测量点符号(gc200)的位置,True,False,3.52,3.52,3.45,0.06,0.06,0.14
测量高程点,山大总图 -调整_t6.dwg,图层 地形,3.52,3.52,427.75,525.93,测量点符号(gc200)的位置,True,False,3.52,3.52,3.69,-0.02,-0.01,-0.17
测量高程点,山大总图 -调整_t6.dwg,图层 地形,3.63,3.63,434.8,520.18,测量点符号(gc200)的位置,True,False,3.52,3.52,3.69,0.1,0.1,-0.06
测量高程点,山大总图 -调整_t6.dwg,图层 地形,3.55,3.55,442.15,523.28,测量点符号(gc200)的位置,True,False,3.52,3.52,3.69,0.02,0.02,-0.14
测量高程点,山大总图 -调整_t6.dwg,图层 地形,3.58,3.58,448.11,524.1,测量点符号(gc200)的位置,True,False,3.53,3.52,3.69,0.04,0.05,-0.11
测量高程点,山大总图 -调整_t6.dwg,图层 地形,4.28,4.28,433.03,496.58,测量点符号(gc200)的位置,True,False,3.49,3.5,3.4,0.78,0.76,0.89
测量高程点,山大总图 -调整_t6.dwg,图层 地形,3.64,3.64,449.54,492.43,测量点符号(gc200)的位置,True,False,3.56,3.56,3.48,0.07,0.07,0.17
测量高程点,山大总图 -调整_t6.dwg,图层 地形,3.57,3.57,440.88,491.23,测量点符号(gc200)的位置,True,False,3.51,3.51,3.43,0.04,0.04,0.15
测量高程点,山大总图 -调整_t6.dwg,图层 地形,3.62,3.62,428.0,493.98,测量点符号(gc200)的位置,True,False,3.48,3.48,3.39,0.13,0.13,0.24
测量高程点,山大总图 -调整_t6.dwg,图层 地形,3.63,3.63,416.44,497.89,测量点符号(gc200)的位置,True,False,3.47,3.48,3.38,0.14,0.14,0.26
测量高程点,山大总图 -调整_t6.dwg,图层 地形,3.65,3.65,403.84,497.55,数字左下方0.8 m处(附近没有测量点符号，按常见偏移推),True,False,3.45,3.46,3.36,0.18,0.18,0.3
测量高程点,山大总图 -调整_t6.dwg,图层 地形,3.64,3.64,393.41,501.73,测量点符号(gc200)的位置,True,False,3.43,3.44,3.34,0.19,0.19,0.31
测量高程点,山大总图 -调整_t6.dwg,图层 地形,3.65,3.65,375.04,504.79,测量点符号(gc200)的位置,True,False,3.37,3.37,3.32,0.27,0.27,0.34
测量高程点,山大总图 -调整_t6.dwg,图层 地形,3.68,3.68,367.46,506.59,数字左下方0.8 m处(附近没有测量点符号，按常见偏移推),True,False,3.35,3.35,3.31,0.32,0.32,0.37
测量高程点,山大总图 -调整_t6.dwg,图层 地形,3.26,3.26,368.7,499.27,测量点符号(gc200)的位置,True,False,3.35,3.39,3.31,-0.1,-0.14,-0.05
测量高程点,山大总图 -调整_t6.dwg,图层 地形,3.36,3.36,370.32,494.35,数字左下方0.8 m处(附近没有测量点符号，按常见偏移推),True,False,3.35,3.44,3.38,-0.01,-0.09,-0.02
测量高程点,山大总图 -调整_t6.dwg,图层 地形,3.58,3.58,379.14,496.31,测量点符号(gc200)的位置,True,False,3.38,3.42,3.32,0.19,0.14,0.26
测量高程点,山大总图 -调整_t6.dwg,图层 地形,3.50,3.5,389.29,496.35,测量点符号(gc200)的位置,True,False,3.41,3.43,3.33,0.07,0.06,0.17
测量高程点,山大总图 -调整_t6.dwg,图层 地形,3.51,3.51,394.13,495.14,测量点符号(gc200)的位置,True,False,3.43,3.44,3.34,0.07,0.06,0.17
测量高程点,山大总图 -调整_t6.dwg,图层 地形,3.58,3.58,407.16,491.67,测量点符号(gc200)的位置,True,False,3.44,3.45,3.36,0.12,0.12,0.23
测量高程点,山大总图 -调整_t6.dwg,图层 地形,3.51,3.51,413.9,491.81,测量点符号(gc200)的位置,True,False,3.45,3.45,3.37,0.04,0.05,0.15
测量高程点,山大总图 -调整_t6.dwg,图层 地形,3.49,3.49,420.44,491.19,测量点符号(gc200)的位置,True,False,3.46,3.46,3.38,0.02,0.02,0.12
测量高程点,山大总图 -调整_t6.dwg,图层 地形,3.50,3.5,416.06,486.23,测量点符号(gc200)的位置,True,False,3.44,3.45,3.43,0.04,0.04,0.08
测量高程点,山大总图 -调整_t6.dwg,图层 地形,3.53,3.53,423.28,485.11,测量点符号(gc200)的位置,True,False,3.45,3.45,3.46,0.06,0.07,0.07
测量高程点,山大总图 -调整_t6.dwg,图层 地形,3.62,3.62,429.22,487.22,数字左下方0.8 m处(附近没有测量点符号，按常见偏移推),True,False,3.47,3.46,3.39,0.13,0.15,0.23
测量高程点,山大总图 -调整_t6.dwg,图层 地形,3.54,3.54,441.62,487.17,测量点符号(gc200)的位置,True,False,3.51,3.49,3.47,0.01,0.03,0.08
测量高程点,山大总图 -调整_t6.dwg,图层 地形,3.53,3.53,441.58,480.23,数字左下方0.8 m处(附近没有测量点符号，按常见偏移推),True,False,3.51,3.46,3.46,0.01,0.06,0.08
测量高程点,山大总图 -调整_t6.dwg,图层 地形,3.53,3.53,449.38,485.07,测量点符号(gc200)的位置,True,False,3.55,3.55,3.54,-0.03,-0.03,-0.0
测量高程点,山大总图 -调整_t6.dwg,图层 地形,3.48,3.48,445.41,470.46,测量点符号(gc200)的位置,True,False,3.51,3.45,3.6,-0.05,0.02,-0.11
测量高程点,山大总图 -调整_t6.dwg,图层 地形,3.53,3.53,446.46,515.61,测量点符号(gc200)的位置,True,False,3.52,3.52,3.69,-0.01,-0.0,-0.16
测量高程点,山大总图 -调整_t6.dwg,图层 地形,4.61,4.61,206.77,616.05,测量点符号(gc200)的位置,True,True,3.2,3.2,3.35,1.39,1.39,1.26
测量高程点,山大总图 -调整_t6.dwg,图层 地形,4.51,4.51,213.51,588.68,测量点符号(gc200)的位置,True,True,3.21,3.21,3.2,1.29,1.29,1.32
测量高程点,山大总图 -调整_t6.dwg,图层 地形,4.42,4.42,224.51,614.6,测量点符号(gc200)的位置,True,True,3.21,3.21,3.2,1.19,1.2,1.23
测量高程点,山大总图 -调整_t6.dwg,图层 地形,3.90,3.9,401.23,536.74,测量点符号(gc200)的位置,True,False,3.47,3.46,3.42,0.42,0.42,0.48
测量高程点,山大总图 -调整_t6.dwg,图层 地形,3.20,3.2,411.76,547.71,数字左下方0.8 m处(附近没有测量点符号，按常见偏移推),False,False,3.47,3.47,3.47,-0.28,-0.28,-0.27
测量高程点,山大总图 -调整_t6.dwg,图层 地形,3.20,3.2,418.68,567.77,测量点符号(gc200)的位置,False,False,3.49,3.49,3.49,-0.31,-0.31,-0.29
测量高程点,山大总图 -调整_t6.dwg,图层 地形,3.17,3.17,417.48,561.05,测量点符号(gc200)的位置,False,False,3.48,3.49,3.48,-0.33,-0.33,-0.31
测量高程点,山大总图 -调整_t6.dwg,图层 地形,3.25,3.25,422.01,586.42,测量点符号(gc200)的位置,False,False,3.49,3.49,3.49,-0.25,-0.25,-0.23
测量高程点,山大总图 -调整_t6.dwg,图层 地形,3.04,3.04,416.68,596.56,测量点符号(gc200)的位置,False,False,3.46,3.45,3.46,-0.43,-0.42,-0.41
测量高程点,山大总图 -调整_t6.dwg,图层 地形,3.06,3.06,422.73,631.49,测量点符号(gc200)的位置,False,False,3.36,3.36,3.36,-0.31,-0.32,-0.29
测量高程点,山大总图 -调整_t6.dwg,图层 地形,3.72,3.72,436.93,640.88,测量点符号(gc200)的位置,False,False,3.37,3.37,3.37,0.34,0.34,0.36
测量高程点,山大总图 -调整_t6.dwg,图层 地形,3.76,3.76,428.55,643.15,数字左下方0.8 m处(附近没有测量点符号，按常见偏移推),False,False,3.35,3.35,3.35,0.39,0.4,0.41
测量高程点,山大总图 -调整_t6.dwg,图层 地形,3.00,3.0,373.66,679.49,测量点符号(gc200)的位置,True,True,3.27,3.26,3.27,-0.29,-0.28,-0.26
测量高程点,山大总图 -调整_t6.dwg,图层 地形,3.45,3.45,395.56,694.19,测量点符号(gc200)的位置,True,False,3.27,3.28,3.28,0.16,0.16,0.18
测量高程点,山大总图 -调整_t6.dwg,图层 地形,3.53,3.53,409.36,685.33,测量点符号(gc200)的位置,True,False,3.29,3.29,3.28,0.23,0.23,0.25
测量高程点,山大总图 -调整_t6.dwg,图层 地形,3.39,3.39,379.29,671.18,测量点符号(gc200)的位置,True,False,3.29,3.27,3.33,0.09,0.1,0.06
测量高程点,山大总图 -调整_t6.dwg,图层 地形,3.44,3.44,377.76,672.41,测量点符号(gc200)的位置,True,False,3.28,3.27,3.32,0.14,0.16,0.13
测量高程点,山大总图 -调整_t6.dwg,图层 地形,3.47,3.47,408.33,666.27,测量点符号(gc200)的位置,True,False,3.31,3.3,3.31,0.14,0.15,0.16
测量高程点,山大总图 -调整_t6.dwg,图层 地形,3.46,3.46,404.27,620.89,测量点符号(gc200)的位置,True,False,3.36,3.35,3.38,0.09,0.1,0.08
测量高程点,山大总图 -调整_t6.dwg,图层 地形,3.47,3.47,398.9,585.38,数字左下方0.8 m处(附近没有测量点符号，按常见偏移推),False,False,3.41,3.37,3.41,0.05,0.08,0.07
测量高程点,山大总图 -调整_t6.dwg,图层 地形,3.90,3.9,403.84,577.13,数字左下方0.8 m处(附近没有测量点符号，按常见偏移推),False,False,3.44,3.44,3.44,0.45,0.45,0.46
测量高程点,山大总图 -调整_t6.dwg,图层 地形,3.37,3.37,382.07,568.3,数字左下方0.8 m处(附近没有测量点符号，按常见偏移推),True,False,3.37,3.36,3.32,-0.02,0.0,0.05
测量高程点,山大总图 -调整_t6.dwg,图层 地形,3.38,3.38,371.08,582.37,数字左下方0.8 m处(附近没有测量点符号，按常见偏移推),True,False,3.34,3.35,3.5,0.02,0.02,-0.11
测量高程点,山大总图 -调整_t6.dwg,图层 地形,3.40,3.4,365.65,596.41,测量点符号(gc200)的位置,True,False,3.33,3.34,3.29,0.05,0.04,0.12
测量高程点,山大总图 -调整_t6.dwg,图层 地形,3.03,3.03,358.65,590.77,测量点符号(gc200)的位置,True,True,3.33,3.33,3.28,-0.31,-0.31,-0.25
测量高程点,山大总图 -调整_t6.dwg,图层 地形,3.00,3.0,352.51,571.0,数字左下方0.8 m处(附近没有测量点符号，按常见偏移推),True,True,3.33,3.33,3.28,-0.34,-0.34,-0.28
测量高程点,山大总图 -调整_t6.dwg,图层 地形,5.06,5.06,245.23,620.76,测量点符号(gc200)的位置,True,True,3.22,3.22,3.22,1.83,1.83,1.84
测量高程点,山大总图 -调整_t6.dwg,图层 地形,4.44,4.44,267.57,659.15,测量点符号(gc200)的位置,True,True,3.23,3.23,3.21,1.2,1.2,1.23
测量高程点,山大总图 -调整_t6.dwg,图层 地形,4.89,4.89,262.84,647.56,测量点符号(gc200)的位置,True,True,3.23,3.23,3.38,1.65,1.65,1.52
测量高程点,山大总图 -调整_t6.dwg,图层 地形,5.01,5.01,253.02,631.13,测量点符号(gc200)的位置,True,True,3.22,3.22,3.38,1.77,1.77,1.64
测量高程点,山大总图 -调整_t6.dwg,图层 地形,3.86,3.86,259.4,690.64,测量点符号(gc200)的位置,True,True,3.22,3.22,3.24,0.62,0.63,0.63
测量高程点,山大总图 -调整_t6.dwg,图层 地形,3.75,3.75,245.11,695.11,测量点符号(gc200)的位置,True,True,3.21,3.21,3.22,0.52,0.53,0.53
测量高程点,山大总图 -调整_t6.dwg,图层 地形,3.63,3.63,230.83,699.58,测量点符号(gc200)的位置,True,True,3.21,3.21,3.21,0.4,0.41,0.43
测量高程点,山大总图 -调整_t6.dwg,图层 地形,3.97,3.97,273.07,686.36,测量点符号(gc200)的位置,True,True,3.23,3.23,3.25,0.73,0.73,0.72
测量高程点,山大总图 -调整_t6.dwg,图层 地形,3.78,3.78,275.67,698.69,测量点符号(gc200)的位置,True,True,3.23,3.22,3.22,0.54,0.54,0.56
测量高程点,山大总图 -调整_t6.dwg,图层 地形,3.77,3.77,280.68,695.67,测量点符号(gc200)的位置,True,True,3.23,3.22,3.22,0.53,0.53,0.55
测量高程点,山大总图 -调整_t6.dwg,图层 地形,5.02,5.02,322.51,691.19,测量点符号(gc200)的位置,True,True,3.25,3.24,3.24,1.75,1.76,1.78
测量高程点,山大总图 -调整_t6.dwg,图层 地形,6.38,6.38,337.77,653.92,数字左下方0.8 m处(附近没有测量点符号，按常见偏移推),True,True,3.27,3.28,3.25,3.1,3.09,3.14
测量高程点,山大总图 -调整_t6.dwg,图层 地形,6.31,6.31,329.53,663.84,数字左下方0.8 m处(附近没有测量点符号，按常见偏移推),True,True,3.26,3.26,3.24,3.03,3.03,3.08
测量高程点,山大总图 -调整_t6.dwg,图层 地形,6.10,6.1,234.04,576.15,测量点符号(gc200)的位置,True,True,3.22,3.21,3.35,2.87,2.88,2.75
测量高程点,山大总图 -调整_t6.dwg,图层 地形,4.53,4.53,226.97,574.67,数字左下方0.8 m处(附近没有测量点符号，按常见偏移推),True,True,3.21,3.2,3.35,1.3,1.31,1.18
测量高程点,山大总图 -调整_t6.dwg,图层 地形,4.85,4.85,204.34,647.43,测量点符号(gc200)的位置,True,True,3.2,3.2,3.35,1.63,1.63,1.5
测量高程点,山大总图 -调整_t6.dwg,图层 地形,5.43,5.43,233.15,664.48,测量点符号(gc200)的位置,True,True,3.22,3.22,3.22,2.2,2.2,2.22
测量高程点,山大总图 -调整_t6.dwg,图层 地形,6.10,6.1,291.53,653.41,测量点符号(gc200)的位置,True,True,3.25,3.26,3.41,2.84,2.83,2.7
测量高程点,山大总图 -调整_t6.dwg,图层 地形,6.84,6.84,294.35,602.51,测量点符号(gc200)的位置,True,True,3.25,3.25,3.23,3.58,3.58,3.62
测量高程点,山大总图 -调整_t6.dwg,图层 地形,4.43,4.43,219.38,583.44,测量点符号(gc200)的位置,True,True,3.21,3.21,3.2,1.21,1.21,1.24
测量高程点,山大总图 -调整_t6.dwg,图层 地形,4.74,4.74,227.87,595.77,测量点符号(gc200)的位置,True,True,3.21,3.21,3.2,1.52,1.52,1.55
测量高程点,山大总图 -调整_t6.dwg,图层 地形,4.14,4.14,211.6,572.16,测量点符号(gc200)的位置,True,False,3.21,3.21,3.2,0.91,0.91,0.94
测量高程点,山大总图 -调整_t6.dwg,图层 地形,4.00,4.0,203.61,557.18,测量点符号(gc200)的位置,True,False,3.22,3.2,3.35,0.77,0.78,0.65
测量高程点,山大总图 -调整_t6.dwg,图层 地形,3.09,3.09,313.96,522.54,测量点符号(gc200)的位置,True,False,3.28,3.28,3.25,-0.21,-0.21,-0.16
测量高程点,山大总图 -调整_t6.dwg,图层 地形,3.04,3.04,291.92,527.04,测量点符号(gc200)的位置,True,False,3.27,3.26,3.41,-0.24,-0.23,-0.36
测量高程点,山大总图 -调整_t6.dwg,图层 地形,2.99,2.99,228.89,535.43,测量点符号(gc200)的位置,True,False,3.24,3.24,3.22,-0.26,-0.26,-0.22
测量高程点,山大总图 -调整_t6.dwg,图层 地形,3.00,3.0,243.73,533.45,测量点符号(gc200)的位置,True,False,3.24,3.24,3.23,-0.26,-0.25,-0.23
测量高程点,山大总图 -调整_t6.dwg,图层 地形,3.01,3.01,258.56,531.47,测量点符号(gc200)的位置,True,False,3.25,3.26,3.22,-0.25,-0.26,-0.21
测量高程点,山大总图 -调整_t6.dwg,图层 地形,3.02,3.02,273.4,529.49,测量点符号(gc200)的位置,True,False,3.26,3.26,3.41,-0.25,-0.25,-0.38
测量高程点,山大总图 -调整_t6.dwg,图层 地形,2.98,2.98,210.42,537.89,测量点符号(gc200)的位置,True,False,3.24,3.23,3.27,-0.27,-0.26,-0.28
测量高程点,山大总图 -调整_t6.dwg,图层 地形,3.66,3.66,328.48,491.61,测量点符号(gc200)的位置,True,False,3.3,3.3,3.32,0.35,0.35,0.34
测量高程点,山大总图 -调整_t6.dwg,图层 地形,2.91,2.91,315.78,505.63,测量点符号(gc200)的位置,True,False,3.29,3.29,3.29,-0.39,-0.39,-0.37
测量高程点,山大总图 -调整_t6.dwg,图层 地形,3.04,3.04,312.79,516.08,测量点符号(gc200)的位置,True,False,3.28,3.28,3.28,-0.26,-0.26,-0.23
测量高程点,山大总图 -调整_t6.dwg,图层 地形,3.41,3.41,339.38,509.64,测量点符号(gc200)的位置,True,False,3.31,3.31,3.31,0.08,0.08,0.1
测量高程点,山大总图 -调整_t6.dwg,图层 地形,3.36,3.36,345.08,518.43,数字左下方0.8 m处(附近没有测量点符号，按常见偏移推),True,False,3.32,3.32,3.3,0.03,0.03,0.07
测量高程点,山大总图 -调整_t6.dwg,图层 地形,2.65,2.65,352.56,466.39,测量点符号(gc200)的位置,True,False,3.33,3.33,3.29,-0.69,-0.69,-0.64
测量高程点,山大总图 -调整_t6.dwg,图层 地形,2.57,2.57,340.44,481.62,测量点符号(gc200)的位置,True,False,3.32,3.32,3.33,-0.76,-0.76,-0.75
测量高程点,山大总图 -调整_t6.dwg,图层 地形,2.50,2.5,339.12,466.34,测量点符号(gc200)的位置,True,False,3.31,3.31,3.33,-0.83,-0.83,-0.82
测量高程点,山大总图 -调整_t6.dwg,图层 地形,2.92,2.92,342.56,491.56,数字左下方0.8 m处(附近没有测量点符号，按常见偏移推),True,False,3.32,3.32,3.32,-0.41,-0.41,-0.4
测量高程点,山大总图 -调整_t6.dwg,图层 地形,3.13,3.13,337.18,509.44,测量点符号(gc200)的位置,True,False,3.31,3.31,3.33,-0.2,-0.19,-0.19
测量高程点,山大总图 -调整_t6.dwg,图层 地形,3.61,3.61,332.31,509.09,数字左下方0.8 m处(附近没有测量点符号，按常见偏移推),True,False,3.3,3.3,3.33,0.29,0.29,0.28
测量高程点,山大总图 -调整_t6.dwg,图层 地形,3.77,3.77,326.92,505.6,数字左下方0.8 m处(附近没有测量点符号，按常见偏移推),True,False,3.3,3.3,3.32,0.46,0.46,0.45
测量高程点,山大总图 -调整_t6.dwg,图层 地形,3.68,3.68,332.72,499.67,数字左下方0.8 m处(附近没有测量点符号，按常见偏移推),True,False,3.3,3.3,3.33,0.36,0.36,0.35
测量高程点,山大总图 -调整_t6.dwg,图层 地形,3.02,3.02,353.09,478.93,测量点符号(gc200)的位置,True,False,3.33,3.33,3.29,-0.32,-0.32,-0.27
测量高程点,山大总图 -调整_t6.dwg,图层 地形,3.16,3.16,243.11,520.99,测量点符号(gc200)的位置,True,False,3.25,3.25,3.23,-0.1,-0.1,-0.06
测量高程点,山大总图 -调整_t6.dwg,图层 地形,3.00,3.0,222.04,522.18,测量点符号(gc200)的位置,True,False,3.25,3.25,3.22,-0.26,-0.26,-0.21
测量高程点,山大总图 -调整_t6.dwg,图层 地形,3.24,3.24,266.9,519.96,测量点符号(gc200)的位置,True,False,3.26,3.26,3.23,-0.03,-0.03,0.01
测量高程点,山大总图 -调整_t6.dwg,图层 地形,3.11,3.11,209.08,520.29,数字左下方0.8 m处(附近没有测量点符号，按常见偏移推),True,False,3.25,3.25,3.22,-0.16,-0.16,-0.11
测量高程点,山大总图 -调整_t6.dwg,图层 地形,3.01,3.01,219.04,497.01,测量点符号(gc200)的位置,True,False,3.28,3.28,3.28,-0.29,-0.28,-0.26
测量高程点,山大总图 -调整_t6.dwg,图层 地形,2.88,2.88,216.11,483.55,测量点符号(gc200)的位置,True,False,3.3,3.3,3.27,-0.43,-0.43,-0.38
测量高程点,山大总图 -调整_t6.dwg,图层 地形,2.99,2.99,219.03,548.57,测量点符号(gc200)的位置,True,False,3.23,3.2,3.35,-0.26,-0.23,-0.36
测量高程点,山大总图 -调整_t6.dwg,图层 地形,3.01,3.01,204.27,551.07,测量点符号(gc200)的位置,True,False,3.22,3.2,3.35,-0.23,-0.21,-0.34
测量高程点,山大总图 -调整_t6.dwg,图层 地形,2.97,2.97,309.92,533.31,测量点符号(gc200)的位置,True,False,3.28,3.28,3.25,-0.32,-0.32,-0.27
测量高程点,山大总图 -调整_t6.dwg,图层 地形,2.99,2.99,324.71,531.01,测量点符号(gc200)的位置,True,False,3.29,3.29,3.27,-0.32,-0.32,-0.28
测量高程点,山大总图 -调整_t6.dwg,图层 地形,2.97,2.97,256.13,542.29,测量点符号(gc200)的位置,True,False,3.24,3.24,3.22,-0.28,-0.29,-0.24
测量高程点,山大总图 -调整_t6.dwg,图层 地形,2.96,2.96,270.89,539.79,测量点符号(gc200)的位置,True,False,3.25,3.25,3.22,-0.3,-0.3,-0.26
测量高程点,山大总图 -调整_t6.dwg,图层 地形,2.96,2.96,285.65,537.29,测量点符号(gc200)的位置,True,False,3.26,3.26,3.23,-0.31,-0.31,-0.26
测量高程点,山大总图 -调整_t6.dwg,图层 地形,2.95,2.95,300.41,534.79,测量点符号(gc200)的位置,True,False,3.27,3.26,3.24,-0.33,-0.32,-0.28
测量高程点,山大总图 -调整_t6.dwg,图层 地形,2.97,2.97,239.39,545.13,测量点符号(gc200)的位置,True,False,3.23,3.23,3.23,-0.28,-0.27,-0.26
测量高程点,山大总图 -调整_t6.dwg,图层 地形,5.61,5.61,282.49,547.99,测量点符号(gc200)的位置,True,False,3.25,3.25,3.4,2.34,2.35,2.22
测量高程点,山大总图 -调整_t6.dwg,图层 地形,2.90,2.9,227.61,498.54,测量点符号(gc200)的位置,True,False,3.28,3.28,3.28,-0.39,-0.39,-0.37
测量高程点,山大总图 -调整_t6.dwg,图层 地形,2.88,2.88,227.66,515.29,测量点符号(gc200)的位置,True,False,3.26,3.26,3.24,-0.39,-0.39,-0.35
测量高程点,山大总图 -调整_t6.dwg,图层 地形,3.22,3.22,253.54,513.25,测量点符号(gc200)的位置,True,False,3.26,3.26,3.26,-0.05,-0.05,-0.03
测量高程点,山大总图 -调整_t6.dwg,图层 地形,3.51,3.51,279.14,512.03,测量点符号(gc200)的位置,True,False,3.27,3.27,3.26,0.23,0.23,0.25
测量高程点,山大总图 -调整_t6.dwg,图层 地形,3.04,3.04,289.67,500.93,测量点符号(gc200)的位置,True,False,3.27,3.28,3.29,-0.25,-0.25,-0.25
测量高程点,山大总图 -调整_t6.dwg,图层 地形,2.84,2.84,266.52,493.03,测量点符号(gc200)的位置,True,False,3.28,3.28,3.27,-0.45,-0.45,-0.42
测量高程点,山大总图 -调整_t6.dwg,图层 地形,2.87,2.87,251.15,495.75,测量点符号(gc200)的位置,True,False,3.27,3.27,3.27,-0.42,-0.42,-0.4
测量高程点,山大总图 -调整_t6.dwg,图层 地形,3.16,3.16,211.17,502.07,测量点符号(gc200)的位置,True,False,3.28,3.28,3.32,-0.13,-0.13,-0.16
测量高程点,山大总图 -调整_t6.dwg,图层 地形,3.37,3.37,278.75,477.67,测量点符号(gc200)的位置,True,False,3.29,3.29,3.26,0.07,0.07,0.11
测量高程点,山大总图 -调整_t6.dwg,图层 地形,3.11,3.11,226.64,467.88,测量点符号(gc200)的位置,True,False,3.32,3.45,3.27,-0.22,-0.36,-0.16
测量高程点,山大总图 -调整_t6.dwg,图层 地形,3.15,3.15,239.1,482.24,测量点符号(gc200)的位置,True,False,3.29,3.29,3.26,-0.16,-0.16,-0.1
测量高程点,山大总图 -调整_t6.dwg,图层 地形,3.09,3.09,224.45,490.25,测量点符号(gc200)的位置,True,False,3.29,3.29,3.27,-0.21,-0.21,-0.18
测量高程点,山大总图 -调整_t6.dwg,图层 地形,3.47,3.47,408.93,643.43,测量点符号(gc200)的位置,False,False,3.34,3.34,3.31,0.12,0.12,0.17
测量高程点,山大总图 -调整_t6.dwg,图层 地形,3.55,3.55,384.18,673.47,测量点符号(gc200)的位置,True,False,3.29,3.27,3.27,0.25,0.26,0.28
测量高程点,山大总图 -调整_t6.dwg,图层 地形,3.40,3.4,389.62,578.21,测量点符号(gc200)的位置,True,False,3.37,3.35,3.5,0.01,0.04,-0.09
测量高程点,山大总图 -调整_t6.dwg,图层 地形,3.36,3.36,386.37,571.84,测量点符号(gc200)的位置,True,False,3.38,3.35,3.5,-0.03,-0.0,-0.13
测量高程点,山大总图 -调整_t6.dwg,图层 地形,3.38,3.38,364.97,568.38,测量点符号(gc200)的位置,True,False,3.35,3.35,3.3,0.02,0.02,0.09
测量高程点,山大总图 -调整_t6.dwg,图层 地形,6.47,6.47,334.55,624.98,数字左下方0.8 m处(附近没有测量点符号，按常见偏移推),True,True,3.29,3.28,3.25,3.17,3.18,3.22
测量高程点,山大总图 -调整_t6.dwg,图层 地形,5.73,5.73,333.6,602.91,数字左下方0.8 m处(附近没有测量点符号，按常见偏移推),True,True,3.3,3.3,3.38,2.42,2.42,2.36
测量高程点,山大总图 -调整_t6.dwg,图层 地形,6.37,6.37,330.67,575.21,数字左下方0.8 m处(附近没有测量点符号，按常见偏移推),True,True,3.29,3.3,3.45,3.06,3.06,2.93
测量高程点,山大总图 -调整_t6.dwg,图层 地形,5.78,5.78,324.74,557.71,数字左下方0.8 m处(附近没有测量点符号，按常见偏移推),True,True,3.29,3.29,3.25,2.48,2.47,2.54
测量高程点,山大总图 -调整_t6.dwg,图层 地形,5.96,5.96,317.47,540.3,测量点符号(gc200)的位置,True,False,3.28,3.28,3.25,2.66,2.67,2.72
测量高程点,山大总图 -调整_t6.dwg,图层 地形,6.24,6.24,282.74,571.74,测量点符号(gc200)的位置,True,True,3.25,3.25,3.4,2.98,2.98,2.85
测量高程点,山大总图 -调整_t6.dwg,图层 地形,3.39,3.39,301.46,488.05,测量点符号(gc200)的位置,True,False,3.28,3.28,3.26,0.09,0.09,0.13
测量高程点,山大总图 -调整_t6.dwg,图层 地形,2.80,2.8,283.05,488.71,测量点符号(gc200)的位置,True,False,3.28,3.28,3.25,-0.5,-0.49,-0.45
测量高程点,山大总图 -调整_t6.dwg,图层 地形,3.29,3.29,296.8,514.09,测量点符号(gc200)的位置,True,False,3.27,3.27,3.27,0.0,0.0,0.03
测量高程点,山大总图 -调整_t6.dwg,图层 地形,3.31,3.31,266.25,506.52,测量点符号(gc200)的位置,True,False,3.27,3.27,3.27,0.03,0.03,0.05
测量高程点,山大总图 -调整_t6.dwg,图层 地形,4.12,4.12,209.59,677.22,测量点符号(gc200)的位置,True,True,3.21,3.21,3.2,0.9,0.9,0.93
测量高程点,山大总图 -调整_t6.dwg,图层 地形,3.36,3.36,311.77,465.07,测量点符号(gc200)的位置,True,False,3.31,3.31,3.31,0.04,0.04,0.06
测量高程点,山大总图 -调整_t6.dwg,图层 地形,3.44,3.44,299.97,468.82,测量点符号(gc200)的位置,True,False,3.3,3.32,3.27,0.12,0.11,0.17
测量高程点,山大总图 -调整_t6.dwg,图层 地形,3.07,3.07,306.03,520.67,测量点符号(gc200)的位置,True,False,3.28,3.28,3.24,-0.22,-0.22,-0.17
测量高程点,山大总图 -调整_t6.dwg,图层 地形,3.12,3.12,328.03,517.61,测量点符号(gc200)的位置,True,False,3.3,3.3,3.33,-0.19,-0.19,-0.2
测量高程点,山大总图 -调整_t6.dwg,图层 地形,3.38,3.38,330.16,471.63,测量点符号(gc200)的位置,True,False,3.31,3.31,3.33,0.06,0.06,0.05
测量高程点,山大总图 -调整_t6.dwg,图层 地形,3.16,3.16,438.99,660.29,测量点符号(gc200)的位置,False,False,3.34,3.34,3.34,-0.19,-0.19,-0.17
测量高程点,山大总图 -调整_t6.dwg,图层 地形,2.96,2.96,434.05,700.97,测量点符号(gc200)的位置,False,False,3.28,3.28,3.28,-0.33,-0.33,-0.31
测量高程点,山大总图 -调整_t6.dwg,图层 地形,2.94,2.94,431.43,684.77,测量点符号(gc200)的位置,False,False,3.29,3.3,3.29,-0.37,-0.37,-0.35
测量高程点,山大总图 -调整_t6.dwg,图层 地形,3.02,3.02,406.9,544.18,测量点符号(gc200)的位置,True,False,3.47,3.47,3.47,-0.46,-0.46,-0.45
测量高程点,山大总图 -调整_t6.dwg,图层 地形,3.38,3.38,389.62,578.21,测量点符号(gc200)的位置,True,False,3.37,3.35,3.5,-0.01,0.02,-0.11
测量高程点,山大总图 -调整_t6.dwg,图层 地形,2.95,2.95,391.18,707.42,测量点符号(gc200)的位置,True,False,3.26,3.26,3.26,-0.32,-0.33,-0.31
测量高程点,山大总图 -调整_t6.dwg,图层 地形,3.16,3.16,416.88,696.39,测量点符号(gc200)的位置,False,False,3.27,3.27,3.27,-0.13,-0.13,-0.11
测量高程点,山大总图 -调整_t6.dwg,图层 地形,3.05,3.05,377.53,704.19,测量点符号(gc200)的位置,True,False,3.26,3.26,3.26,-0.22,-0.22,-0.2
测量高程点,山大总图 -调整_t6.dwg,图层 地形,3.42,3.42,385.11,689.29,测量点符号(gc200)的位置,True,False,3.27,3.27,3.27,0.13,0.14,0.15
测量高程点,山大总图 -调整_t6.dwg,图层 地形,3.46,3.46,399.81,675.35,测量点符号(gc200)的位置,True,False,3.3,3.28,3.28,0.15,0.17,0.18
测量高程点,山大总图 -调整_t6.dwg,图层 地形,3.44,3.44,420.0,687.96,测量点符号(gc200)的位置,False,False,3.29,3.29,3.29,0.14,0.14,0.16
测量高程点,山大总图 -调整_t6.dwg,图层 地形,2.52,2.52,349.44,646.04,测量点符号(gc200)的位置,True,True,3.29,3.3,3.26,-0.78,-0.79,-0.74
测量高程点,山大总图 -调整_t6.dwg,图层 地形,2.21,2.21,345.88,611.42,测量点符号(gc200)的位置,True,True,3.31,3.3,3.26,-1.12,-1.11,-1.04
测量高程点,山大总图 -调整_t6.dwg,图层 地形,2.20,2.2,343.37,585.09,测量点符号(gc200)的位置,True,True,3.31,3.3,3.29,-1.12,-1.12,-1.09
测量高程点,山大总图 -调整_t6.dwg,图层 地形,3.65,3.65,340.43,558.77,测量点符号(gc200)的位置,True,True,3.31,3.31,3.29,0.32,0.33,0.36
测量高程点,山大总图 -调整_t6.dwg,图层 地形,3.40,3.4,376.45,595.34,测量点符号(gc200)的位置,True,False,3.34,3.35,3.5,0.04,0.04,-0.09
测量高程点,山大总图 -调整_t6.dwg,图层 地形,3.44,3.44,384.13,593.22,测量点符号(gc200)的位置,True,False,3.35,3.35,3.5,0.07,0.08,-0.05
测量高程点,山大总图 -调整_t6.dwg,图层 地形,3.49,3.49,397.29,590.34,测量点符号(gc200)的位置,True,False,3.4,3.36,3.33,0.08,0.12,0.17
测量高程点,山大总图 -调整_t6.dwg,图层 地形,3.49,3.49,397.12,598.65,测量点符号(gc200)的位置,True,False,3.39,3.35,3.41,0.09,0.13,0.09
测量高程点,山大总图 -调整_t6.dwg,图层 地形,3.92,3.92,415.82,647.45,数字左下方0.8 m处(附近没有测量点符号，按常见偏移推),False,False,3.34,3.34,3.34,0.57,0.57,0.59
测量高程点,山大总图 -调整_t6.dwg,图层 地形,3.31,3.31,415.82,534.77,测量点符号(gc200)的位置,True,False,3.5,3.51,3.42,-0.21,-0.22,-0.11
测量高程点,山大总图 -调整_t6.dwg,图层 地形,3.02,3.02,339.5,528.71,测量点符号(gc200)的位置,True,False,3.31,3.31,3.32,-0.31,-0.31,-0.29
测量高程点,山大总图 -调整_t6.dwg,图层 地形,3.00,3.0,363.33,619.42,测量点符号(gc200)的位置,True,True,3.32,3.33,3.27,-0.34,-0.34,-0.26
测量高程点,山大总图 -调整_t6.dwg,图层 地形,2.97,2.97,367.03,643.18,测量点符号(gc200)的位置,True,True,3.31,3.31,3.26,-0.36,-0.36,-0.29
测量高程点,山大总图 -调整_t6.dwg,图层 地形,3.02,3.02,208.27,527.98,测量点符号(gc200)的位置,True,False,3.24,3.24,3.22,-0.24,-0.24,-0.19
测量高程点,山大总图 -调整_t6.dwg,图层 地形,2.94,2.94,251.28,526.02,测量点符号(gc200)的位置,True,False,3.25,3.25,3.23,-0.32,-0.32,-0.28
测量高程点,山大总图 -调整_t6.dwg,图层 地形,3.04,3.04,221.84,527.7,测量点符号(gc200)的位置,True,False,3.24,3.24,3.22,-0.22,-0.22,-0.17
测量高程点,山大总图 -调整_t6.dwg,图层 地形,3.15,3.15,216.32,512.09,测量点符号(gc200)的位置,True,False,3.26,3.26,3.27,-0.13,-0.12,-0.11
测量高程点,山大总图 -调整_t6.dwg,图层 地形,3.28,3.28,267.31,467.06,测量点符号(gc200)的位置,True,False,3.3,3.47,3.34,-0.04,-0.2,-0.05
测量高程点,山大总图 -调整_t6.dwg,图层 地形,2.97,2.97,284.27,523.8,测量点符号(gc200)的位置,True,False,3.26,3.26,3.23,-0.31,-0.3,-0.26
测量高程点,山大总图 -调整_t6.dwg,图层 地形,3.40,3.4,207.23,707.97,测量点符号(gc200)的位置,True,True,3.21,3.21,3.21,0.18,0.18,0.2
测量高程点,山大总图 -调整_t6.dwg,图层 地形,4.59,4.59,204.6,603.02,测量点符号(gc200)的位置,True,True,3.2,3.2,3.35,1.37,1.37,1.24
测量高程点,山大总图 -调整_t6.dwg,图层 地形,3.52,3.52,216.54,704.05,测量点符号(gc200)的位置,True,True,3.21,3.21,3.21,0.3,0.3,0.32
测量高程点,山大总图 -调整_t6.dwg,图层 地形,5.11,5.11,227.92,692.79,测量点符号(gc200)的位置,True,True,3.21,3.21,3.22,1.88,1.89,1.89
测量高程点,山大总图 -调整_t6.dwg,图层 地形,5.38,5.38,255.68,665.59,测量点符号(gc200)的位置,True,True,3.23,3.22,3.21,2.14,2.14,2.17
测量高程点,山大总图 -调整_t6.dwg,图层 地形,5.21,5.21,240.7,640.75,测量点符号(gc200)的位置,True,True,3.22,3.22,3.2,1.98,1.98,2.01
测量高程点,山大总图 -调整_t6.dwg,图层 地形,4.59,4.59,221.06,643.07,测量点符号(gc200)的位置,True,True,3.21,3.2,3.35,1.37,1.37,1.24
测量高程点,山大总图 -调整_t6.dwg,图层 地形,4.63,4.63,228.23,626.48,测量点符号(gc200)的位置,True,True,3.21,3.21,3.2,1.4,1.41,1.44
测量高程点,山大总图 -调整_t6.dwg,图层 地形,4.58,4.58,209.26,630.87,测量点符号(gc200)的位置,True,True,3.2,3.2,3.2,1.36,1.36,1.39
测量高程点,山大总图 -调整_t6.dwg,图层 地形,5.17,5.17,308.16,680.81,测量点符号(gc200)的位置,True,True,3.25,3.25,3.27,1.9,1.91,1.9
测量高程点,山大总图 -调整_t6.dwg,图层 地形,6.32,6.32,329.66,648.47,测量点符号(gc200)的位置,True,True,3.27,3.26,3.25,3.04,3.05,3.08
测量高程点,山大总图 -调整_t6.dwg,图层 地形,6.68,6.68,272.84,629.12,测量点符号(gc200)的位置,True,True,3.23,3.23,3.38,3.43,3.44,3.31
测量高程点,山大总图 -调整_t6.dwg,图层 地形,5.70,5.7,255.02,616.22,测量点符号(gc200)的位置,True,True,3.22,3.22,3.21,2.46,2.46,2.5
测量高程点,山大总图 -调整_t6.dwg,图层 地形,5.69,5.69,325.79,607.59,测量点符号(gc200)的位置,True,True,3.28,3.27,3.25,2.39,2.4,2.44
测量高程点,山大总图 -调整_t6.dwg,图层 地形,7.49,7.49,272.69,587.93,测量点符号(gc200)的位置,True,True,3.24,3.24,3.22,4.24,4.24,4.28
测量高程点,山大总图 -调整_t6.dwg,图层 地形,7.60,7.6,244.9,588.49,测量点符号(gc200)的位置,True,True,3.22,3.22,3.22,4.37,4.37,4.39
测量高程点,山大总图 -调整_t6.dwg,图层 地形,6.42,6.42,289.01,553.46,测量点符号(gc200)的位置,True,False,3.26,3.25,3.4,3.15,3.16,3.03
测量高程点,山大总图 -调整_t6.dwg,图层 地形,6.43,6.43,308.99,544.36,测量点符号(gc200)的位置,True,False,3.27,3.25,3.24,3.14,3.17,3.19
测量高程点,山大总图 -调整_t6.dwg,图层 地形,5.93,5.93,320.3,574.66,测量点符号(gc200)的位置,True,True,3.28,3.28,3.25,2.63,2.63,2.69
测量高程点,山大总图 -调整_t6.dwg,图层 地形,3.97,3.97,276.65,547.79,测量点符号(gc200)的位置,True,False,3.25,3.25,3.4,0.71,0.71,0.58
测量高程点,山大总图 -调整_t6.dwg,图层 地形,4.10,4.1,262.77,563.78,测量点符号(gc200)的位置,True,False,3.23,3.25,3.4,0.85,0.84,0.71
测量高程点,山大总图 -调整_t6.dwg,图层 地形,4.09,4.09,231.57,555.77,测量点符号(gc200)的位置,True,False,3.23,3.2,3.35,0.85,0.87,0.74
测量高程点,山大总图 -调整_t6.dwg,图层 地形,2.70,2.7,355.35,681.04,测量点符号(gc200)的位置,True,True,3.26,3.25,3.25,-0.57,-0.56,-0.55
测量高程点,山大总图 -调整_t6.dwg,图层 地形,3.02,3.02,435.52,709.03,测量点符号(gc200)的位置,False,False,3.27,3.28,3.27,-0.26,-0.27,-0.24
测量高程点,山大总图 -调整_t6.dwg,图层 地形,3.29,3.29,426.21,542.5,测量点符号(gc200)的位置,True,False,3.52,3.52,3.69,-0.24,-0.24,-0.4
测量高程点,山大总图 -调整_t6.dwg,图层 地形,3.30,3.3,445.63,539.83,测量点符号(gc200)的位置,True,False,3.55,3.52,3.69,-0.26,-0.23,-0.39
测量高程点,山大总图 -调整_t6.dwg,图层 地形,3.01,3.01,336.31,697.19,测量点符号(gc200)的位置,True,True,3.25,3.24,3.25,-0.25,-0.25,-0.23
测量高程点,山大总图 -调整_t6.dwg,图层 地形,3.22,3.22,299.98,701.93,测量点符号(gc200)的位置,True,True,3.24,3.23,3.23,-0.03,-0.03,-0.01
测量高程点,山大总图 -调整_t6.dwg,图层 地形,3.66,3.66,260.2,703.11,测量点符号(gc200)的位置,True,True,3.22,3.21,3.21,0.43,0.43,0.45
测量高程点,山大总图 -调整_t6.dwg,图层 地形,3.44,3.44,232.65,707.53,测量点符号(gc200)的位置,True,True,3.21,3.21,3.21,0.22,0.22,0.24
测量高程点,山大总图 -调整_t6.dwg,图层 地形,3.16,3.16,391.81,480.92,测量点符号(gc200)的位置,True,False,3.4,3.45,3.6,-0.25,-0.3,-0.43
测量高程点,山大总图 -调整_t6.dwg,图层 地形,3.14,3.14,384.73,474.71,测量点符号(gc200)的位置,True,False,3.38,3.45,3.6,-0.25,-0.32,-0.45
测量高程点,山大总图 -调整_t6.dwg,图层 地形,3.10,3.1,395.46,474.8,测量点符号(gc200)的位置,True,False,3.4,3.45,3.6,-0.31,-0.36,-0.49
测量高程点,山大总图 -调整_t6.dwg,图层 地形,2.88,2.88,503.86,693.09,测量点符号(gc200)的位置,False,False,3.29,3.3,3.29,-0.42,-0.43,-0.4
测量高程点,山大总图 -调整_t6.dwg,图层 地形,2.76,2.76,515.11,683.43,测量点符号(gc200)的位置,False,False,3.3,3.3,3.3,-0.55,-0.56,-0.53
测量高程点,山大总图 -调整_t6.dwg,图层 地形,2.72,2.72,587.17,708.91,测量点符号(gc200)的位置,False,False,3.26,3.26,3.26,-0.55,-0.55,-0.54
测量高程点,山大总图 -调整_t6.dwg,图层 地形,2.83,2.83,584.07,680.14,测量点符号(gc200)的位置,False,False,3.29,3.3,3.29,-0.47,-0.49,-0.45
测量高程点,山大总图 -调整_t6.dwg,图层 地形,2.68,2.68,567.24,674.61,测量点符号(gc200)的位置,False,False,3.29,3.3,3.29,-0.63,-0.63,-0.61
测量高程点,山大总图 -调整_t6.dwg,图层 地形,2.69,2.69,552.64,662.23,测量点符号(gc200)的位置,False,False,3.32,3.32,3.32,-0.64,-0.64,-0.62
测量高程点,山大总图 -调整_t6.dwg,图层 地形,2.86,2.86,567.94,683.82,测量点符号(gc200)的位置,False,False,3.28,3.3,3.28,-0.44,-0.45,-0.42
测量高程点,山大总图 -调整_t6.dwg,图层 地形,2.69,2.69,547.83,677.77,数字左下方0.8 m处(附近没有测量点符号，按常见偏移推),False,False,3.3,3.3,3.3,-0.62,-0.62,-0.6
测量高程点,山大总图 -调整_t6.dwg,图层 地形,2.66,2.66,532.71,680.08,测量点符号(gc200)的位置,False,False,3.3,3.3,3.3,-0.66,-0.66,-0.64
测量高程点,山大总图 -调整_t6.dwg,图层 地形,2.79,2.79,532.96,689.71,测量点符号(gc200)的位置,False,False,3.29,3.3,3.29,-0.51,-0.53,-0.49
测量高程点,山大总图 -调整_t6.dwg,图层 地形,2.87,2.87,519.01,691.99,测量点符号(gc200)的位置,False,False,3.29,3.3,3.29,-0.43,-0.45,-0.41
测量高程点,山大总图 -调整_t6.dwg,图层 地形,3.00,3.0,545.36,700.88,测量点符号(gc200)的位置,False,False,3.27,3.27,3.27,-0.28,-0.28,-0.26
测量高程点,山大总图 -调整_t6.dwg,图层 地形,2.76,2.76,527.12,666.63,测量点符号(gc200)的位置,False,False,3.33,3.33,3.33,-0.59,-0.59,-0.57
测量高程点,山大总图 -调整_t6.dwg,图层 地形,3.39,3.39,518.05,494.64,测量点符号(gc200)的位置,True,False,3.66,3.63,3.63,-0.28,-0.25,-0.24
测量高程点,山大总图 -调整_t6.dwg,图层 地形,3.38,3.38,494.17,465.19,测量点符号(gc200)的位置,True,False,3.56,3.56,3.56,-0.19,-0.19,-0.17
测量高程点,山大总图 -调整_t6.dwg,图层 地形,3.36,3.36,506.37,497.12,测量点符号(gc200)的位置,True,False,3.62,3.59,3.58,-0.27,-0.24,-0.22
测量高程点,山大总图 -调整_t6.dwg,图层 地形,3.28,3.28,500.38,503.12,测量点符号(gc200)的位置,True,False,3.58,3.58,3.58,-0.32,-0.32,-0.3
测量高程点,山大总图 -调整_t6.dwg,图层 地形,3.25,3.25,490.71,511.08,测量点符号(gc200)的位置,True,False,3.56,3.55,3.54,-0.33,-0.31,-0.29
测量高程点,山大总图 -调整_t6.dwg,图层 地形,3.16,3.16,504.57,528.83,测量点符号(gc200)的位置,True,False,3.55,3.56,3.56,-0.41,-0.41,-0.4
测量高程点,山大总图 -调整_t6.dwg,图层 地形,3.15,3.15,519.9,528.92,数字左下方0.8 m处(附近没有测量点符号，按常见偏移推),False,False,3.55,3.57,3.55,-0.42,-0.44,-0.4
测量高程点,山大总图 -调整_t6.dwg,图层 地形,3.19,3.19,531.19,531.87,测量点符号(gc200)的位置,False,False,3.58,3.58,3.58,-0.4,-0.4,-0.38
测量高程点,山大总图 -调整_t6.dwg,图层 地形,3.17,3.17,535.3,557.13,测量点符号(gc200)的位置,False,False,3.57,3.56,3.57,-0.42,-0.4,-0.4
测量高程点,山大总图 -调整_t6.dwg,图层 地形,3.12,3.12,516.14,557.13,测量点符号(gc200)的位置,False,False,3.55,3.56,3.55,-0.45,-0.45,-0.43
测量高程点,山大总图 -调整_t6.dwg,图层 地形,3.06,3.06,517.86,590.35,数字左下方0.8 m处(附近没有测量点符号，按常见偏移推),False,False,3.56,3.53,3.56,-0.51,-0.49,-0.49
测量高程点,山大总图 -调整_t6.dwg,图层 地形,3.01,3.01,533.52,589.51,测量点符号(gc200)的位置,False,False,3.49,3.48,3.49,-0.49,-0.48,-0.47
测量高程点,山大总图 -调整_t6.dwg,图层 地形,3.12,3.12,542.58,575.13,测量点符号(gc200)的位置,False,False,3.5,3.52,3.5,-0.4,-0.41,-0.38
测量高程点,山大总图 -调整_t6.dwg,图层 地形,2.85,2.85,541.0,633.53,测量点符号(gc200)的位置,False,False,3.38,3.38,3.38,-0.54,-0.54,-0.52
测量高程点,山大总图 -调整_t6.dwg,图层 地形,2.84,2.84,532.08,638.06,测量点符号(gc200)的位置,False,False,3.38,3.37,3.38,-0.55,-0.55,-0.53
测量高程点,山大总图 -调整_t6.dwg,图层 地形,3.70,3.7,545.85,482.58,数字左下方0.8 m处(附近没有测量点符号，按常见偏移推),False,False,3.55,3.57,3.55,0.13,0.12,0.15
测量高程点,山大总图 -调整_t6.dwg,图层 地形,3.94,3.94,632.74,474.49,数字左下方0.8 m处(附近没有测量点符号，按常见偏移推),False,False,,,,,,
测量高程点,山大总图 -调整_t6.dwg,图层 地形,3.94,3.94,609.9,477.84,数字左下方0.8 m处(附近没有测量点符号，按常见偏移推),False,False,,,,,,
测量高程点,山大总图 -调整_t6.dwg,图层 地形,4.06,4.06,613.97,466.3,数字左下方0.8 m处(附近没有测量点符号，按常见偏移推),False,False,,,,,,
测量高程点,山大总图 -调整_t6.dwg,图层 地形,3.89,3.89,559.93,490.95,数字左下方0.8 m处(附近没有测量点符号，按常见偏移推),False,False,3.56,3.56,3.56,0.32,0.31,0.33
测量高程点,山大总图 -调整_t6.dwg,图层 地形,3.90,3.9,586.63,486.71,数字左下方0.8 m处(附近没有测量点符号，按常见偏移推),False,False,3.6,3.6,3.6,0.29,0.29,0.31
测量高程点,山大总图 -调整_t6.dwg,图层 地形,3.90,3.9,601.03,466.42,数字左下方0.8 m处(附近没有测量点符号，按常见偏移推),False,False,,,,,,
测量高程点,山大总图 -调整_t6.dwg,图层 地形,3.93,3.93,604.01,483.61,数字左下方0.8 m处(附近没有测量点符号，按常见偏移推),False,False,,,,,,
测量高程点,山大总图 -调整_t6.dwg,图层 地形,3.94,3.94,607.18,502.38,数字左下方0.8 m处(附近没有测量点符号，按常见偏移推),False,False,,,,,,
测量高程点,山大总图 -调整_t6.dwg,图层 地形,4.00,4.0,629.1,516.09,数字左下方0.8 m处(附近没有测量点符号，按常见偏移推),False,False,,,,,,
测量高程点,山大总图 -调整_t6.dwg,图层 地形,3.94,3.94,609.96,518.94,数字左下方0.8 m处(附近没有测量点符号，按常见偏移推),False,False,,,,,,
测量高程点,山大总图 -调整_t6.dwg,图层 地形,3.92,3.92,586.56,522.87,数字左下方0.8 m处(附近没有测量点符号，按常见偏移推),False,False,3.63,3.62,3.63,0.28,0.28,0.3
测量高程点,山大总图 -调整_t6.dwg,图层 地形,3.91,3.91,558.47,525.83,数字左下方0.8 m处(附近没有测量点符号，按常见偏移推),False,False,3.63,3.62,3.63,0.27,0.27,0.29
测量高程点,山大总图 -调整_t6.dwg,图层 地形,3.84,3.84,586.5,549.06,数字左下方0.8 m处(附近没有测量点符号，按常见偏移推),False,False,3.57,3.57,3.57,0.25,0.25,0.27
测量高程点,山大总图 -调整_t6.dwg,图层 地形,3.98,3.98,622.0,541.9,数字左下方0.8 m处(附近没有测量点符号，按常见偏移推),False,False,,,,,,
测量高程点,山大总图 -调整_t6.dwg,图层 地形,3.59,3.59,624.09,557.63,数字左下方0.8 m处(附近没有测量点符号，按常见偏移推),False,False,,,,,,
测量高程点,山大总图 -调整_t6.dwg,图层 地形,3.48,3.48,590.16,563.01,数字左下方0.8 m处(附近没有测量点符号，按常见偏移推),False,False,3.53,3.53,3.53,-0.06,-0.06,-0.04
测量高程点,山大总图 -调整_t6.dwg,图层 地形,3.42,3.42,574.0,565.99,数字左下方0.8 m处(附近没有测量点符号，按常见偏移推),False,False,3.52,3.52,3.52,-0.11,-0.11,-0.1
测量高程点,山大总图 -调整_t6.dwg,图层 地形,3.36,3.36,550.78,569.54,数字左下方0.8 m处(附近没有测量点符号，按常见偏移推),False,False,3.52,3.52,3.52,-0.17,-0.17,-0.15
测量高程点,山大总图 -调整_t6.dwg,图层 地形,3.40,3.4,614.18,573.87,数字左下方0.8 m处(附近没有测量点符号，按常见偏移推),False,False,,,,,,
测量高程点,山大总图 -调整_t6.dwg,图层 地形,3.41,3.41,615.15,591.96,数字左下方0.8 m处(附近没有测量点符号，按常见偏移推),False,False,,,,,,
测量高程点,山大总图 -调整_t6.dwg,图层 地形,3.38,3.38,618.24,605.52,数字左下方0.8 m处(附近没有测量点符号，按常见偏移推),False,False,,,,,,
测量高程点,山大总图 -调整_t6.dwg,图层 地形,3.20,3.2,637.25,646.94,数字左下方0.8 m处(附近没有测量点符号，按常见偏移推),False,False,,,,,,
测量高程点,山大总图 -调整_t6.dwg,图层 地形,3.03,3.03,495.4,685.2,数字左下方0.8 m处(附近没有测量点符号，按常见偏移推),False,False,3.3,3.3,3.3,-0.28,-0.28,-0.27
测量高程点,山大总图 -调整_t6.dwg,图层 地形,3.94,3.94,539.91,469.28,数字左下方0.8 m处(附近没有测量点符号，按常见偏移推),False,False,3.55,3.57,3.55,0.38,0.36,0.4
测量高程点,山大总图 -调整_t6.dwg,图层 地形,4.22,4.22,593.96,468.24,数字左下方0.8 m处(附近没有测量点符号，按常见偏移推),False,False,3.6,3.57,3.6,0.61,0.64,0.63
测量高程点,山大总图 -调整_t6.dwg,图层 地形,3.93,3.93,549.07,528.51,数字左下方0.8 m处(附近没有测量点符号，按常见偏移推),False,False,3.62,3.61,3.62,0.3,0.3,0.32
测量高程点,山大总图 -调整_t6.dwg,图层 地形,4.26,4.26,576.4,525.76,数字左下方0.8 m处(附近没有测量点符号，按常见偏移推),False,False,3.63,3.63,3.63,0.62,0.62,0.64
测量高程点,山大总图 -调整_t6.dwg,图层 地形,4.23,4.23,612.2,525.37,数字左下方0.8 m处(附近没有测量点符号，按常见偏移推),False,False,,,,,,
测量高程点,山大总图 -调整_t6.dwg,图层 地形,4.19,4.19,598.44,495.01,数字左下方0.8 m处(附近没有测量点符号，按常见偏移推),False,False,,,,,,
测量高程点,山大总图 -调整_t6.dwg,图层 地形,4.17,4.17,607.36,572.78,数字左下方0.8 m处(附近没有测量点符号，按常见偏移推),False,False,,,,,,
测量高程点,山大总图 -调整_t6.dwg,图层 地形,3.28,3.28,565.31,580.27,数字左下方0.8 m处(附近没有测量点符号，按常见偏移推),False,False,3.48,3.48,3.48,-0.21,-0.21,-0.19
测量高程点,山大总图 -调整_t6.dwg,图层 地形,3.44,3.44,500.58,679.4,数字左下方0.8 m处(附近没有测量点符号，按常见偏移推),False,False,3.31,3.31,3.31,0.12,0.12,0.14
测量高程点,山大总图 -调整_t6.dwg,图层 地形,3.20,3.2,484.93,681.89,数字左下方0.8 m处(附近没有测量点符号，按常见偏移推),False,False,3.31,3.31,3.31,-0.12,-0.12,-0.1
测量高程点,山大总图 -调整_t6.dwg,图层 地形,2.74,2.74,454.29,678.59,数字左下方0.8 m处(附近没有测量点符号，按常见偏移推),False,False,3.32,3.31,3.32,-0.59,-0.59,-0.57
测量高程点,山大总图 -调整_t6.dwg,图层 地形,3.77,3.77,599.87,588.28,数字左下方0.8 m处(附近没有测量点符号，按常见偏移推),False,False,,,,,,
测量高程点,山大总图 -调整_t6.dwg,图层 地形,3.37,3.37,606.36,648.31,数字左下方0.8 m处(附近没有测量点符号，按常见偏移推),False,False,,,,,,
测量高程点,山大总图 -调整_t6.dwg,图层 地形,3.27,3.27,589.93,652.37,数字左下方0.8 m处(附近没有测量点符号，按常见偏移推),False,False,3.33,3.31,3.33,-0.08,-0.05,-0.06
测量高程点,山大总图 -调整_t6.dwg,图层 地形,3.13,3.13,570.95,646.98,数字左下方0.8 m处(附近没有测量点符号，按常见偏移推),False,False,3.34,3.33,3.34,-0.23,-0.21,-0.21
测量高程点,山大总图 -调整_t6.dwg,图层 地形,3.02,3.02,588.66,665.99,数字左下方0.8 m处(附近没有测量点符号，按常见偏移推),False,False,3.31,3.31,3.31,-0.3,-0.3,-0.28
测量高程点,山大总图 -调整_t6.dwg,图层 地形,3.21,3.21,606.33,663.14,数字左下方0.8 m处(附近没有测量点符号，按常见偏移推),False,False,,,,,,
测量高程点,山大总图 -调整_t6.dwg,图层 地形,3.13,3.13,623.82,660.44,数字左下方0.8 m处(附近没有测量点符号，按常见偏移推),False,False,,,,,,
测量高程点,山大总图 -调整_t6.dwg,图层 地形,3.13,3.13,641.15,658.68,数字左下方0.8 m处(附近没有测量点符号，按常见偏移推),False,False,,,,,,
测量高程点,山大总图 -调整_t6.dwg,图层 地形,3.47,3.47,622.85,648.56,数字左下方0.8 m处(附近没有测量点符号，按常见偏移推),False,False,,,,,,
测量高程点,山大总图 -调整_t6.dwg,图层 地形,4.03,4.03,621.62,565.29,数字左下方0.8 m处(附近没有测量点符号，按常见偏移推),False,False,,,,,,
测量高程点,山大总图 -调整_t6.dwg,图层 地形,3.82,3.82,608.31,567.68,数字左下方0.8 m处(附近没有测量点符号，按常见偏移推),False,False,,,,,,
测量高程点,山大总图 -调整_t6.dwg,图层 地形,3.89,3.89,588.06,570.19,数字左下方0.8 m处(附近没有测量点符号，按常见偏移推),False,False,3.51,3.51,3.51,0.37,0.37,0.39
测量高程点,山大总图 -调整_t6.dwg,图层 地形,3.70,3.7,566.3,574.6,数字左下方0.8 m处(附近没有测量点符号，按常见偏移推),False,False,3.49,3.49,3.49,0.19,0.19,0.21
测量高程点,山大总图 -调整_t6.dwg,图层 地形,3.65,3.65,556.19,576.76,数字左下方0.8 m处(附近没有测量点符号，按常见偏移推),False,False,3.48,3.49,3.48,0.15,0.15,0.17
测量高程点,山大总图 -调整_t6.dwg,图层 地形,4.02,4.02,629.52,547.77,数字左下方0.8 m处(附近没有测量点符号，按常见偏移推),False,False,,,,,,
测量高程点,山大总图 -调整_t6.dwg,图层 地形,4.19,4.19,639.32,545.25,数字左下方0.8 m处(附近没有测量点符号，按常见偏移推),False,False,,,,,,
测量高程点,山大总图 -调整_t6.dwg,图层 地形,4.37,4.37,627.68,536.06,数字左下方0.8 m处(附近没有测量点符号，按常见偏移推),False,False,,,,,,
测量高程点,山大总图 -调整_t6.dwg,图层 地形,4.03,4.03,595.77,552.12,数字左下方0.8 m处(附近没有测量点符号，按常见偏移推),False,False,,,,,,
测量高程点,山大总图 -调整_t6.dwg,图层 地形,4.15,4.15,605.36,549.47,数字左下方0.8 m处(附近没有测量点符号，按常见偏移推),False,False,,,,,,
测量高程点,山大总图 -调整_t6.dwg,图层 地形,4.19,4.19,615.79,546.37,数字左下方0.8 m处(附近没有测量点符号，按常见偏移推),False,False,,,,,,
测量高程点,山大总图 -调整_t6.dwg,图层 地形,4.27,4.27,607.69,539.22,数字左下方0.8 m处(附近没有测量点符号，按常见偏移推),False,False,,,,,,
测量高程点,山大总图 -调整_t6.dwg,图层 地形,4.19,4.19,595.34,541.17,数字左下方0.8 m处(附近没有测量点符号，按常见偏移推),False,False,,,,,,
测量高程点,山大总图 -调整_t6.dwg,图层 地形,3.78,3.78,579.94,545.4,数字左下方0.8 m处(附近没有测量点符号，按常见偏移推),False,False,3.59,3.59,3.59,0.18,0.18,0.2
测量高程点,山大总图 -调整_t6.dwg,图层 地形,3.83,3.83,583.4,554.92,数字左下方0.8 m处(附近没有测量点符号，按常见偏移推),False,False,3.56,3.56,3.56,0.26,0.26,0.28
测量高程点,山大总图 -调整_t6.dwg,图层 地形,3.57,3.57,564.82,558.75,数字左下方0.8 m处(附近没有测量点符号，按常见偏移推),False,False,3.55,3.55,3.55,0.01,0.01,0.03
测量高程点,山大总图 -调整_t6.dwg,图层 地形,3.55,3.55,554.79,553.66,数字左下方0.8 m处(附近没有测量点符号，按常见偏移推),False,False,3.58,3.58,3.58,-0.04,-0.04,-0.02
测量高程点,山大总图 -调整_t6.dwg,图层 地形,3.64,3.64,547.53,549.86,数字左下方0.8 m处(附近没有测量点符号，按常见偏移推),False,False,3.59,3.59,3.59,0.03,0.03,0.05
测量高程点,山大总图 -调整_t6.dwg,图层 地形,4.26,4.26,639.91,508.9,数字左下方0.8 m处(附近没有测量点符号，按常见偏移推),False,False,,,,,,
测量高程点,山大总图 -调整_t6.dwg,图层 地形,4.29,4.29,625.57,505.05,数字左下方0.8 m处(附近没有测量点符号，按常见偏移推),False,False,,,,,,
测量高程点,山大总图 -调整_t6.dwg,图层 地形,4.16,4.16,613.47,504.96,数字左下方0.8 m处(附近没有测量点符号，按常见偏移推),False,False,,,,,,
测量高程点,山大总图 -调整_t6.dwg,图层 地形,4.15,4.15,611.48,492.77,数字左下方0.8 m处(附近没有测量点符号，按常见偏移推),False,False,,,,,,
测量高程点,山大总图 -调整_t6.dwg,图层 地形,4.25,4.25,616.51,492.92,数字左下方0.8 m处(附近没有测量点符号，按常见偏移推),False,False,,,,,,
测量高程点,山大总图 -调整_t6.dwg,图层 地形,4.24,4.24,631.46,495.45,数字左下方0.8 m处(附近没有测量点符号，按常见偏移推),False,False,,,,,,
测量高程点,山大总图 -调整_t6.dwg,图层 地形,4.28,4.28,640.48,486.76,数字左下方0.8 m处(附近没有测量点符号，按常见偏移推),False,False,,,,,,
测量高程点,山大总图 -调整_t6.dwg,图层 地形,4.12,4.12,638.53,477.1,数字左下方0.8 m处(附近没有测量点符号，按常见偏移推),False,False,,,,,,
测量高程点,山大总图 -调整_t6.dwg,图层 地形,4.13,4.13,622.73,480.65,数字左下方0.8 m处(附近没有测量点符号，按常见偏移推),False,False,,,,,,
测量高程点,山大总图 -调整_t6.dwg,图层 地形,4.21,4.21,611.46,481.78,数字左下方0.8 m处(附近没有测量点符号，按常见偏移推),False,False,,,,,,
测量高程点,山大总图 -调整_t6.dwg,图层 地形,4.24,4.24,601.1,516.01,数字左下方0.8 m处(附近没有测量点符号，按常见偏移推),False,False,,,,,,
测量高程点,山大总图 -调整_t6.dwg,图层 地形,4.17,4.17,586.54,518.13,数字左下方0.8 m处(附近没有测量点符号，按常见偏移推),False,False,3.63,3.63,3.63,0.53,0.53,0.55
测量高程点,山大总图 -调整_t6.dwg,图层 地形,4.20,4.2,570.85,519.79,数字左下方0.8 m处(附近没有测量点符号，按常见偏移推),False,False,3.63,3.63,3.63,0.56,0.56,0.58
测量高程点,山大总图 -调整_t6.dwg,图层 地形,4.15,4.15,555.43,517.58,数字左下方0.8 m处(附近没有测量点符号，按常见偏移推),False,False,3.61,3.6,3.61,0.53,0.54,0.55
测量高程点,山大总图 -调整_t6.dwg,图层 地形,4.04,4.04,560.92,507.29,数字左下方0.8 m处(附近没有测量点符号，按常见偏移推),False,False,3.59,3.57,3.59,0.43,0.46,0.45
测量高程点,山大总图 -调整_t6.dwg,图层 地形,4.06,4.06,573.66,511.07,数字左下方0.8 m处(附近没有测量点符号，按常见偏移推),False,False,3.61,3.59,3.61,0.43,0.45,0.45
测量高程点,山大总图 -调整_t6.dwg,图层 地形,4.10,4.1,588.82,509.52,数字左下方0.8 m处(附近没有测量点符号，按常见偏移推),False,False,3.62,3.62,3.62,0.46,0.47,0.48
测量高程点,山大总图 -调整_t6.dwg,图层 地形,4.34,4.34,601.11,508.32,数字左下方0.8 m处(附近没有测量点符号，按常见偏移推),False,False,,,,,,
测量高程点,山大总图 -调整_t6.dwg,图层 地形,4.17,4.17,598.9,490.14,数字左下方0.8 m处(附近没有测量点符号，按常见偏移推),False,False,,,,,,
测量高程点,山大总图 -调整_t6.dwg,图层 地形,4.00,4.0,587.07,491.43,数字左下方0.8 m处(附近没有测量点符号，按常见偏移推),False,False,3.6,3.6,3.6,0.39,0.39,0.41
测量高程点,山大总图 -调整_t6.dwg,图层 地形,3.97,3.97,553.51,487.48,数字左下方0.8 m处(附近没有测量点符号，按常见偏移推),False,False,3.55,3.56,3.55,0.4,0.4,0.42
测量高程点,山大总图 -调整_t6.dwg,图层 地形,3.99,3.99,569.63,486.29,数字左下方0.8 m处(附近没有测量点符号，按常见偏移推),False,False,3.57,3.57,3.57,0.4,0.41,0.42
测量高程点,山大总图 -调整_t6.dwg,图层 地形,3.88,3.88,584.95,484.11,数字左下方0.8 m处(附近没有测量点符号，按常见偏移推),False,False,3.59,3.59,3.59,0.27,0.28,0.29
测量高程点,山大总图 -调整_t6.dwg,图层 地形,4.18,4.18,597.63,481.42,数字左下方0.8 m处(附近没有测量点符号，按常见偏移推),False,False,,,,,,
测量高程点,山大总图 -调整_t6.dwg,图层 地形,4.09,4.09,588.69,474.67,数字左下方0.8 m处(附近没有测量点符号，按常见偏移推),False,False,3.59,3.57,3.59,0.48,0.51,0.5
测量高程点,山大总图 -调整_t6.dwg,图层 地形,4.02,4.02,572.86,477.06,数字左下方0.8 m处(附近没有测量点符号，按常见偏移推),False,False,3.58,3.57,3.58,0.42,0.44,0.44
测量高程点,山大总图 -调整_t6.dwg,图层 地形,3.96,3.96,557.93,479.06,数字左下方0.8 m处(附近没有测量点符号，按常见偏移推),False,False,3.56,3.57,3.56,0.38,0.38,0.4
测量高程点,山大总图 -调整_t6.dwg,图层 地形,4.06,4.06,561.45,470.63,数字左下方0.8 m处(附近没有测量点符号，按常见偏移推),False,False,3.58,3.57,3.58,0.47,0.48,0.49
测量高程点,山大总图 -调整_t6.dwg,图层 地形,3.96,3.96,548.52,472.82,数字左下方0.8 m处(附近没有测量点符号，按常见偏移推),False,False,3.56,3.57,3.56,0.39,0.38,0.41
测量高程点,山大总图 -调整_t6.dwg,图层 地形,3.75,3.75,540.66,542.45,数字左下方0.8 m处(附近没有测量点符号，按常见偏移推),False,False,3.6,3.59,3.6,0.14,0.14,0.15
测量高程点,山大总图 -调整_t6.dwg,图层 地形,3.59,3.59,535.68,523.03,数字左下方0.8 m处(附近没有测量点符号，按常见偏移推),False,False,3.59,3.59,3.59,-0.01,-0.01,0.0
测量高程点,山大总图 -调整_t6.dwg,图层 地形,3.49,3.49,535.22,510.47,数字左下方0.8 m处(附近没有测量点符号，按常见偏移推),False,False,3.6,3.6,3.6,-0.12,-0.13,-0.1
测量高程点,山大总图 -调整_t6.dwg,图层 地形,3.58,3.58,528.55,498.69,数字左下方0.8 m处(附近没有测量点符号，按常见偏移推),True,False,3.63,3.63,3.63,-0.07,-0.06,-0.05
测量高程点,山大总图 -调整_t6.dwg,图层 地形,3.33,3.33,528.59,486.72,数字左下方0.8 m处(附近没有测量点符号，按常见偏移推),True,False,3.62,3.62,3.62,-0.3,-0.31,-0.29
测量高程点,山大总图 -调整_t6.dwg,图层 地形,3.29,3.29,526.78,475.82,数字左下方0.8 m处(附近没有测量点符号，按常见偏移推),True,False,3.58,3.59,3.59,-0.3,-0.32,-0.29
测量高程点,山大总图 -调整_t6.dwg,图层 地形,3.23,3.23,497.7,575.32,数字左下方0.8 m处(附近没有测量点符号，按常见偏移推),False,False,3.55,3.52,3.55,-0.33,-0.31,-0.31
测量高程点,山大总图 -调整_t6.dwg,图层 地形,3.40,3.4,526.14,464.06,数字左下方0.8 m处(附近没有测量点符号，按常见偏移推),True,False,3.53,3.56,3.52,-0.14,-0.17,-0.12
测量高程点,山大总图 -调整_t6.dwg,图层 地形,3.37,3.37,513.69,464.88,数字左下方0.8 m处(附近没有测量点符号，按常见偏移推),True,False,3.54,3.55,3.55,-0.19,-0.19,-0.17
测量高程点,山大总图 -调整_t6.dwg,图层 地形,3.53,3.53,464.11,509.71,测量点符号(gc200)的位置,True,False,3.59,3.53,3.48,-0.08,-0.02,0.05
测量高程点,山大总图 -调整_t6.dwg,图层 地形,3.85,3.85,475.07,502.11,测量点符号(gc200)的位置,True,False,3.6,3.58,3.51,0.24,0.26,0.34
测量高程点,山大总图 -调整_t6.dwg,图层 地形,3.49,3.49,479.39,505.77,数字左下方0.8 m处(附近没有测量点符号，按常见偏移推),True,False,3.58,3.54,3.53,-0.11,-0.06,-0.03
测量高程点,山大总图 -调整_t6.dwg,图层 地形,3.69,3.69,457.81,482.47,测量点符号(gc200)的位置,True,False,3.58,3.58,3.59,0.1,0.1,0.11
测量高程点,山大总图 -调整_t6.dwg,图层 地形,3.81,3.81,456.36,490.31,数字左下方0.8 m处(附近没有测量点符号，按常见偏移推),True,False,3.59,3.58,3.54,0.21,0.21,0.28
测量高程点,山大总图 -调整_t6.dwg,图层 地形,3.25,3.25,485.27,537.06,数字左下方0.8 m处(附近没有测量点符号，按常见偏移推),False,False,3.57,3.52,3.57,-0.33,-0.28,-0.31
测量高程点,山大总图 -调整_t6.dwg,图层 地形,3.05,3.05,490.62,547.38,测量点符号(gc200)的位置,False,False,3.56,3.52,3.56,-0.52,-0.48,-0.5
测量高程点,山大总图 -调整_t6.dwg,图层 地形,3.24,3.24,500.56,544.77,测量点符号(gc200)的位置,False,False,3.55,3.55,3.55,-0.32,-0.32,-0.3
测量高程点,山大总图 -调整_t6.dwg,图层 地形,3.02,3.02,495.07,537.24,测量点符号(gc200)的位置,False,False,3.56,3.54,3.56,-0.56,-0.53,-0.54
测量高程点,山大总图 -调整_t6.dwg,图层 地形,3.22,3.22,492.43,521.24,测量点符号(gc200)的位置,True,False,3.57,3.54,3.54,-0.36,-0.34,-0.32
测量高程点,山大总图 -调整_t6.dwg,图层 地形,3.07,3.07,487.4,527.96,测量点符号(gc200)的位置,True,False,3.57,3.52,3.69,-0.51,-0.46,-0.62
测量高程点,山大总图 -调整_t6.dwg,图层 地形,3.30,3.3,482.91,512.36,测量点符号(gc200)的位置,True,False,3.57,3.52,3.69,-0.29,-0.23,-0.39
测量高程点,山大总图 -调整_t6.dwg,图层 地形,3.38,3.38,494.93,574.31,测量点符号(gc200)的位置,False,False,3.54,3.52,3.54,-0.17,-0.15,-0.15
测量高程点,山大总图 -调整_t6.dwg,图层 地形,3.15,3.15,548.14,565.37,测量点符号(gc200)的位置,False,False,3.54,3.54,3.54,-0.4,-0.4,-0.38
测量高程点,山大总图 -调整_t6.dwg,图层 地形,3.67,3.67,555.29,590.98,测量点符号(gc200)的位置,False,False,3.44,3.44,3.44,0.21,0.21,0.23
测量高程点,山大总图 -调整_t6.dwg,图层 地形,3.83,3.83,559.07,613.03,测量点符号(gc200)的位置,False,False,3.41,3.41,3.41,0.41,0.41,0.43
测量高程点,山大总图 -调整_t6.dwg,图层 地形,3.48,3.48,564.49,644.1,测量点符号(gc200)的位置,False,False,3.35,3.35,3.35,0.12,0.12,0.14
测量高程点,山大总图 -调整_t6.dwg,图层 地形,5.08,5.08,572.05,642.8,测量点符号(gc200)的位置,False,False,3.35,3.35,3.35,1.72,1.72,1.73
测量高程点,山大总图 -调整_t6.dwg,图层 地形,5.08,5.08,618.0,633.77,数字左下方0.8 m处(附近没有测量点符号，按常见偏移推),False,False,,,,,,
测量高程点,山大总图 -调整_t6.dwg,图层 地形,2.97,2.97,514.82,634.12,测量点符号(gc200)的位置,False,False,3.4,3.39,3.4,-0.44,-0.44,-0.42
测量高程点,山大总图 -调整_t6.dwg,图层 地形,3.63,3.63,493.55,582.72,测量点符号(gc200)的位置,False,False,3.53,3.52,3.53,0.09,0.1,0.11
测量高程点,山大总图 -调整_t6.dwg,图层 地形,3.04,3.04,463.97,681.15,测量点符号(gc200)的位置,False,False,3.31,3.31,3.31,-0.29,-0.29,-0.27
测量高程点,山大总图 -调整_t6.dwg,图层 地形,3.03,3.03,515.26,673.87,测量点符号(gc200)的位置,False,False,3.32,3.32,3.32,-0.31,-0.3,-0.29
测量高程点,山大总图 -调整_t6.dwg,图层 地形,3.03,3.03,504.46,670.79,数字左下方0.8 m处(附近没有测量点符号，按常见偏移推),False,False,3.33,3.33,3.33,-0.31,-0.31,-0.29
测量高程点,山大总图 -调整_t6.dwg,图层 地形,3.03,3.03,514.18,667.7,测量点符号(gc200)的位置,False,False,3.34,3.33,3.34,-0.32,-0.32,-0.3
测量高程点,山大总图 -调整_t6.dwg,图层 地形,3.45,3.45,505.56,653.29,数字左下方0.8 m处(附近没有测量点符号，按常见偏移推),False,False,3.37,3.33,3.37,0.06,0.11,0.08
测量高程点,山大总图 -调整_t6.dwg,图层 地形,3.63,3.63,495.34,633.82,数字左下方0.8 m处(附近没有测量点符号，按常见偏移推),False,False,3.43,3.43,3.43,0.18,0.19,0.2
测量高程点,山大总图 -调整_t6.dwg,图层 地形,3.26,3.26,463.49,664.02,测量点符号(gc200)的位置,False,False,3.34,3.32,3.34,-0.09,-0.07,-0.08
测量高程点,山大总图 -调整_t6.dwg,图层 地形,3.29,3.29,490.9,661.28,测量点符号(gc200)的位置,False,False,3.33,3.32,3.33,-0.06,-0.04,-0.04
测量高程点,山大总图 -调整_t6.dwg,图层 地形,2.73,2.73,590.68,709.36,测量点符号(gc200)的位置,False,False,3.26,3.26,3.26,-0.55,-0.54,-0.53
测量高程点,山大总图 -调整_t6.dwg,图层 地形,2.71,2.71,596.71,715.26,测量点符号(gc200)的位置,False,False,,,,,,
测量高程点,山大总图 -调整_t6.dwg,图层 地形,2.72,2.72,596.71,715.26,测量点符号(gc200)的位置,False,False,,,,,,
测量高程点,山大总图 -调整_t6.dwg,图层 地形,2.79,2.79,623.54,703.84,测量点符号(gc200)的位置,False,False,,,,,,
测量高程点,山大总图 -调整_t6.dwg,图层 地形,2.66,2.66,625.87,709.51,测量点符号(gc200)的位置,False,False,,,,,,
测量高程点,山大总图 -调整_t6.dwg,图层 地形,2.64,2.64,642.43,706.72,测量点符号(gc200)的位置,False,False,,,,,,
测量高程点,山大总图 -调整_t6.dwg,图层 地形,2.99,2.99,622.81,687.66,测量点符号(gc200)的位置,False,False,,,,,,
测量高程点,山大总图 -调整_t6.dwg,图层 地形,3.04,3.04,558.17,698.27,测量点符号(gc200)的位置,False,False,3.27,3.27,3.27,-0.25,-0.24,-0.23
测量高程点,山大总图 -调整_t6.dwg,图层 地形,3.11,3.11,503.58,707.34,测量点符号(gc200)的位置,False,False,3.27,3.29,3.27,-0.18,-0.19,-0.16
测量高程点,山大总图 -调整_t6.dwg,图层 地形,3.16,3.16,464.51,710.13,测量点符号(gc200)的位置,False,False,3.27,3.29,3.27,-0.12,-0.15,-0.1
测量高程点,山大总图 -调整_t6.dwg,图层 地形,9.71,9.71,135.05,213.15,测量点符号(gc200)的位置,True,False,8.82,8.82,8.99,0.88,0.88,0.73
测量高程点,山大总图 -调整_t6.dwg,图层 地形,4.21,4.21,386.33,213.09,数字左下方0.8 m处(附近没有测量点符号，按常见偏移推),True,False,3.9,3.98,3.57,0.29,0.22,0.64
测量高程点,山大总图 -调整_t6.dwg,图层 地形,3.99,3.99,409.16,213.75,测量点符号(gc200)的位置,True,False,3.81,3.69,3.49,0.17,0.28,0.5
测量高程点,山大总图 -调整_t6.dwg,图层 地形,5.16,5.16,312.86,213.61,测量点符号(gc200)的位置,True,False,5.86,5.86,5.82,-0.71,-0.71,-0.65
测量高程点,山大总图 -调整_t6.dwg,图层 地形,2.98,2.98,603.86,212.88,数字左下方0.8 m处(附近没有测量点符号，按常见偏移推),False,False,,,,,,
设计室外标高,山大总图 -调整_t6.dwg,图层 DM-标高,3.80,3.8,28.55,537.63,标高符号插入点,True,False,3.22,3.22,3.22,0.57,0.57,0.58
设计室外标高,山大总图 -调整_t6.dwg,图层 DM-标高,3.50,3.5,305.75,462.24,标高符号插入点,True,False,3.31,3.31,3.28,0.18,0.18,0.23
设计室外标高,山大总图 -调整_t6.dwg,图层 DM-标高,3.23,3.23,319.73,403.78,标高符号插入点,True,False,3.36,3.37,3.35,-0.15,-0.15,-0.11
设计室外标高,山大总图 -调整_t6.dwg,图层 DM-标高,3.06,3.06,319.69,344.91,标高符号插入点,True,False,3.5,3.51,3.5,-0.46,-0.46,-0.43
设计室外标高,山大总图 -调整_t6.dwg,图层 DM-标高,3.40,3.4,204.08,355.17,标高符号插入点,True,False,3.99,4.03,4.03,-0.61,-0.64,-0.62
设计室外标高,山大总图 -调整_t6.dwg,图层 DM-标高,4.60,4.6,63.62,367.63,标高符号插入点,True,False,3.68,3.71,3.66,0.91,0.87,0.94
设计室外标高,山大总图 -调整_t6.dwg,图层 DM-标高,4.60,4.6,-7.12,373.9,标高符号插入点,True,False,3.85,3.83,3.79,0.74,0.76,0.81
设计室外标高,山大总图 -调整_t6.dwg,图层 DM-标高,5.20,5.2,-160.05,387.47,标高符号插入点,True,False,4.16,4.18,4.49,1.03,1.01,0.71
设计室外标高,山大总图 -调整_t6.dwg,图层 DM-标高,3.27,3.27,-150.89,537.89,标高符号插入点,True,False,3.44,3.44,3.4,-0.18,-0.18,-0.12
设计室外标高,山大总图 -调整_t6.dwg,图层 DM-标高,3.55,3.55,-47.84,537.6,标高符号插入点,True,False,3.27,3.27,3.27,0.26,0.26,0.28
设计室外标高,山大总图 -调整_t6.dwg,图层 DM-标高,3.95,3.95,-7.05,496.92,标高符号插入点,True,False,3.3,3.3,3.31,0.64,0.64,0.64
设计室外标高,山大总图 -调整_t6.dwg,图层 DM-标高,5.63,5.63,-311.16,400.88,标高符号插入点,True,False,5.22,5.23,5.26,0.39,0.38,0.37
设计室外标高,山大总图 -调整_t6.dwg,图层 DM-标高,7.68,7.68,-325.38,295.56,标高符号插入点,True,False,9.54,9.54,9.6,-1.88,-1.88,-1.92
设计室外标高,山大总图 -调整_t6.dwg,图层 DM-标高,7.74,7.74,-275.71,291.09,标高符号插入点,True,False,6.92,8.21,8.36,0.81,-0.49,-0.62
设计室外标高,山大总图 -调整_t6.dwg,图层 DM-标高,3.50,3.5,467.83,503.99,标高符号插入点,True,False,3.61,3.58,3.49,-0.13,-0.1,0.01
设计室外标高,山大总图 -调整_t6.dwg,图层 DM-标高,3.10,3.1,436.4,355.81,标高符号插入点,True,False,3.35,3.35,3.34,-0.27,-0.27,-0.23
设计室外标高,山大总图 -调整_t6.dwg,图层 DM-标高,3.60,3.6,203.73,424.31,标高符号插入点,True,False,3.46,3.46,3.45,0.12,0.13,0.15
设计室外标高,山大总图 -调整_t6.dwg,图层 DM-标高,3.82,3.82,-147.48,593.85,标高符号插入点,True,False,3.31,3.31,3.27,0.49,0.5,0.55
设计室外标高,山大总图 -调整_t6.dwg,图层 DM-标高,3.10,3.1,28.49,756.59,标高符号插入点,False,False,3.29,3.29,3.29,-0.2,-0.2,-0.18
设计室外标高,山大总图 -调整_t6.dwg,图层 DM-标高,3.11,3.11,33.43,786.63,标高符号插入点,False,False,3.34,3.33,3.34,-0.24,-0.24,-0.22
设计室外标高,山大总图 -调整_t6.dwg,图层 DM-标高,3.95,3.95,63.7,496.88,标高符号插入点,True,False,3.26,3.26,3.22,0.67,0.68,0.73
设计室外标高,山大总图 -调整_t6.dwg,图层 DM-标高,7.45,7.45,-168.96,281.48,标高符号插入点,True,False,7.51,7.51,7.48,-0.07,-0.07,-0.02
设计室内标高,山大总图 -调整_t6.dwg,图层 DM-标高,8.50,8.5,-310.44,257.51,标高符号插入点,True,False,10.35,10.32,10.41,-1.87,-1.83,-1.9
设计室外标高,山大总图 -调整_t6.dwg,图层 DM-标高,2.86,2.86,484.21,329.18,标高符号插入点,True,False,3.33,3.33,3.33,-0.49,-0.49,-0.47
设计室外标高,山大总图 -调整_t6.dwg,图层 DM-标高,3.39,3.39,512.21,500.05,标高符号插入点,True,False,3.64,3.61,3.63,-0.27,-0.23,-0.23
设计室内标高,山大总图 -调整_t6.dwg,图层 DM-标高,3.70,3.7,429.57,400.59,标高符号插入点,True,False,3.38,3.37,3.52,0.31,0.32,0.18
设计室内标高,山大总图 -调整_t6.dwg,图层 DM-标高,4.10,4.1,430.75,465.42,标高符号插入点,True,False,3.46,3.45,3.6,0.63,0.64,0.51
设计室外标高,山大总图 -调整_t6.dwg,图层 DM-标高,3.70,3.7,-23.37,570.94,标高符号插入点,True,False,3.21,3.71,3.68,0.47,-0.02,0.02
设计室外标高,山大总图 -调整_t6.dwg,图层 DM-标高,4.00,4.0,-191.1,620.08,标高符号插入点,True,False,3.32,3.32,3.31,0.66,0.66,0.7
设计室外标高,山大总图 -调整_t6.dwg,图层 DM-标高,4.00,4.0,-169.06,645.13,标高符号插入点,True,False,3.31,3.32,3.47,0.68,0.67,0.54
设计室内标高,山大总图 -调整_t6.dwg,图层 DM-标高,4.60,4.6,-126.02,651.45,标高符号插入点,True,False,3.29,3.3,3.25,1.3,1.28,1.35
设计室内标高,山大总图 -调整_t6.dwg,图层 DM-标高,4.60,4.6,-208.36,658.84,标高符号插入点,True,False,3.32,3.32,3.31,1.27,1.27,1.29
设计室外标高,山大总图 -调整_t6.dwg,图层 DM-标高,4.00,4.0,-120.1,698.6,标高符号插入点,True,False,3.34,3.31,3.46,0.65,0.68,0.55
设计室外标高,山大总图 -调整_t6.dwg,图层 DM-标高,3.15,3.15,359.54,358.21,标高符号插入点,True,False,3.41,3.41,3.41,-0.27,-0.27,-0.26
设计室内标高,山大总图 -调整_t6.dwg,图层 DM-标高,3.70,3.7,361.79,381.03,标高符号插入点,True,False,3.37,3.37,3.37,0.32,0.32,0.33
设计室外标高,山大总图 -调整_t6.dwg,图层 DM-标高,3.50,3.5,332.15,461.28,标高符号插入点,True,False,3.31,3.31,3.34,0.17,0.17,0.17
设计室内标高,山大总图 -调整_t6.dwg,图层 DM-标高,4.10,4.1,347.8,451.27,标高符号插入点,True,False,3.32,3.32,3.32,0.76,0.76,0.78
设计室外标高,山大总图 -调整_t6.dwg,图层 DM-标高,4.65,4.65,-79.86,424.51,标高符号插入点,True,False,3.6,3.64,3.64,1.03,1.0,1.02
设计室外标高,山大总图 -调整_t6.dwg,图层 DM-标高,4.50,4.5,-79.87,467.03,标高符号插入点,True,False,3.47,3.64,3.64,1.01,0.85,0.87
设计室外标高,山大总图 -调整_t6.dwg,图层 DM-标高,4.40,4.4,-73.63,503.73,标高符号插入点,True,False,3.36,3.36,3.27,1.02,1.03,1.13
设计室外标高,山大总图 -调整_t6.dwg,图层 DM-标高,8.90,8.9,-311.29,229.62,标高符号插入点,True,False,11.43,11.37,11.4,-2.54,-2.48,-2.49
设计室外标高,山大总图 -调整_t6.dwg,图层 DM-标高,4.00,4.0,1103.87,571.54,标高符号插入点,False,False,,,,,,
设计室内标高,山大总图 -调整_t6.dwg,图层 DM-标高,4.45,4.45,1101.26,586.75,标高符号插入点,False,False,,,,,,
设计检查井井盖,山大室外给排水_t3.dwg,图层 W-DMWW-DIM-生污，井 W14,3.800/2.800（井盖/管内底）,3.8,257.95,546.61,最近的检查井符号，离数字 4.5 m,True,False,3.24,3.25,3.4,0.55,0.54,0.41
设计检查井井盖,山大室外给排水_t3.dwg,图层 W-GTRW-DIM-雨水，井 Y1,3.700/2.900（井盖/管内底）,3.7,297.56,694.08,最近的检查井符号，离数字 5.5 m,True,True,3.24,3.23,3.23,0.45,0.45,0.47
设计检查井井盖,山大室外给排水_t3.dwg,图层 W-GTRW-DIM-雨水，井 Y2,3.750/2.810（井盖/管内底）,3.75,327.2,689.2,最近的检查井符号，离数字 6.1 m,True,True,3.25,3.24,3.24,0.48,0.49,0.51
设计检查井井盖,山大室外给排水_t3.dwg,图层 W-GTRW-DIM-雨水，井 Y8,4.000/3.000（井盖/管内底）,4.0,298.02,680.09,最近的检查井符号，离数字 5.2 m,True,True,3.24,3.24,3.26,0.74,0.75,0.74
设计检查井井盖,山大室外给排水_t3.dwg,图层 W-GTRW-DIM-雨水，井 Y7,4.000/2.960（井盖/管内底）,4.0,311.57,677.89,最近的检查井符号，离数字 5.3 m,True,True,3.26,3.25,3.26,0.73,0.73,0.74
设计检查井井盖,山大室外给排水_t3.dwg,图层 W-GTRW-DIM-雨水，井 Y5,4.000/2.920（井盖/管内底）,4.0,326.23,675.52,最近的检查井符号，离数字 3.6 m,True,True,3.26,3.26,3.26,0.72,0.73,0.75
设计检查井井盖,山大室外给排水_t3.dwg,图层 W-GTRW-DIM-雨水，井 Y4,4.000/2.840（井盖/管内底）,4.0,346.99,672.15,最近的检查井符号，离数字 7.4 m,True,True,3.26,3.26,3.27,0.72,0.73,0.73
设计检查井井盖,山大室外给排水_t3.dwg,图层 W-GTRW-DIM-雨水，井 Y3,3.800/2.740（井盖/管内底）,3.8,349.13,685.57,最近的检查井符号，离数字 4.6 m,True,True,3.25,3.25,3.25,0.53,0.54,0.56
设计检查井井盖,山大室外给排水_t3.dwg,图层 W-GTRW-DIM-雨水，井 Y9,3.800/2.580（井盖/管内底）,3.8,366.76,682.65,最近的检查井符号，离数字 4.7 m,True,True,3.26,3.26,3.26,0.52,0.53,0.55
设计检查井井盖,山大室外给排水_t3.dwg,图层 W-GTRW-DIM-雨水，井 Y10,3.900/2.540（井盖/管内底）,3.9,363.64,663.1,最近的检查井符号，离数字 3.6 m,True,True,3.28,3.28,3.28,0.6,0.6,0.63
设计检查井井盖,山大室外给排水_t3.dwg,图层 W-GTRW-DIM-雨水，井 Y12,3.900/2.330（井盖/管内底）,3.9,354.36,605.04,最近的检查井符号，离数字 4.6 m,True,True,3.32,3.32,3.27,0.56,0.56,0.64
设计检查井井盖,山大室外给排水_t3.dwg,图层 W-GTRW-DIM-雨水，井 Y11,3.900/2.390（井盖/管内底）,3.9,359.87,639.53,最近的检查井符号，离数字 5.0 m,True,True,3.31,3.31,3.26,0.58,0.58,0.64
设计检查井井盖,山大室外给排水_t3.dwg,图层 W-GTRW-DIM-雨水，井 Y13,3.900/2.290（井盖/管内底）,3.9,350.43,580.4,最近的检查井符号，离数字 4.3 m,True,True,3.32,3.32,3.27,0.57,0.57,0.63
设计检查井井盖,山大室外给排水_t3.dwg,图层 W-GTRW-DIM-雨水，井 Y14,3.800/2.240（井盖/管内底）,3.8,346.02,552.8,最近的检查井符号，离数字 4.7 m,True,True,3.32,3.32,3.28,0.46,0.46,0.53
设计检查井井盖,山大室外给排水_t3.dwg,图层 W-GTRW-DIM-雨水，井 Y35,3.900/2.900（井盖/管内底）,3.9,253.19,679.12,最近的检查井符号，离数字 6.6 m,True,True,3.22,3.22,3.21,0.66,0.66,0.69
设计检查井井盖,山大室外给排水_t3.dwg,图层 W-GTRW-DIM-雨水，井 Y34,3.943/2.860（井盖/管内底）,3.943,251.38,668.29,最近的检查井符号，离数字 6.0 m,True,True,3.22,3.22,3.21,0.7,0.71,0.74
设计检查井井盖,山大室外给排水_t3.dwg,图层 W-GTRW-DIM-雨水，井 Y34,3.963/2.830（井盖/管内底）,3.963,251.38,668.29,最近的检查井符号，离数字 6.5 m,True,True,3.22,3.22,3.21,0.72,0.73,0.76
设计检查井井盖,山大室外给排水_t3.dwg,图层 W-GTRW-DIM-雨水，井 Y33,3.969/2.820（井盖/管内底）,3.969,250.27,661.69,最近的检查井符号，离数字 5.7 m,True,True,3.22,3.22,3.22,0.73,0.74,0.75
设计检查井井盖,山大室外给排水_t3.dwg,图层 W-GTRW-DIM-雨水，井 Y28,4.000/2.780（井盖/管内底）,4.0,252.2,646.55,最近的检查井符号，离数字 7.2 m,True,True,3.22,3.22,3.38,0.76,0.76,0.63
设计检查井井盖,山大室外给排水_t3.dwg,图层 W-GTRW-DIM-雨水，井 Y30,4.040/3.040（井盖/管内底）,4.04,307.68,637.25,最近的检查井符号，离数字 5.1 m,True,True,3.26,3.26,3.41,0.77,0.77,0.64
设计检查井井盖,山大室外给排水_t3.dwg,图层 W-GTRW-DIM-雨水，井 Y29,4.000/2.985（井盖/管内底）,4.0,289.67,640.27,最近的检查井符号，离数字 7.2 m,True,True,3.25,3.26,3.41,0.74,0.73,0.6
设计检查井井盖,山大室外给排水_t3.dwg,图层 W-GTRW-DIM-雨水，井 Y28,4.010/2.660（井盖/管内底）,4.01,252.2,646.55,最近的检查井符号，离数字 4.3 m,True,True,3.22,3.22,3.38,0.77,0.77,0.64
设计检查井井盖,山大室外给排水_t3.dwg,图层 W-GTRW-DIM-雨水，井 Y27,4.085/2.620（井盖/管内底）,4.085,252.2,626.59,最近的检查井符号，离数字 5.1 m,True,True,3.22,3.22,3.21,0.85,0.85,0.88
设计检查井井盖,山大室外给排水_t3.dwg,图层 W-GTRW-DIM-雨水，井 Y23,4.061/2.470（井盖/管内底）,4.061,252.21,605.03,最近的检查井符号，离数字 9.0 m,True,True,3.22,3.22,3.21,0.82,0.83,0.86
设计检查井井盖,山大室外给排水_t3.dwg,图层 W-GTRW-DIM-雨水，井 Y26,3.996/2.996（井盖/管内底）,3.996,311.38,596.66,最近的检查井符号，离数字 7.0 m,True,True,3.27,3.27,3.24,0.71,0.72,0.76
设计检查井井盖,山大室外给排水_t3.dwg,图层 W-GTRW-DIM-雨水，井 Y25,4.100/2.950（井盖/管内底）,4.1,301.08,605.05,最近的检查井符号，离数字 5.9 m,True,True,3.25,3.25,3.23,0.83,0.83,0.88
设计检查井井盖,山大室外给排水_t3.dwg,图层 W-GTRW-DIM-雨水，井 Y24,4.022/2.860（井盖/管内底）,4.022,274.59,605.04,最近的检查井符号，离数字 4.1 m,True,True,3.24,3.24,3.22,0.77,0.77,0.81
设计检查井井盖,山大室外给排水_t3.dwg,图层 W-GTRW-DIM-雨水，井 Y22,3.962/2.420（井盖/管内底）,3.962,252.22,577.74,最近的检查井符号，离数字 6.1 m,True,True,3.23,3.23,3.21,0.72,0.72,0.76
设计检查井井盖,山大室外给排水_t3.dwg,图层 W-GTRW-DIM-雨水，井 Y21,3.761/2.380（井盖/管内底）,3.761,252.22,552.77,最近的检查井符号，离数字 6.6 m,True,False,3.23,3.24,3.4,0.52,0.5,0.37
设计检查井井盖,山大室外给排水_t3.dwg,图层 W-GTRW-DIM-雨水，井 Y19,3.800/2.340（井盖/管内底）,3.8,276.99,552.78,最近的检查井符号，离数字 7.8 m,True,False,3.25,3.25,3.4,0.54,0.54,0.41
设计检查井井盖,山大室外给排水_t3.dwg,图层 W-GTRW-DIM-雨水，井 Y7,3.800/2.300（井盖/管内底）,3.8,297.26,548.78,最近的检查井符号，离数字 4.5 m,True,False,3.26,3.25,3.4,0.52,0.54,0.41
设计检查井井盖,山大室外给排水_t3.dwg,图层 W-GTRW-DIM-雨水，井 Y18,3.800/2.280（井盖/管内底）,3.8,297.26,552.79,最近的检查井符号，离数字 5.2 m,True,False,3.26,3.25,3.4,0.52,0.54,0.41
设计检查井井盖,山大室外给排水_t3.dwg,图层 W-GTRW-DIM-雨水，井 Y16,3.822/2.090（井盖/管内底）,3.822,318.11,548.78,最近的检查井符号，离数字 7.8 m,True,False,3.28,3.28,3.25,0.53,0.53,0.58
设计检查井井盖,山大室外给排水_t3.dwg,图层 W-GTRW-DIM-雨水，井 Y16,3.774/2.070（井盖/管内底）,3.774,318.11,548.78,最近的检查井符号，离数字 8.2 m,True,False,3.28,3.28,3.25,0.48,0.48,0.53
设计检查井井盖,山大室外给排水_t3.dwg,图层 W-DMWW-DIM-生污，井 W1,4.000/3.000（井盖/管内底）,4.0,287.44,641.65,最近的检查井符号，离数字 6.9 m,True,True,3.25,3.26,3.4,0.74,0.73,0.61
设计检查井井盖,山大室外给排水_t3.dwg,图层 W-DMWW-DIM-生污，井 W2,4.000/2.950（井盖/管内底）,4.0,302.16,639.47,最近的检查井符号，离数字 3.5 m,True,True,3.25,3.26,3.41,0.73,0.73,0.6
设计检查井井盖,山大室外给排水_t3.dwg,图层 W-DMWW-DIM-生污，井 W3,4.000/2.850（井盖/管内底）,4.0,308.22,674.5,最近的检查井符号，离数字 8.4 m,True,True,3.25,3.25,3.23,0.73,0.73,0.78
设计检查井井盖,山大室外给排水_t3.dwg,图层 W-DMWW-DIM-生污，井 W4,4.000/2.800（井盖/管内底）,4.0,322.81,672.05,最近的检查井符号，离数字 8.3 m,True,True,3.26,3.26,3.23,0.72,0.73,0.77
设计检查井井盖,山大室外给排水_t3.dwg,图层 W-DMWW-DIM-生污，井 W5,4.000/2.680（井盖/管内底）,4.0,349.26,667.84,最近的检查井符号，离数字 6.8 m,True,True,3.27,3.27,3.27,0.72,0.72,0.74
设计检查井井盖,山大室外给排水_t3.dwg,图层 W-DMWW-DIM-生污，井 W7,3.900/2.480（井盖/管内底）,3.9,360.32,648.57,最近的检查井符号，离数字 5.2 m,True,True,3.3,3.3,3.26,0.59,0.59,0.65
设计检查井井盖,山大室外给排水_t3.dwg,图层 W-DMWW-DIM-生污，井 W8,3.944/2.390（井盖/管内底）,3.944,355.6,619.0,最近的检查井符号，离数字 5.1 m,True,True,3.32,3.32,3.26,0.61,0.61,0.69
设计检查井井盖,山大室外给排水_t3.dwg,图层 DIM_污水，井 W9,3.900/2.300（井盖/管内底）,3.9,350.87,589.43,最近的检查井符号，离数字 6.1 m,True,True,3.32,3.32,3.27,0.57,0.57,0.63
设计检查井井盖,山大室外给排水_t3.dwg,图层 DIM_污水，井 Y14,3.800/2.200（井盖/管内底）,3.8,345.18,553.8,最近的检查井符号，离数字 7.2 m,True,True,3.32,3.32,3.28,0.46,0.47,0.53
设计检查井井盖,山大室外给排水_t3.dwg,图层 DIM_污水，井 Y15,3.800/2.110（井盖/管内底）,3.8,318.11,552.8,最近的检查井符号，离数字 7.3 m,True,False,3.28,3.28,3.25,0.51,0.51,0.56
设计检查井井盖,山大室外给排水_t3.dwg,图层 DIM_污水，井 Y20,4.000/3.000（井盖/管内底）,4.0,276.99,563.77,最近的检查井符号，离数字 6.0 m,True,True,3.24,3.25,3.4,0.74,0.74,0.61
设计检查井井盖,山大室外给排水_t3.dwg,图层 DIM_污水，井 W13,3.781/2.960（井盖/管内底）,3.781,285.3,546.62,最近的检查井符号，离数字 5.3 m,True,False,3.25,3.25,3.4,0.51,0.52,0.39
设计检查井井盖,山大室外给排水_t3.dwg,图层 DIM_污水，井 W13,3.800/1.970（井盖/管内底）,3.8,285.3,546.62,最近的检查井符号，离数字 5.7 m,True,False,3.25,3.25,3.4,0.53,0.54,0.41
设计检查井井盖,山大室外给排水_t3.dwg,图层 W-DMWW-DIM-生污，井 Y18,3.800/2.050（井盖/管内底）,3.8,295.28,553.79,最近的检查井符号，离数字 6.1 m,True,False,3.26,3.25,3.4,0.53,0.54,0.41
设计场地标高,山大室外给排水_t3.dwg,图层 A-DIM_ELEV,4.45,4.45,-1167.75,790.02,标高数字的位置（符号尖端在数字下方约1 m内）,False,False,,,,,,
设计场地标高,山大室外给排水_t3.dwg,图层 A-DIM_ELEV,4.45,4.45,-1117.8,780.24,标高数字的位置（符号尖端在数字下方约1 m内）,False,False,,,,,,
设计场地标高,山大室外给排水_t3.dwg,图层 A-DIM_ELEV,4.45,4.45,-1139.46,712.62,标高数字的位置（符号尖端在数字下方约1 m内）,False,False,,,,,,
设计场地标高,山大室外给排水_t3.dwg,图层 A-DIM_ELEV,4.00,4.0,-1098.0,735.16,标高数字的位置（符号尖端在数字下方约1 m内）,False,False,,,,,,
设计场地标高,山大室外给排水_t3.dwg,图层 A-DIM_ELEV,4.00,4.0,-1158.57,689.64,标高数字的位置（符号尖端在数字下方约1 m内）,False,False,,,,,,
设计场地标高,山大室外给排水_t3.dwg,图层 A-DIM_ELEV,4.00,4.0,-1134.91,813.92,标高数字的位置（符号尖端在数字下方约1 m内）,False,False,,,,,,
设计场地标高,山大室外给排水_t3.dwg,图层 A-DIM_ELEV,4.10,4.1,-1162.86,749.89,标高数字的位置（符号尖端在数字下方约1 m内）,False,False,,,,,,
设计场地标高,山大室外给排水_t3.dwg,图层 A-DIM_ELEV,4.10,4.1,-1223.5,761.46,标高数字的位置（符号尖端在数字下方约1 m内）,False,False,,,,,,
设计场地标高,山大室外给排水_t3.dwg,图层 A-DIM_ELEV,4.20,4.2,-1242.9,712.59,标高数字的位置（符号尖端在数字下方约1 m内）,False,False,,,,,,
设计场地标高,山大室外给排水_t3.dwg,图层 A-DIM_ELEV,4.20,4.2,-1235.26,810.56,标高数字的位置（符号尖端在数字下方约1 m内）,False,False,,,,,,
设计场地标高,山大室外给排水_t3.dwg,图层 A-DIM_ELEV,4.10,4.1,-1237.18,789.47,标高数字的位置（符号尖端在数字下方约1 m内）,False,False,,,,,,
设计场地标高,山大室外给排水_t3.dwg,图层 A-DIM_ELEV,4.00,4.0,-1302.02,763.57,标高数字的位置（符号尖端在数字下方约1 m内）,False,False,,,,,,
设计场地标高,山大室外给排水_t3.dwg,图层 A-DIM_ELEV,3.70,3.7,-1383.93,700.66,标高数字的位置（符号尖端在数字下方约1 m内）,False,False,,,,,,
设计场地标高,山大室外给排水_t3.dwg,图层 A-DIM_ELEV,4.00,4.0,-1243.94,696.01,标高数字的位置（符号尖端在数字下方约1 m内）,False,False,,,,,,
设计场地标高,山大室外给排水_t3.dwg,图层 A-DIM_ELEV,3.63,3.63,-1125.05,666.35,标高数字的位置（符号尖端在数字下方约1 m内）,False,False,,,,,,
设计场地标高,山大室外给排水_t3.dwg,图层 A-DIM_ELEV,3.27,3.27,-1241.7,666.52,标高数字的位置（符号尖端在数字下方约1 m内）,False,False,,,,,,
设计室内±0.000,山大室外给排水_t3.dwg,图层 A-DIM_ELEV,4.450（±0.00）,4.45,273.47,657.83,标高数字的位置（符号尖端在数字下方约1 m内）,True,True,3.23,3.23,3.22,1.2,1.2,1.24
设计室内±0.000,山大室外给排水_t3.dwg,图层 A-DIM_ELEV,4.450（±0.00）,4.45,323.41,648.05,标高数字的位置（符号尖端在数字下方约1 m内）,True,True,3.26,3.26,3.41,1.17,1.18,1.05
设计室内±0.000,山大室外给排水_t3.dwg,图层 A-DIM_ELEV,4.450（±0.00）,4.45,273.98,576.04,标高数字的位置（符号尖端在数字下方约1 m内）,True,True,3.24,3.24,3.22,1.19,1.19,1.24
设计场地标高,山大室外给排水_t3.dwg,图层 A-DIM_ELEV,4.00,4.0,341.92,604.29,标高数字的位置（符号尖端在数字下方约1 m内）,True,True,3.31,3.3,3.35,0.68,0.69,0.66
设计场地标高,山大室外给排水_t3.dwg,图层 A-DIM_ELEV,4.00,4.0,284.14,557.45,标高数字的位置（符号尖端在数字下方约1 m内）,True,False,3.25,3.25,3.4,0.74,0.74,0.61
设计场地标高,山大室外给排水_t3.dwg,图层 A-DIM_ELEV,4.00,4.0,279.44,676.14,标高数字的位置（符号尖端在数字下方约1 m内）,True,True,3.23,3.23,3.21,0.75,0.75,0.79
设计场地标高,山大室外给排水_t3.dwg,图层 A-DIM_ELEV,4.10,4.1,279.85,610.84,标高数字的位置（符号尖端在数字下方约1 m内）,True,True,3.24,3.24,3.22,0.85,0.85,0.88
设计场地标高,山大室外给排水_t3.dwg,图层 A-DIM_ELEV,4.10,4.1,219.21,629.27,标高数字的位置（符号尖端在数字下方约1 m内）,True,True,3.21,3.21,3.2,0.88,0.88,0.91
设计场地标高,山大室外给排水_t3.dwg,图层 A-DIM_ELEV,4.20,4.2,199.81,580.4,标高数字的位置（符号尖端在数字下方约1 m内）,True,True,3.21,3.21,3.2,0.97,0.98,1.01
设计场地标高,山大室外给排水_t3.dwg,图层 A-DIM_ELEV,4.20,4.2,207.45,678.37,标高数字的位置（符号尖端在数字下方约1 m内）,True,True,3.2,3.2,3.2,0.98,0.98,1.01
设计场地标高,山大室外给排水_t3.dwg,图层 A-DIM_ELEV,4.10,4.1,205.53,657.28,标高数字的位置（符号尖端在数字下方约1 m内）,True,True,3.2,3.2,3.35,0.88,0.88,0.75
设计场地标高,山大室外给排水_t3.dwg,图层 A-DIM_ELEV,4.00,4.0,140.69,631.38,标高数字的位置（符号尖端在数字下方约1 m内）,True,False,3.19,3.19,3.19,0.8,0.8,0.82
设计场地标高,山大室外给排水_t3.dwg,图层 A-DIM_ELEV,4.00,4.0,198.77,563.83,标高数字的位置（符号尖端在数字下方约1 m内）,True,False,3.22,3.21,3.2,0.77,0.78,0.81
设计场地标高,山大室外给排水_t3.dwg,图层 A-DIM_ELEV,3.63,3.63,317.66,534.16,标高数字的位置（符号尖端在数字下方约1 m内）,True,False,3.28,3.28,3.25,0.33,0.33,0.38
设计场地标高,山大室外给排水_t3.dwg,图层 A-DIM_ELEV,3.27,3.27,201.01,534.33,标高数字的位置（符号尖端在数字下方约1 m内）,True,False,3.24,3.24,3.24,0.02,0.02,0.04
设计场地标高,山大室外给排水_t3.dwg,图层 A-DIM_ELEV,3.90,3.9,246.6,557.44,标高数字的位置（符号尖端在数字下方约1 m内）,True,False,3.23,3.23,3.23,0.66,0.65,0.68
设计场地标高,山大室外给排水_t3.dwg,图层 A-DIM_ELEV,4.00,4.0,280.45,596.52,标高数字的位置（符号尖端在数字下方约1 m内）,True,True,3.24,3.24,3.22,0.74,0.75,0.78
设计场地标高,山大室外给排水_t3.dwg,图层 A-DIM_ELEV,4.10,4.1,309.68,617.09,标高数字的位置（符号尖端在数字下方约1 m内）,True,True,3.26,3.26,3.41,0.83,0.83,0.7
设计场地标高,山大室外给排水_t3.dwg,图层 A-DIM_ELEV,4.00,4.0,263.34,641.06,标高数字的位置（符号尖端在数字下方约1 m内）,True,True,3.23,3.23,3.38,0.76,0.76,0.63
设计场地标高,山大室外给排水_t3.dwg,图层 A-DIM_ELEV,4.00,4.0,330.53,668.84,标高数字的位置（符号尖端在数字下方约1 m内）,True,True,3.26,3.26,3.24,0.72,0.72,0.77
设计场地标高,山大室外给排水_t3.dwg,图层 A-DIM_ELEV,3.70,3.7,282.15,692.32,标高数字的位置（符号尖端在数字下方约1 m内）,True,True,3.23,3.23,3.22,0.46,0.46,0.48
设计场地标高,山大室外给排水_t3.dwg,图层 A-DIM_ELEV,3.80,3.8,347.54,681.42,标高数字的位置（符号尖端在数字下方约1 m内）,True,True,3.26,3.25,3.25,0.53,0.54,0.56
设计场地标高,山大室外给排水_t3.dwg,图层 A-DIM_ELEV,3.90,3.9,363.44,627.07,标高数字的位置（符号尖端在数字下方约1 m内）,True,True,3.32,3.32,3.27,0.56,0.56,0.64
设计场地标高,山大室外给排水_t3.dwg,图层 A-DIM_ELEV,3.80,3.8,356.53,585.89,标高数字的位置（符号尖端在数字下方约1 m内）,True,True,3.33,3.33,3.28,0.46,0.46,0.52
设计场地标高,山大室外给排水_t3.dwg,图层 A-DIM_ELEV,3.80,3.8,265.18,548.8,标高数字的位置（符号尖端在数字下方约1 m内）,True,False,3.24,3.25,3.4,0.55,0.54,0.41
设计场地标高,山大室外给排水_t3.dwg,图层 A-DIM_ELEV,3.80,3.8,320.07,548.82,标高数字的位置（符号尖端在数字下方约1 m内）,True,False,3.28,3.29,3.25,0.5,0.5,0.56
设计场地标高,山大室外给排水_t3.dwg,图层 A-DIM_ELEV,3.16,3.16,255.43,716.04,标高数字的位置（符号尖端在数字下方约1 m内）,True,True,3.21,3.21,3.21,-0.07,-0.07,-0.05
设计场地标高,山大室外给排水_t3.dwg,图层 A-DIM_ELEV,4.00,4.0,314.95,631.43,标高数字的位置（符号尖端在数字下方约1 m内）,True,True,3.26,3.26,3.41,0.73,0.73,0.6
设计场地标高,山大室外给排水_t3.dwg,图层 A-DIM_ELEV,3.90,3.9,244.37,679.38,标高数字的位置（符号尖端在数字下方约1 m内）,True,True,3.22,3.22,3.21,0.67,0.67,0.7
设计场地标高,山大室外给排水_t3.dwg,图层 A-DIM_ELEV,2.500,2.5,265.28,618.8,标高数字的位置（符号尖端在数字下方约1 m内）,True,True,3.23,3.23,3.21,-0.74,-0.74,-0.71
